Seq,Chapter,Source PDF Page,Table Number,Detected Title,Row #,Col_1,Col_2,Col_3,Col_4,Col_5,Col_6,Col_7,Col_8,Col_9,Col_10,Col_11,Col_12,Col_13,Col_14,Col_15,Col_16,Col_17,Col_18,Col_19,Col_20,Col_21,Col_22,Col_23,Col_24,Col_25,Col_26,Col_27,Col_28,Col_29
1,6 Soil Index System,27,,Table6-1:TheSoil Indexsystem,1,Table6-1:TheSoil Indexsystem,,,,,,,,,,,,,,,,,,,,,,,,,,,,
1,6 Soil Index System,27,,Table6-1:TheSoil Indexsystem,2,,Soil Index,Index description,Response tofertilizers,,,,,,,,,,,,,,,,,,,,,,,,,
1,6 Soil Index System,27,,Table6-1:TheSoil Indexsystem,3,,1,Very low,Definite,,,,,,,,,,,,,,,,,,,,,,,,,
1,6 Soil Index System,27,,Table6-1:TheSoil Indexsystem,4,,2,Low,Likely,,,,,,,,,,,,,,,,,,,,,,,,,
1,6 Soil Index System,27,,Table6-1:TheSoil Indexsystem,5,,3,Medium/ Adequate,Unlikely/Tenuous,,,,,,,,,,,,,,,,,,,,,,,,,
1,6 Soil Index System,27,,Table6-1:TheSoil Indexsystem,6,,4,Sufficient/High,None,,,,,,,,,,,,,,,,,,,,,,,,,
2,6 Soil Index System,28,,Table6-2:NIndexfor tillage crops that follow short leys or tillage. This table can also be used for grass establishment.,1,Table6-2:NIndexfor tillage crops that follow short leys or tillage. This table can also be used for grass establishment.,,,,,,,,,,,,,,,,,,,,,,,,,,,,
2,6 Soil Index System,28,,Table6-2:NIndexfor tillage crops that follow short leys or tillage. This table can also be used for grass establishment.,2,,Index 1,Index 2,,Index 3,Index 4,,,,,,,,,,,,,,,,,,,,,,,
2,6 Soil Index System,28,,Table6-2:NIndexfor tillage crops that follow short leys or tillage. This table can also be used for grass establishment.,3,,------------------------------------------------------- Previous crop-------------------------------------------------------,,,,,,,,,,,,,,,,,,,,,,,,,,,
2,6 Soil Index System,28,,Table6-2:NIndexfor tillage crops that follow short leys or tillage. This table can also be used for grass establishment.,4,"Cereals, Maize","Cereals, Maize","Sugar beet, Fodder",,,,,,,,,,,,,,,,,,,,,,,,,,
2,6 Soil Index System,28,,Table6-2:NIndexfor tillage crops that follow short leys or tillage. This table can also be used for grass establishment.,5,,,"beet,Potatoes,",,,,,,,,,,,,,,,,,,,,,,,,,,
2,6 Soil Index System,28,,Table6-2:NIndexfor tillage crops that follow short leys or tillage. This table can also be used for grass establishment.,6,,,"Mangels, Kale,",,,,,,,,,,,,,,,,,,,,,,,,,,
2,6 Soil Index System,28,,Table6-2:NIndexfor tillage crops that follow short leys or tillage. This table can also be used for grass establishment.,7,,,Oil seed rape,,,,,,,,,,,,,,,,,,,,,,,,,,
2,6 Soil Index System,28,,Table6-2:NIndexfor tillage crops that follow short leys or tillage. This table can also be used for grass establishment.,8,,,"Peas, Beans,",,,,,,,,,,,,,,,,,,,,,,,,,,
2,6 Soil Index System,28,,Table6-2:NIndexfor tillage crops that follow short leys or tillage. This table can also be used for grass establishment.,9,,,Leys (1-4 years),Swedes grazed in situ.,,,,,,,,,,,,,,,,,,,,,,,,,
2,6 Soil Index System,28,,Table6-2:NIndexfor tillage crops that follow short leys or tillage. This table can also be used for grass establishment.,10,,,grazed or cut and,,,,,,,,,,,,,,,,,,,,,,,,,,
2,6 Soil Index System,28,,Table6-2:NIndexfor tillage crops that follow short leys or tillage. This table can also be used for grass establishment.,11,,,grazed.,,,,,,,,,,,,,,,,,,,,,,,,,,
2,6 Soil Index System,28,,Table6-2:NIndexfor tillage crops that follow short leys or tillage. This table can also be used for grass establishment.,12,,,Swedes removed.,,,,,,,,,,,,,,,,,,,,,,,,,,
2,6 Soil Index System,28,,Table6-2:NIndexfor tillage crops that follow short leys or tillage. This table can also be used for grass establishment.,13,,Vegetables receiving,Vegetablesreceiving,,,,,,,,,,,,,,,,,,,,,,,,,,
2,6 Soil Index System,28,,Table6-2:NIndexfor tillage crops that follow short leys or tillage. This table can also be used for grass establishment.,14,,less than 200 kg/ha N.,more than 200 kg/ha N.,,,,,,,,,,,,,,,,,,,,,,,,,,
3,6 Soil Index System,28,,Table6-3:NIndexfor pasture establishment or tillage crops that follow long leys (5 years or more) or permanent pasture,1,Table6-3:NIndexfor pasture establishment or tillage crops that follow long leys (5 years or more) or permanent pasture,,,,,,,,,,,,,,,,,,,,,,,,,,,,
3,6 Soil Index System,28,,Table6-3:NIndexfor pasture establishment or tillage crops that follow long leys (5 years or more) or permanent pasture,2,,Index 1,,Index 2,Index 3,,Index 4,,,,,,,,,,,,,,,,,,,,,,
3,6 Soil Index System,28,,Table6-3:NIndexfor pasture establishment or tillage crops that follow long leys (5 years or more) or permanent pasture,3,,------------------------------------------------------- Previous crop-------------------------------------------------------,,,,,,,,,,,,,,,,,,,,,,,,,,,
3,6 Soil Index System,28,,Table6-3:NIndexfor pasture establishment or tillage crops that follow long leys (5 years or more) or permanent pasture,4,Any crop sown as the 5thtillage crop following long leys or permanent pasture. For subsequent tillage crops use Table6-2.,Any crop sown as the,Any crop sown as the 3rdor 4thtillage crop following long leys or permanent pasture. If original long ley or permanent pasture was cut only useIndex1.,,Any crop sown as the,Any crop sown as the 1stor 2ndtillage crop following very good long leys or permanent pasture which was grazed only.,Any crop sown as,,,,,,,,,,,,,,,,,,,,,,
3,6 Soil Index System,28,,Table6-3:NIndexfor pasture establishment or tillage crops that follow long leys (5 years or more) or permanent pasture,5,,5thtillage crop,,,1stor 2ndtillage crop,,the 1stor 2ndtillage,,,,,,,,,,,,,,,,,,,,,,
3,6 Soil Index System,28,,Table6-3:NIndexfor pasture establishment or tillage crops that follow long leys (5 years or more) or permanent pasture,6,,following long leys or,,,following long leys or,,crop following very,,,,,,,,,,,,,,,,,,,,,,
3,6 Soil Index System,28,,Table6-3:NIndexfor pasture establishment or tillage crops that follow long leys (5 years or more) or permanent pasture,7,,permanent pasture.,,,permanent pasture (see,,good long leys or,,,,,,,,,,,,,,,,,,,,,,
3,6 Soil Index System,28,,Table6-3:NIndexfor pasture establishment or tillage crops that follow long leys (5 years or more) or permanent pasture,8,,,,,alsoIndex4).If original,,permanent pasture,,,,,,,,,,,,,,,,,,,,,,
3,6 Soil Index System,28,,Table6-3:NIndexfor pasture establishment or tillage crops that follow long leys (5 years or more) or permanent pasture,9,,,,,long ley or permanent,,which was grazed,,,,,,,,,,,,,,,,,,,,,,
3,6 Soil Index System,28,,Table6-3:NIndexfor pasture establishment or tillage crops that follow long leys (5 years or more) or permanent pasture,10,,For subsequent tillage,,,,,,,,,,,,,,,,,,,,,,,,,,,
3,6 Soil Index System,28,,Table6-3:NIndexfor pasture establishment or tillage crops that follow long leys (5 years or more) or permanent pasture,11,,,,,pasture was cut only,,only.,,,,,,,,,,,,,,,,,,,,,,
3,6 Soil Index System,28,,Table6-3:NIndexfor pasture establishment or tillage crops that follow long leys (5 years or more) or permanent pasture,12,,crops use Table6-2.,,,,,,,,,,,,,,,,,,,,,,,,,,,
3,6 Soil Index System,28,,Table6-3:NIndexfor pasture establishment or tillage crops that follow long leys (5 years or more) or permanent pasture,13,,,,,useIndex2.,,,,,,,,,,,,,,,,,,,,,,,,
4,6 Soil Index System,28,,Any crop sown as the,1,Any crop sown as the,,,,,,,,,,,,,,,,,,,,,,,,,,,,
4,6 Soil Index System,28,,Any crop sown as the,2,3rdor 4thtillage crop,,,,,,,,,,,,,,,,,,,,,,,,,,,,
4,6 Soil Index System,28,,Any crop sown as the,3,following long leys or,,,,,,,,,,,,,,,,,,,,,,,,,,,,
4,6 Soil Index System,28,,Any crop sown as the,4,permanent pasture. If,,,,,,,,,,,,,,,,,,,,,,,,,,,,
4,6 Soil Index System,28,,Any crop sown as the,5,original long ley or,,,,,,,,,,,,,,,,,,,,,,,,,,,,
4,6 Soil Index System,28,,Any crop sown as the,6,permanent pasture was,,,,,,,,,,,,,,,,,,,,,,,,,,,,
4,6 Soil Index System,28,,Any crop sown as the,7,cut only useIndex1.,,,,,,,,,,,,,,,,,,,,,,,,,,,,
5,6 Soil Index System,29,,Table6-4:The PIndexsystem,1,Table6-4:The PIndexsystem,,,,,,,,,,,,,,,,,,,,,,,,,,,,
5,6 Soil Index System,29,,Table6-4:The PIndexsystem,2,Soil PIndex,,Soil Pranges (mg/l),,,,,,,,,,,,,,,,,,,,,,,,,,
5,6 Soil Index System,29,,Table6-4:The PIndexsystem,3,,,Grassland crops,Othercrops,,,,,,,,,,,,,,,,,,,,,,,,,
5,6 Soil Index System,29,,Table6-4:The PIndexsystem,4,,1,0.0-3.0,0.0-3.0,,,,,,,,,,,,,,,,,,,,,,,,,
5,6 Soil Index System,29,,Table6-4:The PIndexsystem,5,,2,3.1-5.0,3.1-6.0,,,,,,,,,,,,,,,,,,,,,,,,,
5,6 Soil Index System,29,,Table6-4:The PIndexsystem,6,,3,5.1-8.0,6.1-10.0,,,,,,,,,,,,,,,,,,,,,,,,,
5,6 Soil Index System,29,,Table6-4:The PIndexsystem,7,,4,Above 8.0,Above 10.0,,,,,,,,,,,,,,,,,,,,,,,,,
6,6 Soil Index System,29,,Table6-5:The KIndexsystem,1,Table6-5:The KIndexsystem,,,,,,,,,,,,,,,,,,,,,,,,,,,,
6,6 Soil Index System,29,,Table6-5:The KIndexsystem,2,Soil KIndex,,Soil Kranges (mg/l),,,,,,,,,,,,,,,,,,,,,,,,,,
6,6 Soil Index System,29,,Table6-5:The KIndexsystem,3,,1,0-50,,,,,,,,,,,,,,,,,,,,,,,,,,
6,6 Soil Index System,29,,Table6-5:The KIndexsystem,4,,2,51-100,,,,,,,,,,,,,,,,,,,,,,,,,,
6,6 Soil Index System,29,,Table6-5:The KIndexsystem,5,,3,101-150,,,,,,,,,,,,,,,,,,,,,,,,,,
6,6 Soil Index System,29,,Table6-5:The KIndexsystem,6,,4,Above 150,,,,,,,,,,,,,,,,,,,,,,,,,,
7,6 Soil Index System,29,,Table6-6:The MgIndexsystem,1,Table6-6:The MgIndexsystem,,,,,,,,,,,,,,,,,,,,,,,,,,,,
7,6 Soil Index System,29,,Table6-6:The MgIndexsystem,2,Soil MgIndex,,Soil Mgranges (mg/l),,,,,,,,,,,,,,,,,,,,,,,,,,
7,6 Soil Index System,29,,Table6-6:The MgIndexsystem,3,,1,0-25,,,,,,,,,,,,,,,,,,,,,,,,,,
7,6 Soil Index System,29,,Table6-6:The MgIndexsystem,4,,2,26-50,,,,,,,,,,,,,,,,,,,,,,,,,,
7,6 Soil Index System,29,,Table6-6:The MgIndexsystem,5,,3,51-100,,,,,,,,,,,,,,,,,,,,,,,,,,
7,6 Soil Index System,29,,Table6-6:The MgIndexsystem,6,,4,Above 100,,,,,,,,,,,,,,,,,,,,,,,,,,
8,6 Soil Index System,30,,Table6-7:The CuIndexsystem,1,Table6-7:The CuIndexsystem,,,,,,,,,,,,,,,,,,,,,,,,,,,,
8,6 Soil Index System,30,,Table6-7:The CuIndexsystem,2,Soil CuIndex,,Soil Curanges (mg/l)1,,,,,,,,,,,,,,,,,,,,,,,,,,
8,6 Soil Index System,30,,Table6-7:The CuIndexsystem,3,,11,< 1.00,,,,,,,,,,,,,,,,,,,,,,,,,,
8,6 Soil Index System,30,,Table6-7:The CuIndexsystem,4,,2,1.01-1.50,,,,,,,,,,,,,,,,,,,,,,,,,,
8,6 Soil Index System,30,,Table6-7:The CuIndexsystem,5,,3,1.51-3.00,,,,,,,,,,,,,,,,,,,,,,,,,,
8,6 Soil Index System,30,,Table6-7:The CuIndexsystem,6,,4,> 3.00,,,,,,,,,,,,,,,,,,,,,,,,,,
8,6 Soil Index System,30,,Table6-7:The CuIndexsystem,7,,1. Extractant for Cu: 0.5MEDTA-pH 7.0.,,,,,,,,,,,,,,,,,,,,,,,,,,,
9,6 Soil Index System,30,,Table6-8:The ZnIndexsystem,1,Table6-8:The ZnIndexsystem,,,,,,,,,,,,,,,,,,,,,,,,,,,,
9,6 Soil Index System,30,,Table6-8:The ZnIndexsystem,2,Soil ZnIndex,,Soil Znranges (mg/l)1,,,,,,,,,,,,,,,,,,,,,,,,,,
9,6 Soil Index System,30,,Table6-8:The ZnIndexsystem,3,,11,< 1.00,,,,,,,,,,,,,,,,,,,,,,,,,,
9,6 Soil Index System,30,,Table6-8:The ZnIndexsystem,4,,2,1.01-1.502,,,,,,,,,,,,,,,,,,,,,,,,,,
9,6 Soil Index System,30,,Table6-8:The ZnIndexsystem,5,,3,1.51-3.00,,,,,,,,,,,,,,,,,,,,,,,,,,
9,6 Soil Index System,30,,Table6-8:The ZnIndexsystem,6,,4,> 3.00,,,,,,,,,,,,,,,,,,,,,,,,,,
9,6 Soil Index System,30,,Table6-8:The ZnIndexsystem,7,,1. Extractant for Zn: 0.5MEDTA-pH 7.0.,,,,,,,,,,,,,,,,,,,,,,,,,,,
9,6 Soil Index System,30,,Table6-8:The ZnIndexsystem,8,,"2. At soil pH greater than 7.0, Zn deficiency may be severe when the soil contains less than",,,,,,,,,,,,,,,,,,,,,,,,,,,
9,6 Soil Index System,30,,Table6-8:The ZnIndexsystem,9,,1.50 mg/l Zn.,,,,,,,,,,,,,,,,,,,,,,,,,,,
10,6 Soil Index System,30,,Table6-9:The ER-MnIndexsystem,1,Table6-9:The ER-MnIndexsystem,,,,,,,,,,,,,,,,,,,,,,,,,,,,
10,6 Soil Index System,30,,Table6-9:The ER-MnIndexsystem,2,Soil ER-MnIndex,,Soil ER-Mnranges (mg/l)1,,,,,,,,,,,,,,,,,,,,,,,,,,
10,6 Soil Index System,30,,Table6-9:The ER-MnIndexsystem,3,,11,< 90.0,,,,,,,,,,,,,,,,,,,,,,,,,,
10,6 Soil Index System,30,,Table6-9:The ER-MnIndexsystem,4,,2,90.1-120,,,,,,,,,,,,,,,,,,,,,,,,,,
10,6 Soil Index System,30,,Table6-9:The ER-MnIndexsystem,5,,3,> 120,,,,,,,,,,,,,,,,,,,,,,,,,,
10,6 Soil Index System,30,,Table6-9:The ER-MnIndexsystem,6,,1. Extractant for ER-Mn: 0.5MEDTA-pH 7.0,,,,,,,,,,,,,,,,,,,,,,,,,,,
11,6 Soil Index System,31,,Table6-10:The CoIndexsystem1,1,Table6-10:The CoIndexsystem1,,,,,,,,,,,,,,,,,,,,,,,,,,,,
11,6 Soil Index System,31,,Table6-10:The CoIndexsystem1,2,Soil CoIndex,,SoilCoranges (mg/kg),,,,,,,,,,,,,,,,,,,,,,,,,,
11,6 Soil Index System,31,,Table6-10:The CoIndexsystem1,3,,1,0-3.0,,,,,,,,,,,,,,,,,,,,,,,,,,
11,6 Soil Index System,31,,Table6-10:The CoIndexsystem1,4,,2,3.1-5.0,,,,,,,,,,,,,,,,,,,,,,,,,,
11,6 Soil Index System,31,,Table6-10:The CoIndexsystem1,5,,3,5.1-10.0,,,,,,,,,,,,,,,,,,,,,,,,,,
11,6 Soil Index System,31,,Table6-10:The CoIndexsystem1,6,,4,Above 10,,,,,,,,,,,,,,,,,,,,,,,,,,
11,6 Soil Index System,31,,Table6-10:The CoIndexsystem1,7,,1. See Table11-2for Co/total Mn treatment options for sheep on grassland,,,,,,,,,,,,,,,,,,,,,,,,,,,
12,6 Soil Index System,31,,Table6-11:The BIndexsystem,1,Table6-11:The BIndexsystem,,,,,,,,,,,,,,,,,,,,,,,,,,,,
12,6 Soil Index System,31,,Table6-11:The BIndexsystem,2,Soil BIndex,,Soil Branges (mg/kg)1,,,,,,,,,,,,,,,,,,,,,,,,,,
12,6 Soil Index System,31,,Table6-11:The BIndexsystem,3,,1,< 0.5,,,,,,,,,,,,,,,,,,,,,,,,,,
12,6 Soil Index System,31,,Table6-11:The BIndexsystem,4,,2,0.5-1.0,,,,,,,,,,,,,,,,,,,,,,,,,,
12,6 Soil Index System,31,,Table6-11:The BIndexsystem,5,,3,1.1-1.5,,,,,,,,,,,,,,,,,,,,,,,,,,
12,6 Soil Index System,31,,Table6-11:The BIndexsystem,6,,4,1.6-2.0,,,,,,,,,,,,,,,,,,,,,,,,,,
12,6 Soil Index System,31,,Table6-11:The BIndexsystem,7,,1. Extractant for B is boiling water,,,,,,,,,,,,,,,,,,,,,,,,,,,
13,7 Peats & 8 Liming,32,,Table7-1: TheIndexsystem for K and Mg in peats,1,Table7-1: TheIndexsystem for K and Mg in peats,,,,,,,,,,,,,,,,,,,,,,,,,,,,
13,7 Peats & 8 Liming,32,,Table7-1: TheIndexsystem for K and Mg in peats,2,,,Mg (mg/l),,,,,,,,,,,,,,,,,,,,,,,,,,
13,7 Peats & 8 Liming,32,,Table7-1: TheIndexsystem for K and Mg in peats,3,SoilIndex,K (mg/l),,,,,,,,,,,,,,,,,,,,,,,,,,,
13,7 Peats & 8 Liming,32,,Table7-1: TheIndexsystem for K and Mg in peats,4,1,0-100,0-50,,,,,,,,,,,,,,,,,,,,,,,,,,
13,7 Peats & 8 Liming,32,,Table7-1: TheIndexsystem for K and Mg in peats,5,2,101-175,51-100,,,,,,,,,,,,,,,,,,,,,,,,,,
13,7 Peats & 8 Liming,32,,Table7-1: TheIndexsystem for K and Mg in peats,6,3,176-250,101-150,,,,,,,,,,,,,,,,,,,,,,,,,,
13,7 Peats & 8 Liming,32,,Table7-1: TheIndexsystem for K and Mg in peats,7,4,> 250,> 150,,,,,,,,,,,,,,,,,,,,,,,,,,
14,7 Peats & 8 Liming,33,,"Table7-2:TheIndexsystem for Cu, Zn andER-Mnin peats",1,"Table7-2:TheIndexsystem for Cu, Zn andER-Mnin peats",,,,,,,,,,,,,,,,,,,,,,,,,,,,
14,7 Peats & 8 Liming,33,,"Table7-2:TheIndexsystem for Cu, Zn andER-Mnin peats",2,SoilIndex,,Cu (mg/l),,Zn (mg/l),,ER-Mn(mg/l),,,,,,,,,,,,,,,,,,,,,,
14,7 Peats & 8 Liming,33,,"Table7-2:TheIndexsystem for Cu, Zn andER-Mnin peats",3,,1,,0-3,,0-2.5,0-60,,,,,,,,,,,,,,,,,,,,,,
14,7 Peats & 8 Liming,33,,"Table7-2:TheIndexsystem for Cu, Zn andER-Mnin peats",4,,2,,3.1-6.5,,2.5-4.0,61-100,,,,,,,,,,,,,,,,,,,,,,
14,7 Peats & 8 Liming,33,,"Table7-2:TheIndexsystem for Cu, Zn andER-Mnin peats",5,,3,,6.6-10,,4.1-5.0,101-150,,,,,,,,,,,,,,,,,,,,,,
14,7 Peats & 8 Liming,33,,"Table7-2:TheIndexsystem for Cu, Zn andER-Mnin peats",6,,4,,> 10,,> 5,> 150,,,,,,,,,,,,,,,,,,,,,,
15,9 Organic Materials,38,,Table8-1:Soilacidity effects on grassland and tillage crops,1,Table8-1:Soilacidity effects on grassland and tillage crops,,,,,,,,,,,,,,,,,,,,,,,,,,,,
15,9 Organic Materials,38,,Table8-1:Soilacidity effects on grassland and tillage crops,2,,"rezilitref K & P ,N fo esu tneiciffe rof egnar mumitpO",,pH,Effect,,,,,,,,,,,,,,,,,,,,,,,,
15,9 Organic Materials,38,,Table8-1:Soilacidity effects on grassland and tillage crops,3,,,,8.0,"Overlimed: low availability ofmicronutrients, especially of Mg, Mn and B",,,,,,,,,,,,,,,,,,,,,,,,
15,9 Organic Materials,38,,Table8-1:Soilacidity effects on grassland and tillage crops,4,,,,7.2,"Top of optimum range for efficient use of N, PandKfertilizer",,,,,,,,,,,,,,,,,,,,,,,,
15,9 Organic Materials,38,,Table8-1:Soilacidity effects on grassland and tillage crops,5,,,,7.0,"Optimum pH for white clover, beet (sugar and fodder), beans, peas, and oil",,,,,,,,,,,,,,,,,,,,,,,,
15,9 Organic Materials,38,,Table8-1:Soilacidity effects on grassland and tillage crops,6,,,,,seed rape.,,,,,,,,,,,,,,,,,,,,,,,,
15,9 Organic Materials,38,,Table8-1:Soilacidity effects on grassland and tillage crops,7,,,,6.5,Optimum pH for cereals.,,,,,,,,,,,,,,,,,,,,,,,,
15,9 Organic Materials,38,,Table8-1:Soilacidity effects on grassland and tillage crops,8,,,,6.3,Optimum pH for grass.,,,,,,,,,,,,,,,,,,,,,,,,
15,9 Organic Materials,38,,Table8-1:Soilacidity effects on grassland and tillage crops,9,,,6.2,,Maximum pH for grass on high Mo soils,,,,,,,,,,,,,,,,,,,,,,,,
15,9 Organic Materials,38,,Table8-1:Soilacidity effects on grassland and tillage crops,10,,,,,"Bottom of optimum range for efficient use of N, PandKfertilizer for most",,,,,,,,,,,,,,,,,,,,,,,,
15,9 Organic Materials,38,,Table8-1:Soilacidity effects on grassland and tillage crops,11,,,,,crops,,,,,,,,,,,,,,,,,,,,,,,,
15,9 Organic Materials,38,,Table8-1:Soilacidity effects on grassland and tillage crops,12,,,,6.0,Optimum pH for potatoes.,,,,,,,,,,,,,,,,,,,,,,,,
15,9 Organic Materials,38,,Table8-1:Soilacidity effects on grassland and tillage crops,13,,,,5.5,Optimum pH for peats.,,,,,,,,,,,,,,,,,,,,,,,,
15,9 Organic Materials,38,,Table8-1:Soilacidity effects on grassland and tillage crops,14,,,,5.0,Very acid. Possibility ofAl and Mn toxicity.,,,,,,,,,,,,,,,,,,,,,,,,
16,9 Organic Materials,40,,"Table9-1: Dry Matter andN, P and K levels incattle slurry samples from Irish farms1,2",1,"Table9-1: Dry Matter andN, P and K levels incattle slurry samples from Irish farms1,2",,,,,,,,,,,,,,,,,,,,,,,,,,,,
16,9 Organic Materials,40,,"Table9-1: Dry Matter andN, P and K levels incattle slurry samples from Irish farms1,2",2,Cattle slurry,,DM %,,N kg/t,,NH -N kg/t 4,,P kg/t,K kg/t,,,,,,,,,,,,,,,,,,,
16,9 Organic Materials,40,,"Table9-1: Dry Matter andN, P and K levels incattle slurry samples from Irish farms1,2",3,,Average values,,6.3,,2.4,,1.4,0.5,,3.5,,,,,,,,,,,,,,,,,,
16,9 Organic Materials,40,,"Table9-1: Dry Matter andN, P and K levels incattle slurry samples from Irish farms1,2",4,,Range in values,,0.4-11.9,,0.2-5.2,,0.2-3.4,0.1-1.1,,0.5 -7.7,,,,,,,,,,,,,,,,,,
16,9 Organic Materials,40,,"Table9-1: Dry Matter andN, P and K levels incattle slurry samples from Irish farms1,2",5,,"1. Surveys of cattle slurry (dairy and beef farms) conducted by Berryet al.,2013.",,,,,,,,,,,,,,,,,,,,,,,,,,,
16,9 Organic Materials,40,,"Table9-1: Dry Matter andN, P and K levels incattle slurry samples from Irish farms1,2",6,,2. 1 tonne slurry = 1000 litres = 1 m3. 1000 gallons = 4.5 tonnes. 1000 gallons/acre = 11,,,,,,,,,,,,,,,,,,,,,,,,,,,
16,9 Organic Materials,40,,"Table9-1: Dry Matter andN, P and K levels incattle slurry samples from Irish farms1,2",7,,tonnes/ha. (See Appendix 1).,,,,,,,,,,,,,,,,,,,,,,,,,,,
17,9 Organic Materials,42,,Table9-2: Nitrogenfertilizer replacement value (NFRV)1incattle slurry according to application timing and method,1,Table9-2: Nitrogenfertilizer replacement value (NFRV)1incattle slurry according to application timing and method,,,,,,,,,,,,,,,,,,,,,,,,,,,,
17,9 Organic Materials,42,,Table9-2: Nitrogenfertilizer replacement value (NFRV)1incattle slurry according to application timing and method,2,Timing,,Method,,NFRV (%)2,,,,,,,,,,,,,,,,,,,,,,,,
17,9 Organic Materials,42,,Table9-2: Nitrogenfertilizer replacement value (NFRV)1incattle slurry according to application timing and method,3,Spring,,,Splashplate,,30,,,,,,,,,,,,,,,,,,,,,,,
17,9 Organic Materials,42,,Table9-2: Nitrogenfertilizer replacement value (NFRV)1incattle slurry according to application timing and method,4,,,,Trailing shoe,,40,,,,,,,,,,,,,,,,,,,,,,,
17,9 Organic Materials,42,,Table9-2: Nitrogenfertilizer replacement value (NFRV)1incattle slurry according to application timing and method,5,Summer,,,Splashplate,,15,,,,,,,,,,,,,,,,,,,,,,,
17,9 Organic Materials,42,,Table9-2: Nitrogenfertilizer replacement value (NFRV)1incattle slurry according to application timing and method,6,,,,Trailing shoe,,25,,,,,,,,,,,,,,,,,,,,,,,
17,9 Organic Materials,42,,Table9-2: Nitrogenfertilizer replacement value (NFRV)1incattle slurry according to application timing and method,7,,1. Nitrogen fertilizer replacement values (NFRV) is the percentage of the total slurry N,,,,,,,,,,,,,,,,,,,,,,,,,,,
17,9 Organic Materials,42,,Table9-2: Nitrogenfertilizer replacement value (NFRV)1incattle slurry according to application timing and method,8,,"available for plant uptake from Laloret al.,2014.",,,,,,,,,,,,,,,,,,,,,,,,,,,
17,9 Organic Materials,42,,Table9-2: Nitrogenfertilizer replacement value (NFRV)1incattle slurry according to application timing and method,9,,"2. Refers to the total NFRV in the year of application, and is the sum of the short term",,,,,,,,,,,,,,,,,,,,,,,,,,,
17,9 Organic Materials,42,,Table9-2: Nitrogenfertilizer replacement value (NFRV)1incattle slurry according to application timing and method,10,,NFRV after slurry application and the residual NFRV over the remainder of the year.,,,,,,,,,,,,,,,,,,,,,,,,,,,
18,9 Organic Materials,44,9-3,"Table 9-3: AverageavailableN, P and K incattle slurryapplied to soils with low P and K Index (1 or 2)ineither spring or summer1,2",1,"Table 9-3: AverageavailableN, P and K incattle slurryapplied to soils with low P and K Index (1 or 2)ineither spring or summer1,2",,,,,,,,,,,,,,,,,,,,,,,,,,,,
18,9 Organic Materials,44,9-3,"Table 9-3: AverageavailableN, P and K incattle slurryapplied to soils with low P and K Index (1 or 2)ineither spring or summer1,2",2,Slurry application timing,,------------Nkg/t2------------,,P kg/t2,,K kg/t2,,,,,,,,,,,,,,,,,,,,,,
18,9 Organic Materials,44,9-3,"Table 9-3: AverageavailableN, P and K incattle slurryapplied to soils with low P and K Index (1 or 2)ineither spring or summer1,2",3,,,Spring,Summer,,,,,,,,,,,,,,,,,,,,,,,,,
18,9 Organic Materials,44,9-3,"Table 9-3: AverageavailableN, P and K incattle slurryapplied to soils with low P and K Index (1 or 2)ineither spring or summer1,2",4,,Splashplate,0.7,0.4,,0.3,,3.2,,,,,,,,,,,,,,,,,,,,,
18,9 Organic Materials,44,9-3,"Table 9-3: AverageavailableN, P and K incattle slurryapplied to soils with low P and K Index (1 or 2)ineither spring or summer1,2",5,,Trailing shoe / hose,1.0,0.6,,0.3,,3.2,,,,,,,,,,,,,,,,,,,,,
18,9 Organic Materials,44,9-3,"Table 9-3: AverageavailableN, P and K incattle slurryapplied to soils with low P and K Index (1 or 2)ineither spring or summer1,2",6,,1. Values based on average cattle slurry nutrient concentrations as shown in table 9-1. Dry,,,,,,,,,,,,,,,,,,,,,,,,,,,
18,9 Organic Materials,44,9-3,"Table 9-3: AverageavailableN, P and K incattle slurryapplied to soils with low P and K Index (1 or 2)ineither spring or summer1,2",7,,matter and nutrient contents of slurrycan vary widely between farms and testing of slurry is,,,,,,,,,,,,,,,,,,,,,,,,,,,
18,9 Organic Materials,44,9-3,"Table 9-3: AverageavailableN, P and K incattle slurryapplied to soils with low P and K Index (1 or 2)ineither spring or summer1,2",8,,advised to determine actual nutrient content (See section 9.10 and Table 9-8).,,,,,,,,,,,,,,,,,,,,,,,,,,,
18,9 Organic Materials,44,9-3,"Table 9-3: AverageavailableN, P and K incattle slurryapplied to soils with low P and K Index (1 or 2)ineither spring or summer1,2",9,,2. 1 tonne slurry = 1000 litres = 1 m3. 1000 gallons = 4.5 tonnes. 1000 gallons/acre = 11,,,,,,,,,,,,,,,,,,,,,,,,,,,
18,9 Organic Materials,44,9-3,"Table 9-3: AverageavailableN, P and K incattle slurryapplied to soils with low P and K Index (1 or 2)ineither spring or summer1,2",10,,tonnes/ha. (See Appendix 1).,,,,,,,,,,,,,,,,,,,,,,,,,,,
19,9 Organic Materials,44,9-4,"Table 9-4: AverageavailableN, P and K incattle slurryapplied to soils withmedium or highP and K Index (3or4) ineither spring or summer1,2,3",1,"Table 9-4: AverageavailableN, P and K incattle slurryapplied to soils withmedium or highP and K Index (3or4) ineither spring or summer1,2,3",,,,,,,,,,,,,,,,,,,,,,,,,,,,
19,9 Organic Materials,44,9-4,"Table 9-4: AverageavailableN, P and K incattle slurryapplied to soils withmedium or highP and K Index (3or4) ineither spring or summer1,2,3",2,Slurry application timing,,-------------N kg/t3------------,,"P kg/t2,3",,K kg/t3,,,,,,,,,,,,,,,,,,,,,,
19,9 Organic Materials,44,9-4,"Table 9-4: AverageavailableN, P and K incattle slurryapplied to soils withmedium or highP and K Index (3or4) ineither spring or summer1,2,3",3,,,Spring,Summer,,,,,,,,,,,,,,,,,,,,,,,,,
19,9 Organic Materials,44,9-4,"Table 9-4: AverageavailableN, P and K incattle slurryapplied to soils withmedium or highP and K Index (3or4) ineither spring or summer1,2,3",4,,Splashplate,0.7,0.4,,0.5,,3.5,,,,,,,,,,,,,,,,,,,,,
19,9 Organic Materials,44,9-4,"Table 9-4: AverageavailableN, P and K incattle slurryapplied to soils withmedium or highP and K Index (3or4) ineither spring or summer1,2,3",5,,Trailing shoe / hose,1.0,0.6,,0.5,,3.5,,,,,,,,,,,,,,,,,,,,,
19,9 Organic Materials,44,9-4,"Table 9-4: AverageavailableN, P and K incattle slurryapplied to soils withmedium or highP and K Index (3or4) ineither spring or summer1,2,3",6,,1. Values based on average cattle slurry nutrient concentrations as shown in table 9-1. Dry,,,,,,,,,,,,,,,,,,,,,,,,,,,
19,9 Organic Materials,44,9-4,"Table 9-4: AverageavailableN, P and K incattle slurryapplied to soils withmedium or highP and K Index (3or4) ineither spring or summer1,2,3",7,,matter and nutrient contents of slurrycan vary widely between farms and testing of slurry is,,,,,,,,,,,,,,,,,,,,,,,,,,,
19,9 Organic Materials,44,9-4,"Table 9-4: AverageavailableN, P and K incattle slurryapplied to soils withmedium or highP and K Index (3or4) ineither spring or summer1,2,3",8,,advised to determine actual nutrient content (See section 9.10 and Table 9-8).,,,,,,,,,,,,,,,,,,,,,,,,,,,
19,9 Organic Materials,44,9-4,"Table 9-4: AverageavailableN, P and K incattle slurryapplied to soils withmedium or highP and K Index (3or4) ineither spring or summer1,2,3",9,,2. No slurry should be applied to P Index 4 soils where other land is available on a farm to,,,,,,,,,,,,,,,,,,,,,,,,,,,
19,9 Organic Materials,44,9-4,"Table 9-4: AverageavailableN, P and K incattle slurryapplied to soils withmedium or highP and K Index (3or4) ineither spring or summer1,2,3",10,,receive slurry and in compliance with the NAP.,,,,,,,,,,,,,,,,,,,,,,,,,,,
19,9 Organic Materials,44,9-4,"Table 9-4: AverageavailableN, P and K incattle slurryapplied to soils withmedium or highP and K Index (3or4) ineither spring or summer1,2,3",11,,3. 1 tonne slurry = 1000 litres = 1 m3. 1000 gallons = 4.5 tonnes. 1000 gallons/acre = 11,,,,,,,,,,,,,,,,,,,,,,,,,,,
19,9 Organic Materials,44,9-4,"Table 9-4: AverageavailableN, P and K incattle slurryapplied to soils withmedium or highP and K Index (3or4) ineither spring or summer1,2,3",12,,tonnes/ha. (See Appendix 1).,,,,,,,,,,,,,,,,,,,,,,,,,,,
20,9 Organic Materials,45,9-5,"Table 9-5: AverageavailableN, P and K in organicfertilizers applied to soils with low P and K Index (1 or 2)",1,"Table 9-5: AverageavailableN, P and K in organicfertilizers applied to soils with low P and K Index (1 or 2)",,,,,,,,,,,,,,,,,,,,,,,,,,,,
20,9 Organic Materials,45,9-5,"Table 9-5: AverageavailableN, P and K in organicfertilizers applied to soils with low P and K Index (1 or 2)",2,Organic Fertilizer Type,,,DM %1,,"N kg/t2,3",,P kg/t2,,K kg/t2,,,,,,,,,,,,,,,,,,,
20,9 Organic Materials,45,9-5,"Table 9-5: AverageavailableN, P and K in organicfertilizers applied to soils with low P and K Index (1 or 2)",3,,Pig slurry,,,3.2,,2.1,,0.4,,2.0,,,,,,,,,,,,,,,,,,
20,9 Organic Materials,45,9-5,"Table 9-5: AverageavailableN, P and K in organicfertilizers applied to soils with low P and K Index (1 or 2)",4,,Sheep slurry,,,,,5.1,,0.8,,4.9,,,,,,,,,,,,,,,,,,
20,9 Organic Materials,45,9-5,"Table 9-5: AverageavailableN, P and K in organicfertilizers applied to soils with low P and K Index (1 or 2)",5,,Dungstead manure (cattle),,,17,,1.1,,0.5,,3.6,,,,,,,,,,,,,,,,,,
20,9 Organic Materials,45,9-5,"Table 9-5: AverageavailableN, P and K in organicfertilizers applied to soils with low P and K Index (1 or 2)",6,,Farmyard manure,,,20,,1.4,,0.6,,5.4,,,,,,,,,,,,,,,,,,
20,9 Organic Materials,45,9-5,"Table 9-5: AverageavailableN, P and K in organicfertilizers applied to soils with low P and K Index (1 or 2)",7,,Poultry:,Slurry (layers),,30,,6.9,,1.5,,5.4,,,,,,,,,,,,,,,,,,
20,9 Organic Materials,45,9-5,"Table 9-5: AverageavailableN, P and K in organicfertilizers applied to soils with low P and K Index (1 or 2)",8,,,Broilers / deep litter,,60,,14,,3.0,,16.0,,,,,,,,,,,,,,,,,,
20,9 Organic Materials,45,9-5,"Table 9-5: AverageavailableN, P and K in organicfertilizers applied to soils with low P and K Index (1 or 2)",9,,,Layers,,55,,11.5,,2.8,,11.0,,,,,,,,,,,,,,,,,,
20,9 Organic Materials,45,9-5,"Table 9-5: AverageavailableN, P and K in organicfertilizers applied to soils with low P and K Index (1 or 2)",10,,,Turkeys,,,,14,,6.9,,11.0,,,,,,,,,,,,,,,,,,
20,9 Organic Materials,45,9-5,"Table 9-5: AverageavailableN, P and K in organicfertilizers applied to soils with low P and K Index (1 or 2)",11,,Spent mushroom compost,,,35,,1.6,,0.8,,6.9,,,,,,,,,,,,,,,,,,
20,9 Organic Materials,45,9-5,"Table 9-5: AverageavailableN, P and K in organicfertilizers applied to soils with low P and K Index (1 or 2)",12,,1. Dry matter and nutrient contents can vary widely between farms and testing of manures is,,,,,,,,,,,,,,,,,,,,,,,,,,,
20,9 Organic Materials,45,9-5,"Table 9-5: AverageavailableN, P and K in organicfertilizers applied to soils with low P and K Index (1 or 2)",13,,advised to determine actual nutrient content.,,,,,,,,,,,,,,,,,,,,,,,,,,,
20,9 Organic Materials,45,9-5,"Table 9-5: AverageavailableN, P and K in organicfertilizers applied to soils with low P and K Index (1 or 2)",14,,2. 1 tonne slurry = 1000 litres = 1 m3. 1000 gallons = 4.5 tonnes. 1000 gallons/acre = 11,,,,,,,,,,,,,,,,,,,,,,,,,,,
20,9 Organic Materials,45,9-5,"Table 9-5: AverageavailableN, P and K in organicfertilizers applied to soils with low P and K Index (1 or 2)",15,,tonnes/ha. (See Appendix 1).,,,,,,,,,,,,,,,,,,,,,,,,,,,
20,9 Organic Materials,45,9-5,"Table 9-5: AverageavailableN, P and K in organicfertilizers applied to soils with low P and K Index (1 or 2)",16,,3. Apply manures in a manner to maximise NFRV at time of application as discussed in,,,,,,,,,,,,,,,,,,,,,,,,,,,
20,9 Organic Materials,45,9-5,"Table 9-5: AverageavailableN, P and K in organicfertilizers applied to soils with low P and K Index (1 or 2)",17,,section 9.4.,,,,,,,,,,,,,,,,,,,,,,,,,,,
21,9 Organic Materials,45,9-6,"Table 9-6: AverageavailableN, P and K in organicfertilizersapplied to soils withmedium to highP and K Index (3or4)",1,"Table 9-6: AverageavailableN, P and K in organicfertilizersapplied to soils withmedium to highP and K Index (3or4)",,,,,,,,,,,,,,,,,,,,,,,,,,,,
21,9 Organic Materials,45,9-6,"Table 9-6: AverageavailableN, P and K in organicfertilizersapplied to soils withmedium to highP and K Index (3or4)",2,Organic Fertilizer Type,,,DM %1,,"N kg/t2,2",,P kg/t2,,K kg/t2,,,,,,,,,,,,,,,,,,,
21,9 Organic Materials,45,9-6,"Table 9-6: AverageavailableN, P and K in organicfertilizersapplied to soils withmedium to highP and K Index (3or4)",3,,Pig slurry,,,3.2,,2.1,,0.8,,2.2,,,,,,,,,,,,,,,,,,
21,9 Organic Materials,45,9-6,"Table 9-6: AverageavailableN, P and K in organicfertilizersapplied to soils withmedium to highP and K Index (3or4)",4,,Sheep slurry,,,,,5.1,,0.8,,5.4,,,,,,,,,,,,,,,,,,
21,9 Organic Materials,45,9-6,"Table 9-6: AverageavailableN, P and K in organicfertilizersapplied to soils withmedium to highP and K Index (3or4)",5,,Dungstead manure (cattle),,,17,,1.1,,0.9,,4.0,,,,,,,,,,,,,,,,,,
21,9 Organic Materials,45,9-6,"Table 9-6: AverageavailableN, P and K in organicfertilizersapplied to soils withmedium to highP and K Index (3or4)",6,,Farmyard manure,,,20,,1.4,,1.2,,6.0,,,,,,,,,,,,,,,,,,
21,9 Organic Materials,45,9-6,"Table 9-6: AverageavailableN, P and K in organicfertilizersapplied to soils withmedium to highP and K Index (3or4)",7,,Poultry:,Slurry (layers),,30,,6.9,,3.0,,6.0,,,,,,,,,,,,,,,,,,
21,9 Organic Materials,45,9-6,"Table 9-6: AverageavailableN, P and K in organicfertilizersapplied to soils withmedium to highP and K Index (3or4)",8,,,Broilers / deep litter,,60,,14,,6.0,,18.0,,,,,,,,,,,,,,,,,,
21,9 Organic Materials,45,9-6,"Table 9-6: AverageavailableN, P and K in organicfertilizersapplied to soils withmedium to highP and K Index (3or4)",9,,,Layers,,55,,11.5,,5.5,,12.0,,,,,,,,,,,,,,,,,,
21,9 Organic Materials,45,9-6,"Table 9-6: AverageavailableN, P and K in organicfertilizersapplied to soils withmedium to highP and K Index (3or4)",10,,,Turkeys,,,,14,,13.8,,12.0,,,,,,,,,,,,,,,,,,
21,9 Organic Materials,45,9-6,"Table 9-6: AverageavailableN, P and K in organicfertilizersapplied to soils withmedium to highP and K Index (3or4)",11,,Spent mushroom compost,,,35,,1.6,,1.5,,7.7,,,,,,,,,,,,,,,,,,
21,9 Organic Materials,45,9-6,"Table 9-6: AverageavailableN, P and K in organicfertilizersapplied to soils withmedium to highP and K Index (3or4)",12,,1. Dry matter and nutrient contents can vary widely between farms and testing of manures is,,,,,,,,,,,,,,,,,,,,,,,,,,,
21,9 Organic Materials,45,9-6,"Table 9-6: AverageavailableN, P and K in organicfertilizersapplied to soils withmedium to highP and K Index (3or4)",13,,advised to determine actual nutrient content.,,,,,,,,,,,,,,,,,,,,,,,,,,,
21,9 Organic Materials,45,9-6,"Table 9-6: AverageavailableN, P and K in organicfertilizersapplied to soils withmedium to highP and K Index (3or4)",14,,2. 1 tonne slurry = 1000 litres = 1 m3. 1000 gallons = 4.5 tonnes. 1000 gallons/acre = 11,,,,,,,,,,,,,,,,,,,,,,,,,,,
21,9 Organic Materials,45,9-6,"Table 9-6: AverageavailableN, P and K in organicfertilizersapplied to soils withmedium to highP and K Index (3or4)",15,,tonnes/ha. (See Appendix 1).,,,,,,,,,,,,,,,,,,,,,,,,,,,
21,9 Organic Materials,45,9-6,"Table 9-6: AverageavailableN, P and K in organicfertilizersapplied to soils withmedium to highP and K Index (3or4)",16,,3. Apply manures in a manner to maximise NFRV at time of application as discussed in,,,,,,,,,,,,,,,,,,,,,,,,,,,
21,9 Organic Materials,45,9-6,"Table 9-6: AverageavailableN, P and K in organicfertilizersapplied to soils withmedium to highP and K Index (3or4)",17,,section 9.4.,,,,,,,,,,,,,,,,,,,,,,,,,,,
22,9 Organic Materials,46,,Table9-7:TotalSulphur and Magnesiumlevels in organic fertilizers,1,Table9-7:TotalSulphur and Magnesiumlevels in organic fertilizers,,,,,,,,,,,,,,,,,,,,,,,,,,,,
22,9 Organic Materials,46,,Table9-7:TotalSulphur and Magnesiumlevels in organic fertilizers,2,Organic Fertilizer Type,,,S kg/t1,,Mg kg/t1,,,,,,,,,,,,,,,,,,,,,,,
22,9 Organic Materials,46,,Table9-7:TotalSulphur and Magnesiumlevels in organic fertilizers,3,,Cattle slurry,,,0.3,0.4,,,,,,,,,,,,,,,,,,,,,,,
22,9 Organic Materials,46,,Table9-7:TotalSulphur and Magnesiumlevels in organic fertilizers,4,,Pig slurry,,,0.4,0.4,,,,,,,,,,,,,,,,,,,,,,,
22,9 Organic Materials,46,,Table9-7:TotalSulphur and Magnesiumlevels in organic fertilizers,5,,Sheep slurry,,,--,--,,,,,,,,,,,,,,,,,,,,,,,
22,9 Organic Materials,46,,Table9-7:TotalSulphur and Magnesiumlevels in organic fertilizers,6,,Dungstead manure (cattle),,,--,--,,,,,,,,,,,,,,,,,,,,,,,
22,9 Organic Materials,46,,Table9-7:TotalSulphur and Magnesiumlevels in organic fertilizers,7,,Farmyard manure,,,0.9,1.1,,,,,,,,,,,,,,,,,,,,,,,
22,9 Organic Materials,46,,Table9-7:TotalSulphur and Magnesiumlevels in organic fertilizers,8,,Poultry:,Slurry (layers 30% DM),,1.4,1.3,,,,,,,,,,,,,,,,,,,,,,,
22,9 Organic Materials,46,,Table9-7:TotalSulphur and Magnesiumlevels in organic fertilizers,9,,,Broilers / deep litter,,3.2,2.6,,,,,,,,,,,,,,,,,,,,,,,
22,9 Organic Materials,46,,Table9-7:TotalSulphur and Magnesiumlevels in organic fertilizers,10,,,Layers (55% DM),,2.5,2.5,,,,,,,,,,,,,,,,,,,,,,,
22,9 Organic Materials,46,,Table9-7:TotalSulphur and Magnesiumlevels in organic fertilizers,11,,,Turkeys,,--,--,,,,,,,,,,,,,,,,,,,,,,,
22,9 Organic Materials,46,,Table9-7:TotalSulphur and Magnesiumlevels in organic fertilizers,12,,Spent mushroom compost(35% DM),,,6.6,2.1,,,,,,,,,,,,,,,,,,,,,,,
22,9 Organic Materials,46,,Table9-7:TotalSulphur and Magnesiumlevels in organic fertilizers,13,,1. 1 tonne slurry = 1000 litres = 1 m3. 1000 gallons = 4.5 tonnes. 1000,,,,,,,,,,,,,,,,,,,,,,,,,,,
22,9 Organic Materials,46,,Table9-7:TotalSulphur and Magnesiumlevels in organic fertilizers,14,,gallons/acre = 11 tonnes/ha. (See Appendix 1).,,,,,,,,,,,,,,,,,,,,,,,,,,,
22,9 Organic Materials,46,,Table9-7:TotalSulphur and Magnesiumlevels in organic fertilizers,15,,"Source: (DEFRA, 2006)",,,,,,,,,,,,,,,,,,,,,,,,,,,
23,9 Organic Materials,48,,"Table9-8:TypicalavailableN,P, andK applied(kg/ha)1, 2, 3, 4depending on cattle slurry dry matter content and application rate4",1,"Table9-8:TypicalavailableN,P, andK applied(kg/ha)1, 2, 3, 4depending on cattle slurry dry matter content and application rate4",,,,,,,,,,,,,,,,,,,,,,,,,,,,
23,9 Organic Materials,48,,"Table9-8:TypicalavailableN,P, andK applied(kg/ha)1, 2, 3, 4depending on cattle slurry dry matter content and application rate4",2,Slurry Application Rate,,4% DM,,,6% DM,,,8% DM,,,10% DM,,,,,,,,,,,,,,,,,
23,9 Organic Materials,48,,"Table9-8:TypicalavailableN,P, andK applied(kg/ha)1, 2, 3, 4depending on cattle slurry dry matter content and application rate4",3,,,Slurry,,,Slurry,,,Slurry,,,Slurry,,,,,,,,,,,,,,,,,
23,9 Organic Materials,48,,"Table9-8:TypicalavailableN,P, andK applied(kg/ha)1, 2, 3, 4depending on cattle slurry dry matter content and application rate4",4,,,--------------------------------------------kg/ha--------------------------------------------,,,,,,,,,,,,,,,,,,,,,,,,,,
23,9 Organic Materials,48,,"Table9-8:TypicalavailableN,P, andK applied(kg/ha)1, 2, 3, 4depending on cattle slurry dry matter content and application rate4",5,,,N2,P3,K3,N2,P3,K3,N2,P3,K3,N2,P3,K3,,,,,,,,,,,,,,,
23,9 Organic Materials,48,,"Table9-8:TypicalavailableN,P, andK applied(kg/ha)1, 2, 3, 4depending on cattle slurry dry matter content and application rate4",6,,11 t/ha,5,4,23,8,5,32,10,7,40,12,8,49,,,,,,,,,,,,,,,
23,9 Organic Materials,48,,"Table9-8:TypicalavailableN,P, andK applied(kg/ha)1, 2, 3, 4depending on cattle slurry dry matter content and application rate4",7,,22 t/ha,11,7,47,15,10,64,20,13,80,24,16,97,,,,,,,,,,,,,,,
23,9 Organic Materials,48,,"Table9-8:TypicalavailableN,P, andK applied(kg/ha)1, 2, 3, 4depending on cattle slurry dry matter content and application rate4",8,,33 t/ha,16,11,70,23,15,95,30,20,121,37,25,146,,,,,,,,,,,,,,,
23,9 Organic Materials,48,,"Table9-8:TypicalavailableN,P, andK applied(kg/ha)1, 2, 3, 4depending on cattle slurry dry matter content and application rate4",9,,44 t/ha,21,15,93,31,21,127,40,27,161,49,33,195,,,,,,,,,,,,,,,
23,9 Organic Materials,48,,"Table9-8:TypicalavailableN,P, andK applied(kg/ha)1, 2, 3, 4depending on cattle slurry dry matter content and application rate4",10,,55 t/ha,27,18,116,38,26,159,50,33,201,61,41,244,,,,,,,,,,,,,,,
23,9 Organic Materials,48,,"Table9-8:TypicalavailableN,P, andK applied(kg/ha)1, 2, 3, 4depending on cattle slurry dry matter content and application rate4",11,,1. Cattle slurry nutrient values are based on Table 9-1from an on-farm survey of cattle,,,,,,,,,,,,,,,,,,,,,,,,,,,
23,9 Organic Materials,48,,"Table9-8:TypicalavailableN,P, andK applied(kg/ha)1, 2, 3, 4depending on cattle slurry dry matter content and application rate4",12,,"slurry on Irish dairy and beef farms (Berry et al., 2013). Note that total nutrient",,,,,,,,,,,,,,,,,,,,,,,,,,,
23,9 Organic Materials,48,,"Table9-8:TypicalavailableN,P, andK applied(kg/ha)1, 2, 3, 4depending on cattle slurry dry matter content and application rate4",13,,content in slurrycan vary between farms.,,,,,,,,,,,,,,,,,,,,,,,,,,,
23,9 Organic Materials,48,,"Table9-8:TypicalavailableN,P, andK applied(kg/ha)1, 2, 3, 4depending on cattle slurry dry matter content and application rate4",14,,2. N availability values are based on spring application using splashplate assuming,,,,,,,,,,,,,,,,,,,,,,,,,,,
23,9 Organic Materials,48,,"Table9-8:TypicalavailableN,P, andK applied(kg/ha)1, 2, 3, 4depending on cattle slurry dry matter content and application rate4",15,,30% NFRVas per table9-2.,,,,,,,,,,,,,,,,,,,,,,,,,,,
23,9 Organic Materials,48,,"Table9-8:TypicalavailableN,P, andK applied(kg/ha)1, 2, 3, 4depending on cattle slurry dry matter content and application rate4",16,,3. P and K are calculated at 100% availability (i.e. fertilizer replacement value) as per,,,,,,,,,,,,,,,,,,,,,,,,,,,
23,9 Organic Materials,48,,"Table9-8:TypicalavailableN,P, andK applied(kg/ha)1, 2, 3, 4depending on cattle slurry dry matter content and application rate4",17,,"soil P Index 3. However, where slurry is applied to low P and K fertility soils (Index 1",,,,,,,,,,,,,,,,,,,,,,,,,,,
23,9 Organic Materials,48,,"Table9-8:TypicalavailableN,P, andK applied(kg/ha)1, 2, 3, 4depending on cattle slurry dry matter content and application rate4",18,,and 2) the P fertilizer replacement value can be assumed to be 50% and K fertilizer,,,,,,,,,,,,,,,,,,,,,,,,,,,
23,9 Organic Materials,48,,"Table9-8:TypicalavailableN,P, andK applied(kg/ha)1, 2, 3, 4depending on cattle slurry dry matter content and application rate4",19,,replacement value can be assumed to be 90% and application rates should be,,,,,,,,,,,,,,,,,,,,,,,,,,,
23,9 Organic Materials,48,,"Table9-8:TypicalavailableN,P, andK applied(kg/ha)1, 2, 3, 4depending on cattle slurry dry matter content and application rate4",20,,adjusted accordingly.,,,,,,,,,,,,,,,,,,,,,,,,,,,
23,9 Organic Materials,48,,"Table9-8:TypicalavailableN,P, andK applied(kg/ha)1, 2, 3, 4depending on cattle slurry dry matter content and application rate4",21,,4. 1 tonne slurry = 1000 litres = 1 m3. 1000 gallons = 4.5 tonnes. 1000 gallons/acre =,,,,,,,,,,,,,,,,,,,,,,,,,,,
23,9 Organic Materials,48,,"Table9-8:TypicalavailableN,P, andK applied(kg/ha)1, 2, 3, 4depending on cattle slurry dry matter content and application rate4",22,,11 tonnes/ha.Kg/ha x 0.8 = units/ac(See Appendix 1).,,,,,,,,,,,,,,,,,,,,,,,,,,,
24,9 Organic Materials,49,,"Table9-9: Total NandPlevels in organic fertilizers as specified underthe NAP regulatons1,2",1,"Table9-9: Total NandPlevels in organic fertilizers as specified underthe NAP regulatons1,2",,,,,,,,,,,,,,,,,,,,,,,,,,,,
24,9 Organic Materials,49,,"Table9-9: Total NandPlevels in organic fertilizers as specified underthe NAP regulatons1,2",2,,Organic Fertilizer Type,,N kg/t3,P kg/t3,,,,,,,,,,,,,,,,,,,,,,,,
24,9 Organic Materials,49,,"Table9-9: Total NandPlevels in organic fertilizers as specified underthe NAP regulatons1,2",3,,Cattle slurry,,5.0,0.8,,,,,,,,,,,,,,,,,,,,,,,,
24,9 Organic Materials,49,,"Table9-9: Total NandPlevels in organic fertilizers as specified underthe NAP regulatons1,2",4,,Pig slurry,,4.2,0.8,,,,,,,,,,,,,,,,,,,,,,,,
24,9 Organic Materials,49,,"Table9-9: Total NandPlevels in organic fertilizers as specified underthe NAP regulatons1,2",5,,Sheep slurry,,10.2,1.5,,,,,,,,,,,,,,,,,,,,,,,,
24,9 Organic Materials,49,,"Table9-9: Total NandPlevels in organic fertilizers as specified underthe NAP regulatons1,2",6,,Dungstead manure (cattle),,3.5,0.9,,,,,,,,,,,,,,,,,,,,,,,,
24,9 Organic Materials,49,,"Table9-9: Total NandPlevels in organic fertilizers as specified underthe NAP regulatons1,2",7,,Farmyard manure,,4.5,1.2,,,,,,,,,,,,,,,,,,,,,,,,
24,9 Organic Materials,49,,"Table9-9: Total NandPlevels in organic fertilizers as specified underthe NAP regulatons1,2",8,,Poultry:,Slurry (layers 30% DM),13.7,2.9,,,,,,,,,,,,,,,,,,,,,,,,
24,9 Organic Materials,49,,"Table9-9: Total NandPlevels in organic fertilizers as specified underthe NAP regulatons1,2",9,,,Broilers / deep litter,11.0,6.0,,,,,,,,,,,,,,,,,,,,,,,,
24,9 Organic Materials,49,,"Table9-9: Total NandPlevels in organic fertilizers as specified underthe NAP regulatons1,2",10,,,Layers (55% DM),23.0,5.5,,,,,,,,,,,,,,,,,,,,,,,,
24,9 Organic Materials,49,,"Table9-9: Total NandPlevels in organic fertilizers as specified underthe NAP regulatons1,2",11,,,Turkeys,28.0,13.8,,,,,,,,,,,,,,,,,,,,,,,,
24,9 Organic Materials,49,,"Table9-9: Total NandPlevels in organic fertilizers as specified underthe NAP regulatons1,2",12,,Spent mushroom compost,,8.0,1.5,,,,,,,,,,,,,,,,,,,,,,,,
24,9 Organic Materials,49,,"Table9-9: Total NandPlevels in organic fertilizers as specified underthe NAP regulatons1,2",13,,1. Values shown for N and P content are those specified in the NAP regulations (SI 605 of,,,,,,,,,,,,,,,,,,,,,,,,,,,
24,9 Organic Materials,49,,"Table9-9: Total NandPlevels in organic fertilizers as specified underthe NAP regulatons1,2",14,,2017).,,,,,,,,,,,,,,,,,,,,,,,,,,,
24,9 Organic Materials,49,,"Table9-9: Total NandPlevels in organic fertilizers as specified underthe NAP regulatons1,2",15,,2. Dry matter and nutrient contents can vary widely between farms.,,,,,,,,,,,,,,,,,,,,,,,,,,,
24,9 Organic Materials,49,,"Table9-9: Total NandPlevels in organic fertilizers as specified underthe NAP regulatons1,2",16,,3. 1 tonne slurry = 1000 litres = 1 m3. 1000 gallons = 4.5 tonnes. 1000 gallons/acre = 11,,,,,,,,,,,,,,,,,,,,,,,,,,,
24,9 Organic Materials,49,,"Table9-9: Total NandPlevels in organic fertilizers as specified underthe NAP regulatons1,2",17,,tonnes/ha. (See Appendix 1).,,,,,,,,,,,,,,,,,,,,,,,,,,,
25,9 Organic Materials,50,9-10-Nutrient,Table 9-10-Nutrient availability in organic fertilizers according tothe NAP regulations,1,Table 9-10-Nutrient availability in organic fertilizers according tothe NAP regulations,,,,,,,,,,,,,,,,,,,,,,,,,,,,
25,9 Organic Materials,50,9-10-Nutrient,Table 9-10-Nutrient availability in organic fertilizers according tothe NAP regulations,2,Organic Fertilizer Type,,,Fertilizer replacement value %1,,,,,,,,,,,,,,,,,,,,,,,,,
25,9 Organic Materials,50,9-10-Nutrient,Table 9-10-Nutrient availability in organic fertilizers according tothe NAP regulations,3,,,,Nitrogen,,Phosphorus,,,,,,,,,,,,,,,,,,,,,,,
25,9 Organic Materials,50,9-10-Nutrient,Table 9-10-Nutrient availability in organic fertilizers according tothe NAP regulations,4,,,,,,Soil test P,,Soil test P,,,,,,,,,,,,,,,,,,,,,
25,9 Organic Materials,50,9-10-Nutrient,Table 9-10-Nutrient availability in organic fertilizers according tothe NAP regulations,5,,,,,,Index 1 & 2,,Index ≥3,,,,,,,,,,,,,,,,,,,,,
25,9 Organic Materials,50,9-10-Nutrient,Table 9-10-Nutrient availability in organic fertilizers according tothe NAP regulations,6,,Pig and poultry manure,,50,,50,,100,,,,,,,,,,,,,,,,,,,,,
25,9 Organic Materials,50,9-10-Nutrient,Table 9-10-Nutrient availability in organic fertilizers according tothe NAP regulations,7,,Farmyard manure,,30,,50,,100,,,,,,,,,,,,,,,,,,,,,
25,9 Organic Materials,50,9-10-Nutrient,Table 9-10-Nutrient availability in organic fertilizers according tothe NAP regulations,8,,Spent mushroom compost,,20,,50,,100,,,,,,,,,,,,,,,,,,,,,
25,9 Organic Materials,50,9-10-Nutrient,Table 9-10-Nutrient availability in organic fertilizers according tothe NAP regulations,9,,Cattle and other livestock manure (including,40,,50,,100,,,,,,,,,,,,,,,,,,,,,,
25,9 Organic Materials,50,9-10-Nutrient,Table 9-10-Nutrient availability in organic fertilizers according tothe NAP regulations,10,,that produced on the holding),,,,,,,,,,,,,,,,,,,,,,,,,,,
25,9 Organic Materials,50,9-10-Nutrient,Table 9-10-Nutrient availability in organic fertilizers according tothe NAP regulations,11,,1. Fertilizer replacement value % refers to the percentage of the total nutrient content,,,,,,,,,,,,,,,,,,,,,,,,,,,
25,9 Organic Materials,50,9-10-Nutrient,Table 9-10-Nutrient availability in organic fertilizers according tothe NAP regulations,12,,that will potentially replace chemical fertilizer application to the crop following,,,,,,,,,,,,,,,,,,,,,,,,,,,
25,9 Organic Materials,50,9-10-Nutrient,Table 9-10-Nutrient availability in organic fertilizers according tothe NAP regulations,13,,application.,,,,,,,,,,,,,,,,,,,,,,,,,,,
26,10 Chemical Fertiliser,51,,"Table9-11:Typicalcharacteristics andtotalnutrient values of differently treated biosolids1,2",1,"Table9-11:Typicalcharacteristics andtotalnutrient values of differently treated biosolids1,2",,,,,,,,,,,,,,,,,,,,,,,,,,,,
26,10 Chemical Fertiliser,51,,"Table9-11:Typicalcharacteristics andtotalnutrient values of differently treated biosolids1,2",2,,Type of biosolids,DM%,pH,N kg/t,NH -N kg/t3 4,P kg/t,K kg/t,,,,,,,,,,,,,,,,,,,,,
26,10 Chemical Fertiliser,51,,"Table9-11:Typicalcharacteristics andtotalnutrient values of differently treated biosolids1,2",3,,Anaerobically digested liquid,4,-,2,1.2,1.2,-,,,,,,,,,,,,,,,,,,,,,
26,10 Chemical Fertiliser,51,,"Table9-11:Typicalcharacteristics andtotalnutrient values of differently treated biosolids1,2",4,,Anaerobically digested solid,24-25,8,7-13,0.8-1,6-14,0.5,,,,,,,,,,,,,,,,,,,,,
26,10 Chemical Fertiliser,51,,"Table9-11:Typicalcharacteristics andtotalnutrient values of differently treated biosolids1,2",5,,Thermally dried,87-94,7,35-45,0.5,15-35,1.8,,,,,,,,,,,,,,,,,,,,,
26,10 Chemical Fertiliser,51,,"Table9-11:Typicalcharacteristics andtotalnutrient values of differently treated biosolids1,2",6,,Lime stabilised,34-60,13,4-6,0.2,1.3-2.4,0.8,,,,,,,,,,,,,,,,,,,,,
26,10 Chemical Fertiliser,51,,"Table9-11:Typicalcharacteristics andtotalnutrient values of differently treated biosolids1,2",7,,Composted4,65,-,10.4,13,6.5,-,,,,,,,,,,,,,,,,,,,,,
26,10 Chemical Fertiliser,51,,"Table9-11:Typicalcharacteristics andtotalnutrient values of differently treated biosolids1,2",8,,"1. Nutrient values shown are a combination of data from Peyton et al., 2016 and the ‘Code",,,,,,,,,,,,,,,,,,,,,,,,,,,
26,10 Chemical Fertiliser,51,,"Table9-11:Typicalcharacteristics andtotalnutrient values of differently treated biosolids1,2",9,,of Good Practice for the use of Biosolids in Agriculture’.,,,,,,,,,,,,,,,,,,,,,,,,,,,
26,10 Chemical Fertiliser,51,,"Table9-11:Typicalcharacteristics andtotalnutrient values of differently treated biosolids1,2",10,,2. Nutrient contents may vary widely between biosolid sources.,,,,,,,,,,,,,,,,,,,,,,,,,,,
26,10 Chemical Fertiliser,51,,"Table9-11:Typicalcharacteristics andtotalnutrient values of differently treated biosolids1,2",11,,3. Immediatelyavailable form of N(ammonium).,,,,,,,,,,,,,,,,,,,,,,,,,,,
26,10 Chemical Fertiliser,51,,"Table9-11:Typicalcharacteristics andtotalnutrient values of differently treated biosolids1,2",12,,4. Woodchips used as a bulking agent.,,,,,,,,,,,,,,,,,,,,,,,,,,,
27,10 Chemical Fertiliser,52,,"Table9-12:Typicaltotalnutrient values ofcompost,1",1,"Table9-12:Typicaltotalnutrient values ofcompost,1",,,,,,,,,,,,,,,,,,,,,,,,,,,,
27,10 Chemical Fertiliser,52,,"Table9-12:Typicaltotalnutrient values ofcompost,1",2,,Type of biosolids,DM%,N kg/t,NH -N kg/t2 4,P kg/t,K kg/t,,,,,,,,,,,,,,,,,,,,,,
27,10 Chemical Fertiliser,52,,"Table9-12:Typicaltotalnutrient values ofcompost,1",3,,Green,60,7.5,<0.2,1.3,4.6,,,,,,,,,,,,,,,,,,,,,,
27,10 Chemical Fertiliser,52,,"Table9-12:Typicaltotalnutrient values ofcompost,1",4,,Green/food,60,11,0.6,1.7,6.6,,,,,,,,,,,,,,,,,,,,,,
27,10 Chemical Fertiliser,52,,"Table9-12:Typicaltotalnutrient values ofcompost,1",5,,1. Source Teagasc and DEFRA 2010. Nutrient contents may vary widely between biosolid,,,,,,,,,,,,,,,,,,,,,,,,,,,
27,10 Chemical Fertiliser,52,,"Table9-12:Typicaltotalnutrient values ofcompost,1",6,,sources.,,,,,,,,,,,,,,,,,,,,,,,,,,,
27,10 Chemical Fertiliser,52,,"Table9-12:Typicaltotalnutrient values ofcompost,1",7,,2. Immediately available form of N(ammonium).,,,,,,,,,,,,,,,,,,,,,,,,,,,
28,11 Mg S Micronutrients,54,,Table10-1: Phosphate fertilizer types,1,Table10-1: Phosphate fertilizer types,,,,,,,,,,,,,,,,,,,,,,,,,,,,
28,11 Mg S Micronutrients,54,,Table10-1: Phosphate fertilizer types,2,,Fast Acting,,Slow Acting,,,,,,,,,,,,,,,,,,,,,,,,,
28,11 Mg S Micronutrients,54,,Table10-1: Phosphate fertilizer types,3,"Super Phosphate, Triple Super Phosphate Mono &Diammonium Phosphate",,"Rock Phosphate, Basic Slag",,,,,,,,,,,,,,,,,,,,,,,,,,
29,11 Mg S Micronutrients,56,,"Table11-1.Mutual interactions ofmajornutrients,micronutrientsand soil characteristics for agricultural crops",1,"Table11-1.Mutual interactions ofmajornutrients,micronutrientsand soil characteristics for agricultural crops",,,,,,,,,,,,,,,,,,,,,,,,,,,,
29,11 Mg S Micronutrients,56,,"Table11-1.Mutual interactions ofmajornutrients,micronutrientsand soil characteristics for agricultural crops",2,,,,,,Cause of Interaction:,,,,,,,,,,,,,,,,,,,,,,Crops affected,
29,11 Mg S Micronutrients,56,,"Table11-1.Mutual interactions ofmajornutrients,micronutrientsand soil characteristics for agricultural crops",3,,,,,,"++ Indicates high levels,--indicates low level",,,,,,,,,,,,,,,,,,,,,,,
29,11 Mg S Micronutrients,56,,"Table11-1.Mutual interactions ofmajornutrients,micronutrientsand soil characteristics for agricultural crops",4,,,,,,Sandy,,++,,++,++,,++,,++,++,,++,,++,,++,,++,--,,++,,
29,11 Mg S Micronutrients,56,,"Table11-1.Mutual interactions ofmajornutrients,micronutrientsand soil characteristics for agricultural crops",5,,,,,,Soils,,OM2,,pH,Al,,Fe,,K,Mn,,Mo,,N,,P,,S,Zn,,Zn,,
29,11 Mg S Micronutrients,56,,"Table11-1.Mutual interactions ofmajornutrients,micronutrientsand soil characteristics for agricultural crops",6,,detceffa tnemelE,B,,,,-,,-,,,,,-,,,,,,,,,,,,,,,"beet,"
29,11 Mg S Micronutrients,56,,"Table11-1.Mutual interactions ofmajornutrients,micronutrientsand soil characteristics for agricultural crops",7,,,,,,,,,,,,,,,,,,,,,,,,,,,,,brassicas
29,11 Mg S Micronutrients,56,,"Table11-1.Mutual interactions ofmajornutrients,micronutrientsand soil characteristics for agricultural crops",8,,,,Co,,,,-,,-,,,,,,-,,,,,,,,,,,,,grass
29,11 Mg S Micronutrients,56,,"Table11-1.Mutual interactions ofmajornutrients,micronutrientsand soil characteristics for agricultural crops",9,,,Cu,,-,,,,,,,-,,,,,-,,-,,,,-,,,-,,,"cereals,"
29,11 Mg S Micronutrients,56,,"Table11-1.Mutual interactions ofmajornutrients,micronutrientsand soil characteristics for agricultural crops",10,,,,,,,,,,,,,,,,,,,,,,,,,,,,,grass
29,11 Mg S Micronutrients,56,,"Table11-1.Mutual interactions ofmajornutrients,micronutrientsand soil characteristics for agricultural crops",11,,,Mg,,-,,,,+,,,,,-,,,,,-,,,,,,,,,,"grass,"
29,11 Mg S Micronutrients,56,,"Table11-1.Mutual interactions ofmajornutrients,micronutrientsand soil characteristics for agricultural crops",12,,,,,,,,,,,,,,,,,,,,,,,,,,,,,"beet,"
29,11 Mg S Micronutrients,56,,"Table11-1.Mutual interactions ofmajornutrients,micronutrientsand soil characteristics for agricultural crops",13,,,,,,,,,,,,,,,,,,,,,,,,,,,,,potatoes
29,11 Mg S Micronutrients,56,,"Table11-1.Mutual interactions ofmajornutrients,micronutrientsand soil characteristics for agricultural crops",14,,,Mn,,-,,-,,-,,,,,,,,,,,,,,,,,,,,"cereals,"
29,11 Mg S Micronutrients,56,,"Table11-1.Mutual interactions ofmajornutrients,micronutrientsand soil characteristics for agricultural crops",15,,,,,,,,,,,,,,,,,,,,,,,,,,,,,"beet,"
29,11 Mg S Micronutrients,56,,"Table11-1.Mutual interactions ofmajornutrients,micronutrientsand soil characteristics for agricultural crops",16,,,,,,,,,,,,,,,,,,,,,,,,,,,,,potatoes
29,11 Mg S Micronutrients,56,,"Table11-1.Mutual interactions ofmajornutrients,micronutrientsand soil characteristics for agricultural crops",17,,,Mo,,,,,,+,,,,,,,,,,,,,,,,,,,,"grass,"
29,11 Mg S Micronutrients,56,,"Table11-1.Mutual interactions ofmajornutrients,micronutrientsand soil characteristics for agricultural crops",18,,,,,,,,,,,,,,,,,,,,,,,,,,,,,legumes
29,11 Mg S Micronutrients,56,,"Table11-1.Mutual interactions ofmajornutrients,micronutrientsand soil characteristics for agricultural crops",19,,,,N,,,,,,,,,,,,,,,,,,,,,-,,,,all crops
29,11 Mg S Micronutrients,56,,"Table11-1.Mutual interactions ofmajornutrients,micronutrientsand soil characteristics for agricultural crops",20,,,,P,,,,,,,-,,-,,,,,,,,,,,,,,,,all crops
29,11 Mg S Micronutrients,56,,"Table11-1.Mutual interactions ofmajornutrients,micronutrientsand soil characteristics for agricultural crops",21,,,S,,-,,,,,,,,,,,,,,-,,,,,,,,,,"grass,"
29,11 Mg S Micronutrients,56,,"Table11-1.Mutual interactions ofmajornutrients,micronutrientsand soil characteristics for agricultural crops",22,,,,,,,,,,,,,,,,,,,,,,,,,,,,,arable
29,11 Mg S Micronutrients,56,,"Table11-1.Mutual interactions ofmajornutrients,micronutrientsand soil characteristics for agricultural crops",23,,,,,,,,,,,,,,,,,,,,,,,,,,,,,crops
29,11 Mg S Micronutrients,56,,"Table11-1.Mutual interactions ofmajornutrients,micronutrientsand soil characteristics for agricultural crops",24,,,,Se,,,,,,,,,,,,,,-,,,,,,-,,,,,grass
29,11 Mg S Micronutrients,56,,"Table11-1.Mutual interactions ofmajornutrients,micronutrientsand soil characteristics for agricultural crops",25,,,Zn,,-,,-,,-,,,,,,,,,,,,-,,,,,,,,"grass,"
29,11 Mg S Micronutrients,56,,"Table11-1.Mutual interactions ofmajornutrients,micronutrientsand soil characteristics for agricultural crops",26,,,,,,,,,,,,,,,,,,,,,,,,,,,,,arable
29,11 Mg S Micronutrients,56,,"Table11-1.Mutual interactions ofmajornutrients,micronutrientsand soil characteristics for agricultural crops",27,,,,,,,,,,,,,,,,,,,,,,,,,,,,,"crops,"
29,11 Mg S Micronutrients,56,,"Table11-1.Mutual interactions ofmajornutrients,micronutrientsand soil characteristics for agricultural crops",28,,,,,,,,,,,,,,,,,,,,,,,,,,,,,maize
29,11 Mg S Micronutrients,56,,"Table11-1.Mutual interactions ofmajornutrients,micronutrientsand soil characteristics for agricultural crops",29,1. A hyphen indicates a negative effect on the element in the second column; a plus symbol indicates an elevating effect 2. OM = soil organic matter content,,,,,,,,,,,,,,,,,,,,,,,,,,,,
30,11 Mg S Micronutrients,58,,Table11-2:Risk assessment and remedial procedures for sheep on grassland based on Co andtotal Mn levels in soil,1,Table11-2:Risk assessment and remedial procedures for sheep on grassland based on Co andtotal Mn levels in soil,,,,,,,,,,,,,,,,,,,,,,,,,,,,
30,11 Mg S Micronutrients,58,,Table11-2:Risk assessment and remedial procedures for sheep on grassland based on Co andtotal Mn levels in soil,2,Soil Co Index,,,Soil Co,,Total Mn(mg/kg),,,,,,,,,,,,,,,,,,,,,,,
30,11 Mg S Micronutrients,58,,Table11-2:Risk assessment and remedial procedures for sheep on grassland based on Co andtotal Mn levels in soil,3,,,,range,,0-600,,,,601-1000,,,,> 1000,,,,,,,,,,,,,,,
30,11 Mg S Micronutrients,58,,Table11-2:Risk assessment and remedial procedures for sheep on grassland based on Co andtotal Mn levels in soil,4,,,,(mg/kg),,Risk,,Remedy,,Risk,,Remedy,,Risk,,Remedy,,,,,,,,,,,,,
30,11 Mg S Micronutrients,58,,Table11-2:Risk assessment and remedial procedures for sheep on grassland based on Co andtotal Mn levels in soil,5,1,,0.0-3.0,,High,,,Soil,-,,-,,-,,-,,,,,,,,,,,,,,
30,11 Mg S Micronutrients,58,,Table11-2:Risk assessment and remedial procedures for sheep on grassland based on Co andtotal Mn levels in soil,6,,,,,,,,Treatment1,,,,,,,,,,,,,,,,,,,,,
30,11 Mg S Micronutrients,58,,Table11-2:Risk assessment and remedial procedures for sheep on grassland based on Co andtotal Mn levels in soil,7,2,,3.1-5.0,,Low,,,Soil,High,,,Animal,-,,-,,,,,,,,,,,,,,
30,11 Mg S Micronutrients,58,,Table11-2:Risk assessment and remedial procedures for sheep on grassland based on Co andtotal Mn levels in soil,8,,,,,,,,Treatment2,,,,Treatment,,,,,,,,,,,,,,,,,
30,11 Mg S Micronutrients,58,,Table11-2:Risk assessment and remedial procedures for sheep on grassland based on Co andtotal Mn levels in soil,9,3,,5.1-10.0,,None,,None,,None,,None,,Low,,,Animal,,,,,,,,,,,,,
30,11 Mg S Micronutrients,58,,Table11-2:Risk assessment and remedial procedures for sheep on grassland based on Co andtotal Mn levels in soil,10,,,,,,,,,,,,,,,,Treatment,,,,,,,,,,,,,
30,11 Mg S Micronutrients,58,,Table11-2:Risk assessment and remedial procedures for sheep on grassland based on Co andtotal Mn levels in soil,11,,4,,> 10.0,,None,,None,,None,,None,,None,,None,,,,,,,,,,,,,
30,11 Mg S Micronutrients,58,,Table11-2:Risk assessment and remedial procedures for sheep on grassland based on Co andtotal Mn levels in soil,12,,1. Apply 3 kg/ha cobalt sulphate (21% Co) to 25% of grassland area every 4 years,,,,,,,,,,,,,,,,,,,,,,,,,,,
30,11 Mg S Micronutrients,58,,Table11-2:Risk assessment and remedial procedures for sheep on grassland based on Co andtotal Mn levels in soil,13,,2. Apply 2 kg/ha cobalt sulphate (21% Co) to 25% of grassland area every 4 years,,,,,,,,,,,,,,,,,,,,,,,,,,,
31,12 Grassland Nitrogen,63,,Table11-3: The effect of soil texture and soil type on the critical soil concentrations of copper in spring barley,1,Table11-3: The effect of soil texture and soil type on the critical soil concentrations of copper in spring barley,,,,,,,,,,,,,,,,,,,,,,,,,,,,
31,12 Grassland Nitrogen,63,,Table11-3: The effect of soil texture and soil type on the critical soil concentrations of copper in spring barley,2,,Criticalcopperconcentrations (mg/l),,,,,,,,,,,,,,,,,,,,,,,,,,,
31,12 Grassland Nitrogen,63,,Table11-3: The effect of soil texture and soil type on the critical soil concentrations of copper in spring barley,3,Textureclass,,,,,,,,,,,,,,,,,,,,,,,,,,,,
31,12 Grassland Nitrogen,63,,Table11-3: The effect of soil texture and soil type on the critical soil concentrations of copper in spring barley,4,,Low,High,,,,,,,,,,,,,,,,,,,,,,,,,,
31,12 Grassland Nitrogen,63,,Table11-3: The effect of soil texture and soil type on the critical soil concentrations of copper in spring barley,5,Peat,<6.0,>50.0,,,,,,,,,,,,,,,,,,,,,,,,,,
31,12 Grassland Nitrogen,63,,Table11-3: The effect of soil texture and soil type on the critical soil concentrations of copper in spring barley,6,Sandyloam,<2.5,>15.0,,,,,,,,,,,,,,,,,,,,,,,,,,
31,12 Grassland Nitrogen,63,,Table11-3: The effect of soil texture and soil type on the critical soil concentrations of copper in spring barley,7,Loam,<1.5,>20.0,,,,,,,,,,,,,,,,,,,,,,,,,,
31,12 Grassland Nitrogen,63,,Table11-3: The effect of soil texture and soil type on the critical soil concentrations of copper in spring barley,8,Clay loam,<1.0,>30.0,,,,,,,,,,,,,,,,,,,,,,,,,,
32,12 Grassland Nitrogen,67,,"Table12-1:Suggestedtiming of available N applications forgrassswards,with lowlevels (<15%)or,no,cloverpresent,grazed bydairy cowsat various stocking rates",1,"Table12-1:Suggestedtiming of available N applications forgrassswards,with lowlevels (<15%)or,no,cloverpresent,grazed bydairy cowsat various stocking rates",,,,,,,,,,,,,,,,,,,,,,,,,,,,
32,12 Grassland Nitrogen,67,,"Table12-1:Suggestedtiming of available N applications forgrassswards,with lowlevels (<15%)or,no,cloverpresent,grazed bydairy cowsat various stocking rates",2,,,,------------------------ N rates1(kg/ha) for approximate application dates ----------------------,,,,,,,,,,,,,,,,,,,,,,,,,
32,12 Grassland Nitrogen,67,,"Table12-1:Suggestedtiming of available N applications forgrassswards,with lowlevels (<15%)or,no,cloverpresent,grazed bydairy cowsat various stocking rates",3,Stocking rate LU/ha2kg/ha N3,Stocking rate,,,"Jan4, 5 / Feb",,March,,April,,May,,June,,July,,Aug,,"Sept4, 5",,Total N,,,,,,,,
32,12 Grassland Nitrogen,67,,"Table12-1:Suggestedtiming of available N applications forgrassswards,with lowlevels (<15%)or,no,cloverpresent,grazed bydairy cowsat various stocking rates",4,,,,,,,,,,,,,,,,,,,,,"Rate1,6",,,,,,,,
32,12 Grassland Nitrogen,67,,"Table12-1:Suggestedtiming of available N applications forgrassswards,with lowlevels (<15%)or,no,cloverpresent,grazed bydairy cowsat various stocking rates",5,,LU/ha2kg/ha N,,,,,,,,,,,,,,,,,,,,,,,,,,,
32,12 Grassland Nitrogen,67,,"Table12-1:Suggestedtiming of available N applications forgrassswards,with lowlevels (<15%)or,no,cloverpresent,grazed bydairy cowsat various stocking rates",6,,,,,,,,,,,,,,,,,,,,,(kg/ha),,,,,,,,
32,12 Grassland Nitrogen,67,,"Table12-1:Suggestedtiming of available N applications forgrassswards,with lowlevels (<15%)or,no,cloverpresent,grazed bydairy cowsat various stocking rates",7,,<1.0,,≤85,,,,,,25,,,,15,,,,,,,40,,,,,,,,
32,12 Grassland Nitrogen,67,,"Table12-1:Suggestedtiming of available N applications forgrassswards,with lowlevels (<15%)or,no,cloverpresent,grazed bydairy cowsat various stocking rates",8,,1.25,,106,,,,15,,28,,15,,15,,,,,,,73,,,,,,,,
32,12 Grassland Nitrogen,67,,"Table12-1:Suggestedtiming of available N applications forgrassswards,with lowlevels (<15%)or,no,cloverpresent,grazed bydairy cowsat various stocking rates",9,,1.5,,128,,,,28,,35,,25,,23,,,,,,,111,,,,,,,,
32,12 Grassland Nitrogen,67,,"Table12-1:Suggestedtiming of available N applications forgrassswards,with lowlevels (<15%)or,no,cloverpresent,grazed bydairy cowsat various stocking rates",10,,1.75,,149,,,,29,,,,26,,26,,,,17,,,142,,,,,,,,
32,12 Grassland Nitrogen,67,,"Table12-1:Suggestedtiming of available N applications forgrassswards,with lowlevels (<15%)or,no,cloverpresent,grazed bydairy cowsat various stocking rates",11,,2.0,,170,,,,34,,53,,42,,42,,,,31,,,202,,,,,,,,
32,12 Grassland Nitrogen,67,,"Table12-1:Suggestedtiming of available N applications forgrassswards,with lowlevels (<15%)or,no,cloverpresent,grazed bydairy cowsat various stocking rates",12,,2.12,,180,,32,,32,,48,,38,,38,,,,28,,,216,,,,,,,,
32,12 Grassland Nitrogen,67,,"Table12-1:Suggestedtiming of available N applications forgrassswards,with lowlevels (<15%)or,no,cloverpresent,grazed bydairy cowsat various stocking rates",13,,2.25,,191,,31,,41,,54,,37,,37,,,,37,,,237,,,,,,,,
32,12 Grassland Nitrogen,67,,"Table12-1:Suggestedtiming of available N applications forgrassswards,with lowlevels (<15%)or,no,cloverpresent,grazed bydairy cowsat various stocking rates",14,,3.35,,200,,30,,53,,53,,37,,37,,37,,,,27,275,,,,,,,,
32,12 Grassland Nitrogen,67,,"Table12-1:Suggestedtiming of available N applications forgrassswards,with lowlevels (<15%)or,no,cloverpresent,grazed bydairy cowsat various stocking rates",15,,2.47,,210,,31,,54,,54,,56,,37,,37,,,,37,306,,,,,,,,
32,12 Grassland Nitrogen,67,,"Table12-1:Suggestedtiming of available N applications forgrassswards,with lowlevels (<15%)or,no,cloverpresent,grazed bydairy cowsat various stocking rates",16,,>2.4,7,≥210,,32,,49,,55,,38,,38,,38,,,,28,2796,,,,,,,,
32,12 Grassland Nitrogen,67,,"Table12-1:Suggestedtiming of available N applications forgrassswards,with lowlevels (<15%)or,no,cloverpresent,grazed bydairy cowsat various stocking rates",17,,1. Rates shown above refer to recommended application of available fertilizer. Chemical fertilizer,,,,,,,,,,,,,,,,,,,,,,,,,,,
32,12 Grassland Nitrogen,67,,"Table12-1:Suggestedtiming of available N applications forgrassswards,with lowlevels (<15%)or,no,cloverpresent,grazed bydairy cowsat various stocking rates",18,,rates should be calculated by deducting the available N contained in organic fertilizer,,,,,,,,,,,,,,,,,,,,,,,,,,,
32,12 Grassland Nitrogen,67,,"Table12-1:Suggestedtiming of available N applications forgrassswards,with lowlevels (<15%)or,no,cloverpresent,grazed bydairy cowsat various stocking rates",19,,applications from the rates shown in the table above.,,,,,,,,,,,,,,,,,,,,,,,,,,,
32,12 Grassland Nitrogen,67,,"Table12-1:Suggestedtiming of available N applications forgrassswards,with lowlevels (<15%)or,no,cloverpresent,grazed bydairy cowsat various stocking rates",20,,2. Livestock unit (LU) per ha refers to a mature dairy cow.,,,,,,,,,,,,,,,,,,,,,,,,,,,
32,12 Grassland Nitrogen,67,,"Table12-1:Suggestedtiming of available N applications forgrassswards,with lowlevels (<15%)or,no,cloverpresent,grazed bydairy cowsat various stocking rates",21,,3. Total annual organic nitrogen (kg) excreted by grazing livestock averaged over the net grassland,,,,,,,,,,,,,,,,,,,,,,,,,,,
32,12 Grassland Nitrogen,67,,"Table12-1:Suggestedtiming of available N applications forgrassswards,with lowlevels (<15%)or,no,cloverpresent,grazed bydairy cowsat various stocking rates",22,,area (grazing and silage area). Stocking rate refers to grassland area only.,,,,,,,,,,,,,,,,,,,,,,,,,,,
32,12 Grassland Nitrogen,67,,"Table12-1:Suggestedtiming of available N applications forgrassswards,with lowlevels (<15%)or,no,cloverpresent,grazed bydairy cowsat various stocking rates",23,,"4. Rates shown above refer to grazed swards only, and are not suitable as a guideline value of the",,,,,,,,,,,,,,,,,,,,,,,,,,,
32,12 Grassland Nitrogen,67,,"Table12-1:Suggestedtiming of available N applications forgrassswards,with lowlevels (<15%)or,no,cloverpresent,grazed bydairy cowsat various stocking rates",24,,N requirement for the entire grassland area. The N requirement for the entire grassland area will,,,,,,,,,,,,,,,,,,,,,,,,,,,
32,12 Grassland Nitrogen,67,,"Table12-1:Suggestedtiming of available N applications forgrassswards,with lowlevels (<15%)or,no,cloverpresent,grazed bydairy cowsat various stocking rates",25,,"depend on the proportions of the area that are grazed, or cut as silage or hay.",,,,,,,,,,,,,,,,,,,,,,,,,,,
32,12 Grassland Nitrogen,67,,"Table12-1:Suggestedtiming of available N applications forgrassswards,with lowlevels (<15%)or,no,cloverpresent,grazed bydairy cowsat various stocking rates",26,,5. Chemical or organic fertilizers cannot be applied during periods when application is prohibited by,,,,,,,,,,,,,,,,,,,,,,,,,,,
32,12 Grassland Nitrogen,67,,"Table12-1:Suggestedtiming of available N applications forgrassswards,with lowlevels (<15%)or,no,cloverpresent,grazed bydairy cowsat various stocking rates",27,,NAP regulations.,,,,,,,,,,,,,,,,,,,,,,,,,,,
32,12 Grassland Nitrogen,67,,"Table12-1:Suggestedtiming of available N applications forgrassswards,with lowlevels (<15%)or,no,cloverpresent,grazed bydairy cowsat various stocking rates",28,,"6. At stocking rates above 210 kg/ha organic N, fertiliser N advice is constrained by the NAP",,,,,,,,,,,,,,,,,,,,,,,,,,,
32,12 Grassland Nitrogen,67,,"Table12-1:Suggestedtiming of available N applications forgrassswards,with lowlevels (<15%)or,no,cloverpresent,grazed bydairy cowsat various stocking rates",29,,regulations.,,,,,,,,,,,,,,,,,,,,,,,,,,,
32,12 Grassland Nitrogen,67,,"Table12-1:Suggestedtiming of available N applications forgrassswards,with lowlevels (<15%)or,no,cloverpresent,grazed bydairy cowsat various stocking rates",30,,7. Total N use on the farm must comply with NAP regulations.,,,,,,,,,,,,,,,,,,,,,,,,,,,
33,12 Grassland Nitrogen,69,,Table12-2:Suggestedtiming of available N applications for swards grazed by suckler calf to weaning production systems (weaned within9monthsof age)at various stocking rates,1,Table12-2:Suggestedtiming of available N applications for swards grazed by suckler calf to weaning production systems (weaned within9monthsof age)at various stocking rates,,,,,,,,,,,,,,,,,,,,,,,,,,,,
33,12 Grassland Nitrogen,69,,Table12-2:Suggestedtiming of available N applications for swards grazed by suckler calf to weaning production systems (weaned within9monthsof age)at various stocking rates,2,,,---------------------- N rates1(kg/ha) for approximate application dates ---------------------,,,,,,,,,,,,,,,,,,,,,,,,,,
33,12 Grassland Nitrogen,69,,Table12-2:Suggestedtiming of available N applications for swards grazed by suckler calf to weaning production systems (weaned within9monthsof age)at various stocking rates,3,Stocking rate LU/ha2kg/ha N3,Stocking rate,,"Jan4,5 / Feb",March,,April,,May,,June,,July,,Aug,,"Sept4,5",,Total N,,,,,,,,,,
33,12 Grassland Nitrogen,69,,Table12-2:Suggestedtiming of available N applications for swards grazed by suckler calf to weaning production systems (weaned within9monthsof age)at various stocking rates,4,,,,,,,,,,,,,,,,,,,"Rate1,6",,,,,,,,,,
33,12 Grassland Nitrogen,69,,Table12-2:Suggestedtiming of available N applications for swards grazed by suckler calf to weaning production systems (weaned within9monthsof age)at various stocking rates,5,,LU/ha2kg/ha N,,,,,,,,,,,,,,,,,,,,,,,,,,,
33,12 Grassland Nitrogen,69,,Table12-2:Suggestedtiming of available N applications for swards grazed by suckler calf to weaning production systems (weaned within9monthsof age)at various stocking rates,6,,,,,,,,,,,,,,,,,,,(kg/ha),,,,,,,,,,
33,12 Grassland Nitrogen,69,,Table12-2:Suggestedtiming of available N applications for swards grazed by suckler calf to weaning production systems (weaned within9monthsof age)at various stocking rates,7,,≤1.0,≤80,,,20,,,,,,15,,,,,,,35,,,,,,,,,,
33,12 Grassland Nitrogen,69,,Table12-2:Suggestedtiming of available N applications for swards grazed by suckler calf to weaning production systems (weaned within9monthsof age)at various stocking rates,8,,1.25,92,,,15,,17,,,,15,,,,,,,47,,,,,,,,,,
33,12 Grassland Nitrogen,69,,Table12-2:Suggestedtiming of available N applications for swards grazed by suckler calf to weaning production systems (weaned within9monthsof age)at various stocking rates,9,,1.5,110,,,20,,23,,,,23,,,,,,,66,,,,,,,,,,
33,12 Grassland Nitrogen,69,,Table12-2:Suggestedtiming of available N applications for swards grazed by suckler calf to weaning production systems (weaned within9monthsof age)at various stocking rates,10,,1.75,129,,,23,,26,,13,,26,,,,17,,,105,,,,,,,,,,
33,12 Grassland Nitrogen,69,,Table12-2:Suggestedtiming of available N applications for swards grazed by suckler calf to weaning production systems (weaned within9monthsof age)at various stocking rates,11,,2.0,148,,,25,,34,,17,,42,,,,31,,,149,,,,,,,,,,
33,12 Grassland Nitrogen,69,,Table12-2:Suggestedtiming of available N applications for swards grazed by suckler calf to weaning production systems (weaned within9monthsof age)at various stocking rates,12,,2.25,166,,,28,,39,,25,,20,,28,,,,25,165,,,,,,,,,,
33,12 Grassland Nitrogen,69,,Table12-2:Suggestedtiming of available N applications for swards grazed by suckler calf to weaning production systems (weaned within9monthsof age)at various stocking rates,13,,2.5,185,,,34,,44,,25,,30,,33,,,,31,197,,,,,,,,,,
33,12 Grassland Nitrogen,69,,Table12-2:Suggestedtiming of available N applications for swards grazed by suckler calf to weaning production systems (weaned within9monthsof age)at various stocking rates,14,,2.75,218,,,37,,48,,29,,37,,33,,,,33,217,,,,,,,,,,
33,12 Grassland Nitrogen,69,,Table12-2:Suggestedtiming of available N applications for swards grazed by suckler calf to weaning production systems (weaned within9monthsof age)at various stocking rates,15,,3.0,238,,,42,,53,,39,,37,,37,,,,37,245,,,,,,,,,,
33,12 Grassland Nitrogen,69,,Table12-2:Suggestedtiming of available N applications for swards grazed by suckler calf to weaning production systems (weaned within9monthsof age)at various stocking rates,16,,1. Rates shown above refer to recommended application of available fertilizer. Chemical fertilizer,,,,,,,,,,,,,,,,,,,,,,,,,,,
33,12 Grassland Nitrogen,69,,Table12-2:Suggestedtiming of available N applications for swards grazed by suckler calf to weaning production systems (weaned within9monthsof age)at various stocking rates,17,,rates should be calculated by deducting the available N contained in organic fertilizer,,,,,,,,,,,,,,,,,,,,,,,,,,,
33,12 Grassland Nitrogen,69,,Table12-2:Suggestedtiming of available N applications for swards grazed by suckler calf to weaning production systems (weaned within9monthsof age)at various stocking rates,18,,applicationsfrom the rates shown in the table above.,,,,,,,,,,,,,,,,,,,,,,,,,,,
33,12 Grassland Nitrogen,69,,Table12-2:Suggestedtiming of available N applications for swards grazed by suckler calf to weaning production systems (weaned within9monthsof age)at various stocking rates,19,,2. Livestock unit (LU) per ha:1suckler cow plus calf weaned within 9months= 1.1 LU/ha,,,,,,,,,,,,,,,,,,,,,,,,,,,
33,12 Grassland Nitrogen,69,,Table12-2:Suggestedtiming of available N applications for swards grazed by suckler calf to weaning production systems (weaned within9monthsof age)at various stocking rates,20,,3. Total annual nitrogen (kg) excreted by grazing livestock averaged over the net grassland area,,,,,,,,,,,,,,,,,,,,,,,,,,,
33,12 Grassland Nitrogen,69,,Table12-2:Suggestedtiming of available N applications for swards grazed by suckler calf to weaning production systems (weaned within9monthsof age)at various stocking rates,21,,(grazing and silage area). Stocking rate refers to grassland area only.,,,,,,,,,,,,,,,,,,,,,,,,,,,
33,12 Grassland Nitrogen,69,,Table12-2:Suggestedtiming of available N applications for swards grazed by suckler calf to weaning production systems (weaned within9monthsof age)at various stocking rates,22,,"4. Rates shown above refer to grazed swards only, and are not suitable as a guideline value of the",,,,,,,,,,,,,,,,,,,,,,,,,,,
33,12 Grassland Nitrogen,69,,Table12-2:Suggestedtiming of available N applications for swards grazed by suckler calf to weaning production systems (weaned within9monthsof age)at various stocking rates,23,,N requirement for the entire grassland area. The N requirement for the entire grassland area will,,,,,,,,,,,,,,,,,,,,,,,,,,,
33,12 Grassland Nitrogen,69,,Table12-2:Suggestedtiming of available N applications for swards grazed by suckler calf to weaning production systems (weaned within9monthsof age)at various stocking rates,24,,"depend on the proportions of the area that are grazed, or cut as silage or hay.",,,,,,,,,,,,,,,,,,,,,,,,,,,
33,12 Grassland Nitrogen,69,,Table12-2:Suggestedtiming of available N applications for swards grazed by suckler calf to weaning production systems (weaned within9monthsof age)at various stocking rates,25,,5. Chemical or organic fertilizers cannot be applied during periods when application is prohibited by,,,,,,,,,,,,,,,,,,,,,,,,,,,
33,12 Grassland Nitrogen,69,,Table12-2:Suggestedtiming of available N applications for swards grazed by suckler calf to weaning production systems (weaned within9monthsof age)at various stocking rates,26,,NAP regulations.,,,,,,,,,,,,,,,,,,,,,,,,,,,
33,12 Grassland Nitrogen,69,,Table12-2:Suggestedtiming of available N applications for swards grazed by suckler calf to weaning production systems (weaned within9monthsof age)at various stocking rates,27,,6. Total N use on the farm must comply with NAP regulations.,,,,,,,,,,,,,,,,,,,,,,,,,,,
34,12 Grassland Nitrogen,70,,Table12-3:Suggestedtiming of available N applications for swards grazed by suckler calf to beef production systems (steers finished at24 monthsof age and heifers finished at 20 months of age)at various stocking rates,1,Table12-3:Suggestedtiming of available N applications for swards grazed by suckler calf to beef production systems (steers finished at24 monthsof age and heifers finished at 20 months of age)at various stocking rates,,,,,,,,,,,,,,,,,,,,,,,,,,,,
34,12 Grassland Nitrogen,70,,Table12-3:Suggestedtiming of available N applications for swards grazed by suckler calf to beef production systems (steers finished at24 monthsof age and heifers finished at 20 months of age)at various stocking rates,2,,,--------------------- N rates1(kg/ha) for approximate application dates -------------------,,,,,,,,,,,,,,,,,,,,,,,,,,
34,12 Grassland Nitrogen,70,,Table12-3:Suggestedtiming of available N applications for swards grazed by suckler calf to beef production systems (steers finished at24 monthsof age and heifers finished at 20 months of age)at various stocking rates,3,Stocking rate LU/ha2kg/ha N3,Stocking rate,,"Jan4,5 / Feb",,March,,April,,May,,June,,July,,Aug,,"Sept4,5",,Total N,,,,,,,,,
34,12 Grassland Nitrogen,70,,Table12-3:Suggestedtiming of available N applications for swards grazed by suckler calf to beef production systems (steers finished at24 monthsof age and heifers finished at 20 months of age)at various stocking rates,4,,,,,,,,,,,,,,,,,,,,"Rate1,6",,,,,,,,,
34,12 Grassland Nitrogen,70,,Table12-3:Suggestedtiming of available N applications for swards grazed by suckler calf to beef production systems (steers finished at24 monthsof age and heifers finished at 20 months of age)at various stocking rates,5,,LU/ha2kg/ha N,,,,,,,,,,,,,,,,,,,,,,,,,,,
34,12 Grassland Nitrogen,70,,Table12-3:Suggestedtiming of available N applications for swards grazed by suckler calf to beef production systems (steers finished at24 monthsof age and heifers finished at 20 months of age)at various stocking rates,6,,,,,,,,,,,,,,,,,,,,(kg/ha),,,,,,,,,
34,12 Grassland Nitrogen,70,,Table12-3:Suggestedtiming of available N applications for swards grazed by suckler calf to beef production systems (steers finished at24 monthsof age and heifers finished at 20 months of age)at various stocking rates,7,,≤1.0,≤80,,,,23,,,,,,,,,,12,,,35,,,,,,,,,
34,12 Grassland Nitrogen,70,,Table12-3:Suggestedtiming of available N applications for swards grazed by suckler calf to beef production systems (steers finished at24 monthsof age and heifers finished at 20 months of age)at various stocking rates,8,,1.25,99,,,,23,,15,,,,,,,,15,,,53,,,,,,,,,
34,12 Grassland Nitrogen,70,,Table12-3:Suggestedtiming of available N applications for swards grazed by suckler calf to beef production systems (steers finished at24 monthsof age and heifers finished at 20 months of age)at various stocking rates,9,,1.5,118,,,,25,,23,,,,10,,,,17,,,75,,,,,,,,,
34,12 Grassland Nitrogen,70,,Table12-3:Suggestedtiming of available N applications for swards grazed by suckler calf to beef production systems (steers finished at24 monthsof age and heifers finished at 20 months of age)at various stocking rates,10,,1.75,138,,,,34,,25,,10,,15,,,,19,,,103,,,,,,,,,
34,12 Grassland Nitrogen,70,,Table12-3:Suggestedtiming of available N applications for swards grazed by suckler calf to beef production systems (steers finished at24 monthsof age and heifers finished at 20 months of age)at various stocking rates,11,,2.0,158,,,,42,,30,,20,,20,,,,20,,,132,,,,,,,,,
34,12 Grassland Nitrogen,70,,Table12-3:Suggestedtiming of available N applications for swards grazed by suckler calf to beef production systems (steers finished at24 monthsof age and heifers finished at 20 months of age)at various stocking rates,12,,2.25,176,,13,,45,,32,,20,,26,,,,26,,,162,,,,,,,,,
34,12 Grassland Nitrogen,70,,Table12-3:Suggestedtiming of available N applications for swards grazed by suckler calf to beef production systems (steers finished at24 monthsof age and heifers finished at 20 months of age)at various stocking rates,13,,2.5,196,,15,,49,,36,,25,,22,,24,,,,22,193,,,,,,,,,
34,12 Grassland Nitrogen,70,,Table12-3:Suggestedtiming of available N applications for swards grazed by suckler calf to beef production systems (steers finished at24 monthsof age and heifers finished at 20 months of age)at various stocking rates,14,,2.75,215,,15,,53,,42,,25,,26,,28,,,,26,215,,,,,,,,,
34,12 Grassland Nitrogen,70,,Table12-3:Suggestedtiming of available N applications for swards grazed by suckler calf to beef production systems (steers finished at24 monthsof age and heifers finished at 20 months of age)at various stocking rates,15,,3.0,235,,20,,57,,46,,30,,28,,32,,,,28,241,,,,,,,,,
34,12 Grassland Nitrogen,70,,Table12-3:Suggestedtiming of available N applications for swards grazed by suckler calf to beef production systems (steers finished at24 monthsof age and heifers finished at 20 months of age)at various stocking rates,16,,1. Rates shown above refer to recommended application of available fertilizer. Chemical fertilizer,,,,,,,,,,,,,,,,,,,,,,,,,,,
34,12 Grassland Nitrogen,70,,Table12-3:Suggestedtiming of available N applications for swards grazed by suckler calf to beef production systems (steers finished at24 monthsof age and heifers finished at 20 months of age)at various stocking rates,17,,rates should be calculated by deducting the available N contained in organic fertilizer,,,,,,,,,,,,,,,,,,,,,,,,,,,
34,12 Grassland Nitrogen,70,,Table12-3:Suggestedtiming of available N applications for swards grazed by suckler calf to beef production systems (steers finished at24 monthsof age and heifers finished at 20 months of age)at various stocking rates,18,,applications from the rates shown in the table above.,,,,,,,,,,,,,,,,,,,,,,,,,,,
34,12 Grassland Nitrogen,70,,Table12-3:Suggestedtiming of available N applications for swards grazed by suckler calf to beef production systems (steers finished at24 monthsof age and heifers finished at 20 months of age)at various stocking rates,19,,2. Livestock unit (LU) per ha: suckler cow = 0.9 LU; calf (0-12 months of age = 0.3 LU; yearling (13-,,,,,,,,,,,,,,,,,,,,,,,,,,,
34,12 Grassland Nitrogen,70,,Table12-3:Suggestedtiming of available N applications for swards grazed by suckler calf to beef production systems (steers finished at24 monthsof age and heifers finished at 20 months of age)at various stocking rates,20,,24 months of age) = 0.7 LU; adult cattle (>24 months of age) = 1.0 LU..,,,,,,,,,,,,,,,,,,,,,,,,,,,
34,12 Grassland Nitrogen,70,,Table12-3:Suggestedtiming of available N applications for swards grazed by suckler calf to beef production systems (steers finished at24 monthsof age and heifers finished at 20 months of age)at various stocking rates,21,,3. Total annual nitrogen (kg) excreted by grazing livestock averaged over the net grassland area,,,,,,,,,,,,,,,,,,,,,,,,,,,
34,12 Grassland Nitrogen,70,,Table12-3:Suggestedtiming of available N applications for swards grazed by suckler calf to beef production systems (steers finished at24 monthsof age and heifers finished at 20 months of age)at various stocking rates,22,,(grazing and silage area). Stocking rate refers to grassland area only.,,,,,,,,,,,,,,,,,,,,,,,,,,,
34,12 Grassland Nitrogen,70,,Table12-3:Suggestedtiming of available N applications for swards grazed by suckler calf to beef production systems (steers finished at24 monthsof age and heifers finished at 20 months of age)at various stocking rates,23,,"4. Rates shown above refer to grazed swards only, and are not suitable as a guideline value of the",,,,,,,,,,,,,,,,,,,,,,,,,,,
34,12 Grassland Nitrogen,70,,Table12-3:Suggestedtiming of available N applications for swards grazed by suckler calf to beef production systems (steers finished at24 monthsof age and heifers finished at 20 months of age)at various stocking rates,24,,N requirement for the entire grassland area. The N requirement for the entire grassland area will,,,,,,,,,,,,,,,,,,,,,,,,,,,
34,12 Grassland Nitrogen,70,,Table12-3:Suggestedtiming of available N applications for swards grazed by suckler calf to beef production systems (steers finished at24 monthsof age and heifers finished at 20 months of age)at various stocking rates,25,,"depend on the proportions of the area that are grazed, or cut as silage or hay.",,,,,,,,,,,,,,,,,,,,,,,,,,,
34,12 Grassland Nitrogen,70,,Table12-3:Suggestedtiming of available N applications for swards grazed by suckler calf to beef production systems (steers finished at24 monthsof age and heifers finished at 20 months of age)at various stocking rates,26,,5. Chemical or organic fertilizers cannot be applied during periods when application is prohibited by,,,,,,,,,,,,,,,,,,,,,,,,,,,
34,12 Grassland Nitrogen,70,,Table12-3:Suggestedtiming of available N applications for swards grazed by suckler calf to beef production systems (steers finished at24 monthsof age and heifers finished at 20 months of age)at various stocking rates,27,,NAP regulations.,,,,,,,,,,,,,,,,,,,,,,,,,,,
34,12 Grassland Nitrogen,70,,Table12-3:Suggestedtiming of available N applications for swards grazed by suckler calf to beef production systems (steers finished at24 monthsof age and heifers finished at 20 months of age)at various stocking rates,28,,6. Total N use on the farm must complywith NAP regulations.,,,,,,,,,,,,,,,,,,,,,,,,,,,
35,12 Grassland Nitrogen,71,,Table12-4:Suggestedtiming of available N applications for swards grazedby calf to beef production systems (finishing steers at24 monthsor age)at various stocking rates,1,Table12-4:Suggestedtiming of available N applications for swards grazedby calf to beef production systems (finishing steers at24 monthsor age)at various stocking rates,,,,,,,,,,,,,,,,,,,,,,,,,,,,
35,12 Grassland Nitrogen,71,,Table12-4:Suggestedtiming of available N applications for swards grazedby calf to beef production systems (finishing steers at24 monthsor age)at various stocking rates,2,,,------------------------- N rates1(kg/ha) for approximate application dates-------------------------,,,,,,,,,,,,,,,,,,,,,,,,,,
35,12 Grassland Nitrogen,71,,Table12-4:Suggestedtiming of available N applications for swards grazedby calf to beef production systems (finishing steers at24 monthsor age)at various stocking rates,3,Stocking rate LU/ha2kg/ha N3,Stocking rate,,"Jan4,5 / Feb",,March,,April,,May,,June,,July,,Aug,,"Sept4,5",,Total N,,,,,,,,,
35,12 Grassland Nitrogen,71,,Table12-4:Suggestedtiming of available N applications for swards grazedby calf to beef production systems (finishing steers at24 monthsor age)at various stocking rates,4,,,,,,,,,,,,,,,,,,,,"Rate1,6",,,,,,,,,
35,12 Grassland Nitrogen,71,,Table12-4:Suggestedtiming of available N applications for swards grazedby calf to beef production systems (finishing steers at24 monthsor age)at various stocking rates,5,,LU/ha2kg/ha N,,,,,,,,,,,,,,,,,,,,,,,,,,,
35,12 Grassland Nitrogen,71,,Table12-4:Suggestedtiming of available N applications for swards grazedby calf to beef production systems (finishing steers at24 monthsor age)at various stocking rates,6,,,,,,,,,,,,,,,,,,,,(kg/ha),,,,,,,,,
35,12 Grassland Nitrogen,71,,Table12-4:Suggestedtiming of available N applications for swards grazedby calf to beef production systems (finishing steers at24 monthsor age)at various stocking rates,7,,≤1.0,≤80,,,,,,12,,,,,,,,12,,,24,,,,,,,,,
35,12 Grassland Nitrogen,71,,Table12-4:Suggestedtiming of available N applications for swards grazedby calf to beef production systems (finishing steers at24 monthsor age)at various stocking rates,8,,1.25,99,,,,15,,15,,,,,,,,15,,,45,,,,,,,,,
35,12 Grassland Nitrogen,71,,Table12-4:Suggestedtiming of available N applications for swards grazedby calf to beef production systems (finishing steers at24 monthsor age)at various stocking rates,9,,1.5,118,,,,15,,20,,,,15,,,,17,,,67,,,,,,,,,
35,12 Grassland Nitrogen,71,,Table12-4:Suggestedtiming of available N applications for swards grazedby calf to beef production systems (finishing steers at24 monthsor age)at various stocking rates,10,,1.75,138,,,,17,,23,,15,,15,,,,20,,,90,,,,,,,,,
35,12 Grassland Nitrogen,71,,Table12-4:Suggestedtiming of available N applications for swards grazedby calf to beef production systems (finishing steers at24 monthsor age)at various stocking rates,11,,2.0,158,,,,20,,25,,20,,23,,,,23,,,111,,,,,,,,,
35,12 Grassland Nitrogen,71,,Table12-4:Suggestedtiming of available N applications for swards grazedby calf to beef production systems (finishing steers at24 monthsor age)at various stocking rates,12,,2.25,176,,13,,20,,25,,22,,28,,,,26,,,134,,,,,,,,,
35,12 Grassland Nitrogen,71,,Table12-4:Suggestedtiming of available N applications for swards grazedby calf to beef production systems (finishing steers at24 monthsor age)at various stocking rates,13,,2.5,196,,15,,25,,30,,25,,15,,26,,,,20,156,,,,,,,,,
35,12 Grassland Nitrogen,71,,Table12-4:Suggestedtiming of available N applications for swards grazedby calf to beef production systems (finishing steers at24 monthsor age)at various stocking rates,14,,2.75,215,,15,,30,,30,,28,,22,,30,,,,23,178,,,,,,,,,
35,12 Grassland Nitrogen,71,,Table12-4:Suggestedtiming of available N applications for swards grazedby calf to beef production systems (finishing steers at24 monthsor age)at various stocking rates,15,,3.0,235,,20,,35,,35,,30,,25,,30,,,,25,200,,,,,,,,,
35,12 Grassland Nitrogen,71,,Table12-4:Suggestedtiming of available N applications for swards grazedby calf to beef production systems (finishing steers at24 monthsor age)at various stocking rates,16,,1. Rates shown above refer to recommended application of available fertilizer. Chemical fertilizer,,,,,,,,,,,,,,,,,,,,,,,,,,,
35,12 Grassland Nitrogen,71,,Table12-4:Suggestedtiming of available N applications for swards grazedby calf to beef production systems (finishing steers at24 monthsor age)at various stocking rates,17,,rates should be calculated by deducting the available N contained in organic fertilizer,,,,,,,,,,,,,,,,,,,,,,,,,,,
35,12 Grassland Nitrogen,71,,Table12-4:Suggestedtiming of available N applications for swards grazedby calf to beef production systems (finishing steers at24 monthsor age)at various stocking rates,18,,applications from the rates shown in the table above.,,,,,,,,,,,,,,,,,,,,,,,,,,,
35,12 Grassland Nitrogen,71,,Table12-4:Suggestedtiming of available N applications for swards grazedby calf to beef production systems (finishing steers at24 monthsor age)at various stocking rates,19,,2. Livestock unit (LU) per ha: calf (0-12 months of age = 0.3 LU; yearling (13-24 months of age) =,,,,,,,,,,,,,,,,,,,,,,,,,,,
35,12 Grassland Nitrogen,71,,Table12-4:Suggestedtiming of available N applications for swards grazedby calf to beef production systems (finishing steers at24 monthsor age)at various stocking rates,20,,0.7 LU.,,,,,,,,,,,,,,,,,,,,,,,,,,,
35,12 Grassland Nitrogen,71,,Table12-4:Suggestedtiming of available N applications for swards grazedby calf to beef production systems (finishing steers at24 monthsor age)at various stocking rates,21,,3. Total annual nitrogen (kg) excreted by grazing livestock averaged over the net grassland area,,,,,,,,,,,,,,,,,,,,,,,,,,,
35,12 Grassland Nitrogen,71,,Table12-4:Suggestedtiming of available N applications for swards grazedby calf to beef production systems (finishing steers at24 monthsor age)at various stocking rates,22,,(grazing and silage area). Stocking rate refers to grassland area only.,,,,,,,,,,,,,,,,,,,,,,,,,,,
35,12 Grassland Nitrogen,71,,Table12-4:Suggestedtiming of available N applications for swards grazedby calf to beef production systems (finishing steers at24 monthsor age)at various stocking rates,23,,"4. Rates shown above refer to grazed swards only, and are not suitable as a guideline value of the",,,,,,,,,,,,,,,,,,,,,,,,,,,
35,12 Grassland Nitrogen,71,,Table12-4:Suggestedtiming of available N applications for swards grazedby calf to beef production systems (finishing steers at24 monthsor age)at various stocking rates,24,,N requirement for the entire grassland area. The N requirement for the entire grassland area will,,,,,,,,,,,,,,,,,,,,,,,,,,,
35,12 Grassland Nitrogen,71,,Table12-4:Suggestedtiming of available N applications for swards grazedby calf to beef production systems (finishing steers at24 monthsor age)at various stocking rates,25,,"depend on the proportions of the area that are grazed, or cut as silage or hay.",,,,,,,,,,,,,,,,,,,,,,,,,,,
35,12 Grassland Nitrogen,71,,Table12-4:Suggestedtiming of available N applications for swards grazedby calf to beef production systems (finishing steers at24 monthsor age)at various stocking rates,26,,5. Chemical or organic fertilizers cannot be applied during periods when application is prohibited by,,,,,,,,,,,,,,,,,,,,,,,,,,,
35,12 Grassland Nitrogen,71,,Table12-4:Suggestedtiming of available N applications for swards grazedby calf to beef production systems (finishing steers at24 monthsor age)at various stocking rates,27,,NAP regulations.,,,,,,,,,,,,,,,,,,,,,,,,,,,
35,12 Grassland Nitrogen,71,,Table12-4:Suggestedtiming of available N applications for swards grazedby calf to beef production systems (finishing steers at24 monthsor age)at various stocking rates,28,,6. Total N use on the farm must comply with NAP regulations.,,,,,,,,,,,,,,,,,,,,,,,,,,,
36,12 Grassland Nitrogen,72,,Table12-5:Suggestedtiming of available N applications for swards grazedby sheep and lamb production systems (mid-March lambing)at various stocking rates with low to and normal clover content,1,Table12-5:Suggestedtiming of available N applications for swards grazedby sheep and lamb production systems (mid-March lambing)at various stocking rates with low to and normal clover content,,,,,,,,,,,,,,,,,,,,,,,,,,,,
36,12 Grassland Nitrogen,72,,Table12-5:Suggestedtiming of available N applications for swards grazedby sheep and lamb production systems (mid-March lambing)at various stocking rates with low to and normal clover content,2,,,----------------------- N rates1(kg/ha) for approximate application dates ------------------------,,,,,,,,,,,,,,,,,,,,,,,,,,
36,12 Grassland Nitrogen,72,,Table12-5:Suggestedtiming of available N applications for swards grazedby sheep and lamb production systems (mid-March lambing)at various stocking rates with low to and normal clover content,3,,Stocking rate,,3,"Jan4,5 / Feb",,March,,April,,May,,June,,July,Aug,,"Sept4,5",Total N,,,,,,,,,,
36,12 Grassland Nitrogen,72,,Table12-5:Suggestedtiming of available N applications for swards grazedby sheep and lamb production systems (mid-March lambing)at various stocking rates with low to and normal clover content,4,,Ewes,,,,,,,,,,,,,,,,,"Rate1,6",,,,,,,,,,
36,12 Grassland Nitrogen,72,,Table12-5:Suggestedtiming of available N applications for swards grazedby sheep and lamb production systems (mid-March lambing)at various stocking rates with low to and normal clover content,5,,/ha2 kg/ha N,,,,,,,,,,,,,,,,,(kg/ha),,,,,,,,,,
36,12 Grassland Nitrogen,72,,Table12-5:Suggestedtiming of available N applications for swards grazedby sheep and lamb production systems (mid-March lambing)at various stocking rates with low to and normal clover content,6,,6,≤80,,,,,13,,13,,,,,,,13,,39,,,,,,,,,,
36,12 Grassland Nitrogen,72,,Table12-5:Suggestedtiming of available N applications for swards grazedby sheep and lamb production systems (mid-March lambing)at various stocking rates with low to and normal clover content,7,,8,99,,,,,23,,19,,,,,,,18,,60,,,,,,,,,,
36,12 Grassland Nitrogen,72,,Table12-5:Suggestedtiming of available N applications for swards grazedby sheep and lamb production systems (mid-March lambing)at various stocking rates with low to and normal clover content,8,,10,118,,,,,25,,20,,15,,,,,21,,81,,,,,,,,,,
36,12 Grassland Nitrogen,72,,Table12-5:Suggestedtiming of available N applications for swards grazedby sheep and lamb production systems (mid-March lambing)at various stocking rates with low to and normal clover content,9,,12,138,,,13,,28,,23,,15,,,,,23,,102,,,,,,,,,,
36,12 Grassland Nitrogen,72,,Table12-5:Suggestedtiming of available N applications for swards grazedby sheep and lamb production systems (mid-March lambing)at various stocking rates with low to and normal clover content,10,,14,158,,,13,,33,,23,,13,,15,,,26,,123,,,,,,,,,,
36,12 Grassland Nitrogen,72,,Table12-5:Suggestedtiming of available N applications for swards grazedby sheep and lamb production systems (mid-March lambing)at various stocking rates with low to and normal clover content,11,,16,176,,,13,,41,,25,,13,,22,,,30,,144,,,,,,,,,,
36,12 Grassland Nitrogen,72,,Table12-5:Suggestedtiming of available N applications for swards grazedby sheep and lamb production systems (mid-March lambing)at various stocking rates with low to and normal clover content,12,,1. Rates shown above refer to recommended application of available fertilizer. Chemical fertilizer,,,,,,,,,,,,,,,,,,,,,,,,,,,
36,12 Grassland Nitrogen,72,,Table12-5:Suggestedtiming of available N applications for swards grazedby sheep and lamb production systems (mid-March lambing)at various stocking rates with low to and normal clover content,13,,rates should be calculated by deducting the available N contained in organic fertilizer,,,,,,,,,,,,,,,,,,,,,,,,,,,
36,12 Grassland Nitrogen,72,,Table12-5:Suggestedtiming of available N applications for swards grazedby sheep and lamb production systems (mid-March lambing)at various stocking rates with low to and normal clover content,14,,applications from the rates shown in the table above.,,,,,,,,,,,,,,,,,,,,,,,,,,,
36,12 Grassland Nitrogen,72,,Table12-5:Suggestedtiming of available N applications for swards grazedby sheep and lamb production systems (mid-March lambing)at various stocking rates with low to and normal clover content,15,,2. Livestock unit (LU) per ha refers to a ewe plus lambs to weaning.,,,,,,,,,,,,,,,,,,,,,,,,,,,
36,12 Grassland Nitrogen,72,,Table12-5:Suggestedtiming of available N applications for swards grazedby sheep and lamb production systems (mid-March lambing)at various stocking rates with low to and normal clover content,16,,3. Total annual nitrogen (kg) excreted by grazing livestock averaged over the net grassland area,,,,,,,,,,,,,,,,,,,,,,,,,,,
36,12 Grassland Nitrogen,72,,Table12-5:Suggestedtiming of available N applications for swards grazedby sheep and lamb production systems (mid-March lambing)at various stocking rates with low to and normal clover content,17,,(grazing and silage area). Stocking rate refers to grassland area only.,,,,,,,,,,,,,,,,,,,,,,,,,,,
36,12 Grassland Nitrogen,72,,Table12-5:Suggestedtiming of available N applications for swards grazedby sheep and lamb production systems (mid-March lambing)at various stocking rates with low to and normal clover content,18,,"4. Rates shown above refer to grazed swards only, and are not suitable as a guideline value of the",,,,,,,,,,,,,,,,,,,,,,,,,,,
36,12 Grassland Nitrogen,72,,Table12-5:Suggestedtiming of available N applications for swards grazedby sheep and lamb production systems (mid-March lambing)at various stocking rates with low to and normal clover content,19,,N requirement for the entire grassland area. The N requirement for the entire grassland area will,,,,,,,,,,,,,,,,,,,,,,,,,,,
36,12 Grassland Nitrogen,72,,Table12-5:Suggestedtiming of available N applications for swards grazedby sheep and lamb production systems (mid-March lambing)at various stocking rates with low to and normal clover content,20,,"depend on the proportions of the area that are grazed, or cut as silage or hay.",,,,,,,,,,,,,,,,,,,,,,,,,,,
36,12 Grassland Nitrogen,72,,Table12-5:Suggestedtiming of available N applications for swards grazedby sheep and lamb production systems (mid-March lambing)at various stocking rates with low to and normal clover content,21,,5. Chemical or organic fertilizers cannot be applied during periods when application is prohibited by,,,,,,,,,,,,,,,,,,,,,,,,,,,
36,12 Grassland Nitrogen,72,,Table12-5:Suggestedtiming of available N applications for swards grazedby sheep and lamb production systems (mid-March lambing)at various stocking rates with low to and normal clover content,22,,NAP regulations.,,,,,,,,,,,,,,,,,,,,,,,,,,,
36,12 Grassland Nitrogen,72,,Table12-5:Suggestedtiming of available N applications for swards grazedby sheep and lamb production systems (mid-March lambing)at various stocking rates with low to and normal clover content,23,,6. Total N use on the farm must comply with NAP regulations.,,,,,,,,,,,,,,,,,,,,,,,,,,,
37,12 Grassland Nitrogen,74,,Table12-6:Suggestedtiming of available N applications forproductivegrass-cloverswards used forgrazingat various stocking rates,1,Table12-6:Suggestedtiming of available N applications forproductivegrass-cloverswards used forgrazingat various stocking rates,,,,,,,,,,,,,,,,,,,,,,,,,,,,
37,12 Grassland Nitrogen,74,,Table12-6:Suggestedtiming of available N applications forproductivegrass-cloverswards used forgrazingat various stocking rates,2,,,------------------------ N rates1(kg/ha) for approximate application dates ----------------------,,,,,,,,,,,,,,,,,,,,,,,,,,
37,12 Grassland Nitrogen,74,,Table12-6:Suggestedtiming of available N applications forproductivegrass-cloverswards used forgrazingat various stocking rates,3,Stocking rate LU/ha2kg/ha N3,Stocking rate,,,"Jan4, 5 / Feb",,March,,April,,May,,June,July,Aug,,"Sept4, 5",Total N,,,,,,,,,,,
37,12 Grassland Nitrogen,74,,Table12-6:Suggestedtiming of available N applications forproductivegrass-cloverswards used forgrazingat various stocking rates,4,,,,,,,,,,,,,,,,,,"Rate1,6",,,,,,,,,,,
37,12 Grassland Nitrogen,74,,Table12-6:Suggestedtiming of available N applications forproductivegrass-cloverswards used forgrazingat various stocking rates,5,,LU/ha2kg/ha N,,,,,,,,,,,,,,,,,,,,,,,,,,,
37,12 Grassland Nitrogen,74,,Table12-6:Suggestedtiming of available N applications forproductivegrass-cloverswards used forgrazingat various stocking rates,6,,,,,,,,,,,,,,,,,,(kg/ha),,,,,,,,,,,
37,12 Grassland Nitrogen,74,,Table12-6:Suggestedtiming of available N applications forproductivegrass-cloverswards used forgrazingat various stocking rates,7,,<1.75,,<149,,,,,,,,,,,,,,0,,,,,,,,,,,
37,12 Grassland Nitrogen,74,,Table12-6:Suggestedtiming of available N applications forproductivegrass-cloverswards used forgrazingat various stocking rates,8,,1.75,149,,,†28,,28,,,,,,,,,,56,,,,,,,,,,,
37,12 Grassland Nitrogen,74,,Table12-6:Suggestedtiming of available N applications forproductivegrass-cloverswards used forgrazingat various stocking rates,9,,2.0,170,,,†28,,28,,28,,,,,,,,84,,,,,,,,,,,
37,12 Grassland Nitrogen,74,,Table12-6:Suggestedtiming of available N applications forproductivegrass-cloverswards used forgrazingat various stocking rates,10,,2.25,191,,,†28,,33,,33,,14,,,,*28,,136,,,,,,,,,,,
37,12 Grassland Nitrogen,74,,Table12-6:Suggestedtiming of available N applications forproductivegrass-cloverswards used forgrazingat various stocking rates,11,,>2.5,≥210,,,†28,,33,,33,,28,,,,*28,,150,,,,,,,,,,,
37,12 Grassland Nitrogen,74,,Table12-6:Suggestedtiming of available N applications forproductivegrass-cloverswards used forgrazingat various stocking rates,12,,1. Rates shown above refer to recommended application of available fertilizer. Chemical fertilizer,,,,,,,,,,,,,,,,,,,,,,,,,,,
37,12 Grassland Nitrogen,74,,Table12-6:Suggestedtiming of available N applications forproductivegrass-cloverswards used forgrazingat various stocking rates,13,,rates should be calculated by deducting the available N contained in organic fertilizer,,,,,,,,,,,,,,,,,,,,,,,,,,,
37,12 Grassland Nitrogen,74,,Table12-6:Suggestedtiming of available N applications forproductivegrass-cloverswards used forgrazingat various stocking rates,14,,applications from the rates shown in the table above.,,,,,,,,,,,,,,,,,,,,,,,,,,,
37,12 Grassland Nitrogen,74,,Table12-6:Suggestedtiming of available N applications forproductivegrass-cloverswards used forgrazingat various stocking rates,15,,Grass-white clover swards must contain an annual average sward clover content of at least 20% to,,,,,,,,,,,,,,,,,,,,,,,,,,,
37,12 Grassland Nitrogen,74,,Table12-6:Suggestedtiming of available N applications forproductivegrass-cloverswards used forgrazingat various stocking rates,16,,be considered productive. This level of white clover is necessary to ensure N fixation to replace,,,,,,,,,,,,,,,,,,,,,,,,,,,
37,12 Grassland Nitrogen,74,,Table12-6:Suggestedtiming of available N applications forproductivegrass-cloverswards used forgrazingat various stocking rates,17,,chemical N fertiliser.Swards should bereseeded orover sownwith white clover seed when,,,,,,,,,,,,,,,,,,,,,,,,,,,
37,12 Grassland Nitrogen,74,,Table12-6:Suggestedtiming of available N applications forproductivegrass-cloverswards used forgrazingat various stocking rates,18,,average sward clover content drops below 20%.,,,,,,,,,,,,,,,,,,,,,,,,,,,
37,12 Grassland Nitrogen,74,,Table12-6:Suggestedtiming of available N applications forproductivegrass-cloverswards used forgrazingat various stocking rates,19,,2.Livestock unit (LU) per ha refers to a mature dairy cow.,,,,,,,,,,,,,,,,,,,,,,,,,,,
37,12 Grassland Nitrogen,74,,Table12-6:Suggestedtiming of available N applications forproductivegrass-cloverswards used forgrazingat various stocking rates,20,,3. Total annual organic nitrogen (kg) excreted by grazing livestock averaged over the net grassland,,,,,,,,,,,,,,,,,,,,,,,,,,,
37,12 Grassland Nitrogen,74,,Table12-6:Suggestedtiming of available N applications forproductivegrass-cloverswards used forgrazingat various stocking rates,21,,area (grazing and silage area). Stocking rate refers to grassland area only.,,,,,,,,,,,,,,,,,,,,,,,,,,,
37,12 Grassland Nitrogen,74,,Table12-6:Suggestedtiming of available N applications forproductivegrass-cloverswards used forgrazingat various stocking rates,22,,"4. Rates shown above refer to grazed swards only, and are not suitable as a guideline value of the",,,,,,,,,,,,,,,,,,,,,,,,,,,
37,12 Grassland Nitrogen,74,,Table12-6:Suggestedtiming of available N applications forproductivegrass-cloverswards used forgrazingat various stocking rates,23,,N requirement for the entire grassland area. The N requirement for the entire grassland area will,,,,,,,,,,,,,,,,,,,,,,,,,,,
37,12 Grassland Nitrogen,74,,Table12-6:Suggestedtiming of available N applications forproductivegrass-cloverswards used forgrazingat various stocking rates,24,,"depend on the proportions of the area that are grazed, or cut as silage or hay.",,,,,,,,,,,,,,,,,,,,,,,,,,,
37,12 Grassland Nitrogen,74,,Table12-6:Suggestedtiming of available N applications forproductivegrass-cloverswards used forgrazingat various stocking rates,25,,5. Chemical or organic fertilizers cannot be applied during periods when application is prohibited by,,,,,,,,,,,,,,,,,,,,,,,,,,,
37,12 Grassland Nitrogen,74,,Table12-6:Suggestedtiming of available N applications forproductivegrass-cloverswards used forgrazingat various stocking rates,26,,NAP regulations.,,,,,,,,,,,,,,,,,,,,,,,,,,,
37,12 Grassland Nitrogen,74,,Table12-6:Suggestedtiming of available N applications forproductivegrass-cloverswards used forgrazingat various stocking rates,27,,"6. At stocking rates above 210 kg/ha organic N, fertiliser N advice is constrained by the NAP",,,,,,,,,,,,,,,,,,,,,,,,,,,
37,12 Grassland Nitrogen,74,,Table12-6:Suggestedtiming of available N applications forproductivegrass-cloverswards used forgrazingat various stocking rates,28,,regulations.,,,,,,,,,,,,,,,,,,,,,,,,,,,
37,12 Grassland Nitrogen,74,,Table12-6:Suggestedtiming of available N applications forproductivegrass-cloverswards used forgrazingat various stocking rates,29,,7. Total N use on the farm must comply with NAP regulations.,,,,,,,,,,,,,,,,,,,,,,,,,,,
37,12 Grassland Nitrogen,74,,Table12-6:Suggestedtiming of available N applications forproductivegrass-cloverswards used forgrazingat various stocking rates,30,,†Applicationof chemical N fertilisermay beunnecessary in paddocks that received slurry in mid-,,,,,,,,,,,,,,,,,,,,,,,,,,,
37,12 Grassland Nitrogen,74,,Table12-6:Suggestedtiming of available N applications forproductivegrass-cloverswards used forgrazingat various stocking rates,31,,January/early February,,,,,,,,,,,,,,,,,,,,,,,,,,,
37,12 Grassland Nitrogen,74,,Table12-6:Suggestedtiming of available N applications forproductivegrass-cloverswards used forgrazingat various stocking rates,32,,*Application might not be necessary in paddocks with above average clover contents and warmer,,,,,,,,,,,,,,,,,,,,,,,,,,,
37,12 Grassland Nitrogen,74,,Table12-6:Suggestedtiming of available N applications forproductivegrass-cloverswards used forgrazingat various stocking rates,33,,weather conditions favourable for clover growth and biological N fixation.,,,,,,,,,,,,,,,,,,,,,,,,,,,
38,12 Grassland Nitrogen,76,,Table12-7: Available Nrates for cut swards.,1,Table12-7: Available Nrates for cut swards.,,,,,,,,,,,,,,,,,,,,,,,,,,,,
38,12 Grassland Nitrogen,76,,Table12-7: Available Nrates for cut swards.,2,,Crop,N application rate (kg/ha)1,,,,,,,,,,,,,,,,,,,,,,,,,,
38,12 Grassland Nitrogen,76,,Table12-7: Available Nrates for cut swards.,3,,Silage:firstcut,"1252,3,4",,,,,,,,,,,,,,,,,,,,,,,,,,
38,12 Grassland Nitrogen,76,,Table12-7: Available Nrates for cut swards.,4,,Silage:second or subsequent cut5,"1002,3,4",,,,,,,,,,,,,,,,,,,,,,,,,,
38,12 Grassland Nitrogen,76,,Table12-7: Available Nrates for cut swards.,5,,Hay6,65-80,,,,,,,,,,,,,,,,,,,,,,,,,,
38,12 Grassland Nitrogen,76,,Table12-7: Available Nrates for cut swards.,6,,1. Rates shown above refer to application of available N. Chemical fertilizer rates should,,,,,,,,,,,,,,,,,,,,,,,,,,,
38,12 Grassland Nitrogen,76,,Table12-7: Available Nrates for cut swards.,7,,be calculated by deducting the available N contained in organic fertilizer applications,,,,,,,,,,,,,,,,,,,,,,,,,,,
38,12 Grassland Nitrogen,76,,Table12-7: Available Nrates for cut swards.,8,,from the rates shown in the table above.,,,,,,,,,,,,,,,,,,,,,,,,,,,
38,12 Grassland Nitrogen,76,,Table12-7: Available Nrates for cut swards.,9,,"2. If N is applied for early grazing, assume that 20% of this remains available for first cut",,,,,,,,,,,,,,,,,,,,,,,,,,,
38,12 Grassland Nitrogen,76,,Table12-7: Available Nrates for cut swards.,10,,silage.,,,,,,,,,,,,,,,,,,,,,,,,,,,
38,12 Grassland Nitrogen,76,,Table12-7: Available Nrates for cut swards.,11,,3. An extra 25 kg/ha may be used where necessary for establishment of a good ryegrass,,,,,,,,,,,,,,,,,,,,,,,,,,,
38,12 Grassland Nitrogen,76,,Table12-7: Available Nrates for cut swards.,12,,"sward if pasture is less than 4 years old, provided that the maximum N allowance",,,,,,,,,,,,,,,,,,,,,,,,,,,
38,12 Grassland Nitrogen,76,,Table12-7: Available Nrates for cut swards.,13,,prescribed inthe NAP regulationsis complied with.,,,,,,,,,,,,,,,,,,,,,,,,,,,
38,12 Grassland Nitrogen,76,,Table12-7: Available Nrates for cut swards.,14,,"4. Where silage fields were grazed rather than cut in the previous year, apply 100 kg/ha for",,,,,,,,,,,,,,,,,,,,,,,,,,,
38,12 Grassland Nitrogen,76,,Table12-7: Available Nrates for cut swards.,15,,"first cut, and 85 kg/ha for second and subsequent cuts.",,,,,,,,,,,,,,,,,,,,,,,,,,,
38,12 Grassland Nitrogen,76,,Table12-7: Available Nrates for cut swards.,16,,5. Where multiple cuts are taken the total N use on the farm must comply with NAP,,,,,,,,,,,,,,,,,,,,,,,,,,,
38,12 Grassland Nitrogen,76,,Table12-7: Available Nrates for cut swards.,17,,regulations.,,,,,,,,,,,,,,,,,,,,,,,,,,,
38,12 Grassland Nitrogen,76,,Table12-7: Available Nrates for cut swards.,18,,6. Less N is advised when there is a high risk of crop loss due to high rainfall.,,,,,,,,,,,,,,,,,,,,,,,,,,,
39,13 Grassland Phosphorus,77,,Table12-8:Nitrogen for pasture establishment without a cover crop1(kg/ha),1,Table12-8:Nitrogen for pasture establishment without a cover crop1(kg/ha),,,,,,,,,,,,,,,,,,,,,,,,,,,,
39,13 Grassland Phosphorus,77,,Table12-8:Nitrogen for pasture establishment without a cover crop1(kg/ha),2,,Tillage soil N Index2,Grass only3,Grass / legume3,,,,,,,,,,,,,,,,,,,,,,,,,
39,13 Grassland Phosphorus,77,,Table12-8:Nitrogen for pasture establishment without a cover crop1(kg/ha),3,,1,75,60,,,,,,,,,,,,,,,,,,,,,,,,,
39,13 Grassland Phosphorus,77,,Table12-8:Nitrogen for pasture establishment without a cover crop1(kg/ha),4,,2,65,50,,,,,,,,,,,,,,,,,,,,,,,,,
39,13 Grassland Phosphorus,77,,Table12-8:Nitrogen for pasture establishment without a cover crop1(kg/ha),5,,3,55,40,,,,,,,,,,,,,,,,,,,,,,,,,
39,13 Grassland Phosphorus,77,,Table12-8:Nitrogen for pasture establishment without a cover crop1(kg/ha),6,,4,55,40,,,,,,,,,,,,,,,,,,,,,,,,,
39,13 Grassland Phosphorus,77,,Table12-8:Nitrogen for pasture establishment without a cover crop1(kg/ha),7,,"1. For undersown crops, reduce the N rates for the cereal by 50 kg/ha to",,,,,,,,,,,,,,,,,,,,,,,,,,,
39,13 Grassland Phosphorus,77,,Table12-8:Nitrogen for pasture establishment without a cover crop1(kg/ha),8,,promote good pasture establishment. Immediately after harvesting the,,,,,,,,,,,,,,,,,,,,,,,,,,,
39,13 Grassland Phosphorus,77,,Table12-8:Nitrogen for pasture establishment without a cover crop1(kg/ha),9,,cereal apply 40 kg/ha of N.,,,,,,,,,,,,,,,,,,,,,,,,,,,
39,13 Grassland Phosphorus,77,,Table12-8:Nitrogen for pasture establishment without a cover crop1(kg/ha),10,,2. SeeTables6-2 and6-3for NIndexsystem.,,,,,,,,,,,,,,,,,,,,,,,,,,,
39,13 Grassland Phosphorus,77,,Table12-8:Nitrogen for pasture establishment without a cover crop1(kg/ha),11,,"3. Establish the crop before the end of August, especially for grass/clover. Apply half the N",,,,,,,,,,,,,,,,,,,,,,,,,,,
39,13 Grassland Phosphorus,77,,Table12-8:Nitrogen for pasture establishment without a cover crop1(kg/ha),12,,at sowing and the remainder shortly after grass emergence if there are signs of N,,,,,,,,,,,,,,,,,,,,,,,,,,,
39,13 Grassland Phosphorus,77,,Table12-8:Nitrogen for pasture establishment without a cover crop1(kg/ha),13,,"deficiency in the sward. For all applications of chemical fertilizers or livestock manure,",,,,,,,,,,,,,,,,,,,,,,,,,,,
39,13 Grassland Phosphorus,77,,Table12-8:Nitrogen for pasture establishment without a cover crop1(kg/ha),14,,the periods during which application is prohibited under the NAP regulations must be,,,,,,,,,,,,,,,,,,,,,,,,,,,
39,13 Grassland Phosphorus,77,,Table12-8:Nitrogen for pasture establishment without a cover crop1(kg/ha),15,,observed.,,,,,,,,,,,,,,,,,,,,,,,,,,,
40,13 Grassland Phosphorus,78,,"Table12-9: Annual maximum fertilization rates of availableN for grassland on holdings on which grazing livestockare kept, as specified in the NAP regulations",1,"Table12-9: Annual maximum fertilization rates of availableN for grassland on holdings on which grazing livestockare kept, as specified in the NAP regulations",,,,,,,,,,,,,,,,,,,,,,,,,,,,
40,13 Grassland Phosphorus,78,,"Table12-9: Annual maximum fertilization rates of availableN for grassland on holdings on which grazing livestockare kept, as specified in the NAP regulations",2,,Grassland stocking rate1,Available nitrogen2,,,,,,,,,,,,,,,,,,,,,,,,,,
40,13 Grassland Phosphorus,78,,"Table12-9: Annual maximum fertilization rates of availableN for grassland on holdings on which grazing livestockare kept, as specified in the NAP regulations",3,,(kg/ha/year),(kg/ha),,,,,,,,,,,,,,,,,,,,,,,,,,
40,13 Grassland Phosphorus,78,,"Table12-9: Annual maximum fertilization rates of availableN for grassland on holdings on which grazing livestockare kept, as specified in the NAP regulations",4,,≤170,206,,,,,,,,,,,,,,,,,,,,,,,,,,
40,13 Grassland Phosphorus,78,,"Table12-9: Annual maximum fertilization rates of availableN for grassland on holdings on which grazing livestockare kept, as specified in the NAP regulations",5,,Grassland stocking rate > 170 kg/ha/yr3.4,,,,,,,,,,,,,,,,,,,,,,,,,,,
40,13 Grassland Phosphorus,78,,"Table12-9: Annual maximum fertilization rates of availableN for grassland on holdings on which grazing livestockare kept, as specified in the NAP regulations",6,,171-210,282,,,,,,,,,,,,,,,,,,,,,,,,,,
40,13 Grassland Phosphorus,78,,"Table12-9: Annual maximum fertilization rates of availableN for grassland on holdings on which grazing livestockare kept, as specified in the NAP regulations",7,,"211-250,",250,,,,,,,,,,,,,,,,,,,,,,,,,,
40,13 Grassland Phosphorus,78,,"Table12-9: Annual maximum fertilization rates of availableN for grassland on holdings on which grazing livestockare kept, as specified in the NAP regulations",8,,and≥250,2505,,,,,,,,,,,,,,,,,,,,,,,,,,
40,13 Grassland Phosphorus,78,,"Table12-9: Annual maximum fertilization rates of availableN for grassland on holdings on which grazing livestockare kept, as specified in the NAP regulations",9,,1.Total annual nitrogen (kg) excreted by grazing livestock averaged over the net grassland,,,,,,,,,,,,,,,,,,,,,,,,,,,
40,13 Grassland Phosphorus,78,,"Table12-9: Annual maximum fertilization rates of availableN for grassland on holdings on which grazing livestockare kept, as specified in the NAP regulations",10,,area (grazing and silage area). Stocking rate refers to grassland area only.,,,,,,,,,,,,,,,,,,,,,,,,,,,
40,13 Grassland Phosphorus,78,,"Table12-9: Annual maximum fertilization rates of availableN for grassland on holdings on which grazing livestockare kept, as specified in the NAP regulations",11,,2.The maximum nitrogen fertilization of grassland shall not exceed that specified for,,,,,,,,,,,,,,,,,,,,,,,,,,,
40,13 Grassland Phosphorus,78,,"Table12-9: Annual maximum fertilization rates of availableN for grassland on holdings on which grazing livestockare kept, as specified in the NAP regulations",12,,stocking rates less than or equal to 170 kg/ha/year unless a minimum of 5% of the net,,,,,,,,,,,,,,,,,,,,,,,,,,,
40,13 Grassland Phosphorus,78,,"Table12-9: Annual maximum fertilization rates of availableN for grassland on holdings on which grazing livestockare kept, as specified in the NAP regulations",13,,area of the holding is used to grow crops other than grass or a derogation applies in,,,,,,,,,,,,,,,,,,,,,,,,,,,
40,13 Grassland Phosphorus,78,,"Table12-9: Annual maximum fertilization rates of availableN for grassland on holdings on which grazing livestockare kept, as specified in the NAP regulations",14,,respect of the holding.,,,,,,,,,,,,,,,,,,,,,,,,,,,
40,13 Grassland Phosphorus,78,,"Table12-9: Annual maximum fertilization rates of availableN for grassland on holdings on which grazing livestockare kept, as specified in the NAP regulations",15,,3.This table does not imply any departure from Article 20(1) which prohibits the application,,,,,,,,,,,,,,,,,,,,,,,,,,,
40,13 Grassland Phosphorus,78,,"Table12-9: Annual maximum fertilization rates of availableN for grassland on holdings on which grazing livestockare kept, as specified in the NAP regulations",16,,to land on a holding of livestock manure in amounts which exceed 170kg Nitrogen per,,,,,,,,,,,,,,,,,,,,,,,,,,,
40,13 Grassland Phosphorus,78,,"Table12-9: Annual maximum fertilization rates of availableN for grassland on holdings on which grazing livestockare kept, as specified in the NAP regulations",17,,"hectare per year, including that deposited by the animals themselves (or 250kg in the",,,,,,,,,,,,,,,,,,,,,,,,,,,
40,13 Grassland Phosphorus,78,,"Table12-9: Annual maximum fertilization rates of availableN for grassland on holdings on which grazing livestockare kept, as specified in the NAP regulations",18,,"case of a holding to which a derogation has been granted, in accordance with the",,,,,,,,,,,,,,,,,,,,,,,,,,,
40,13 Grassland Phosphorus,78,,"Table12-9: Annual maximum fertilization rates of availableN for grassland on holdings on which grazing livestockare kept, as specified in the NAP regulations",19,,Nitrates Directive).,,,,,,,,,,,,,,,,,,,,,,,,,,,
40,13 Grassland Phosphorus,78,,"Table12-9: Annual maximum fertilization rates of availableN for grassland on holdings on which grazing livestockare kept, as specified in the NAP regulations",20,,4.From 1st January 2021 these fertilisation rates are only applicable where the fertiliser,,,,,,,,,,,,,,,,,,,,,,,,,,,
40,13 Grassland Phosphorus,78,,"Table12-9: Annual maximum fertilization rates of availableN for grassland on holdings on which grazing livestockare kept, as specified in the NAP regulations",21,,"type specified by theMinister of Agriculture, FoodandtheMarineis used.",,,,,,,,,,,,,,,,,,,,,,,,,,,
40,13 Grassland Phosphorus,78,,"Table12-9: Annual maximum fertilization rates of availableN for grassland on holdings on which grazing livestockare kept, as specified in the NAP regulations",22,,5.The application of Nitrogen from livestock manure (including that deposited by the,,,,,,,,,,,,,,,,,,,,,,,,,,,
40,13 Grassland Phosphorus,78,,"Table12-9: Annual maximum fertilization rates of availableN for grassland on holdings on which grazing livestockare kept, as specified in the NAP regulations",23,,animals themselves) to the eligible grassland area shall not exceed 250 kg Nitrogen per,,,,,,,,,,,,,,,,,,,,,,,,,,,
40,13 Grassland Phosphorus,78,,"Table12-9: Annual maximum fertilization rates of availableN for grassland on holdings on which grazing livestockare kept, as specified in the NAP regulations",24,,hectare per year.,,,,,,,,,,,,,,,,,,,,,,,,,,,
40,13 Grassland Phosphorus,78,,"Table12-9: Annual maximum fertilization rates of availableN for grassland on holdings on which grazing livestockare kept, as specified in the NAP regulations",25,,"Source: (NAP, S.I.605of 2017)",,,,,,,,,,,,,,,,,,,,,,,,,,,
41,13 Grassland Phosphorus,79,,"Table12-10: Annual maximum fertilization rates of available N for grassland (cut only, no grazing livestock onholding) as specified in the NAP regulations",1,"Table12-10: Annual maximum fertilization rates of available N for grassland (cut only, no grazing livestock onholding) as specified in the NAP regulations",,,,,,,,,,,,,,,,,,,,,,,,,,,,
41,13 Grassland Phosphorus,79,,"Table12-10: Annual maximum fertilization rates of available N for grassland (cut only, no grazing livestock onholding) as specified in the NAP regulations",2,Grassland cutting regime,,Available nitrogen,,,,,,,,,,,,,,,,,,,,,,,,,,
41,13 Grassland Phosphorus,79,,"Table12-10: Annual maximum fertilization rates of available N for grassland (cut only, no grazing livestock onholding) as specified in the NAP regulations",3,,Grassland cutting regime,,,,,,,,,,,,,,,,,,,,,,,,,,,
41,13 Grassland Phosphorus,79,,"Table12-10: Annual maximum fertilization rates of available N for grassland (cut only, no grazing livestock onholding) as specified in the NAP regulations",4,,,(kg/ha),,,,,,,,,,,,,,,,,,,,,,,,,,
41,13 Grassland Phosphorus,79,,"Table12-10: Annual maximum fertilization rates of available N for grassland (cut only, no grazing livestock onholding) as specified in the NAP regulations",5,,First cut,125,,,,,,,,,,,,,,,,,,,,,,,,,,
41,13 Grassland Phosphorus,79,,"Table12-10: Annual maximum fertilization rates of available N for grassland (cut only, no grazing livestock onholding) as specified in the NAP regulations",6,,Subsequent cuts,100,,,,,,,,,,,,,,,,,,,,,,,,,,
41,13 Grassland Phosphorus,79,,"Table12-10: Annual maximum fertilization rates of available N for grassland (cut only, no grazing livestock onholding) as specified in the NAP regulations",7,,Hay,80,,,,,,,,,,,,,,,,,,,,,,,,,,
41,13 Grassland Phosphorus,79,,"Table12-10: Annual maximum fertilization rates of available N for grassland (cut only, no grazing livestock onholding) as specified in the NAP regulations",8,,"Source: (NAP, S.I. 605 of 2017)",,,,,,,,,,,,,,,,,,,,,,,,,,,
42,13 Grassland Phosphorus,81,,Table13-1:P Index for grassland,1,Table13-1:P Index for grassland,,,,,,,,,,,,,,,,,,,,,,,,,,,,
42,13 Grassland Phosphorus,81,,Table13-1:P Index for grassland,2,Soil P Index,,Soil P range (Morgan’s mg/l),,Comments,,,,,,,,,,,,,,,,,,,,,,,,
42,13 Grassland Phosphorus,81,,Table13-1:P Index for grassland,3,,,,,Index description,Response to fertilizer,,,,,,,,,,,,,,,,,,,,,,,
42,13 Grassland Phosphorus,81,,Table13-1:P Index for grassland,4,,1,,0.0-3.0,Very Low,Definite,,,,,,,,,,,,,,,,,,,,,,,
42,13 Grassland Phosphorus,81,,Table13-1:P Index for grassland,5,,2,,3.1-5.0,Low,Likely,,,,,,,,,,,,,,,,,,,,,,,
42,13 Grassland Phosphorus,81,,Table13-1:P Index for grassland,6,,3,,5.1-8.0,Medium /Adequate,Unlikely / Tenuous,,,,,,,,,,,,,,,,,,,,,,,
42,13 Grassland Phosphorus,81,,Table13-1:P Index for grassland,7,,4,,> 8.0,Sufficient /High,None,,,,,,,,,,,,,,,,,,,,,,,
43,13 Grassland Phosphorus,82,,Table13-2: Available P rates (kg/ha) for build-up on mineral soils,1,Table13-2: Available P rates (kg/ha) for build-up on mineral soils,,,,,,,,,,,,,,,,,,,,,,,,,,,,
43,13 Grassland Phosphorus,82,,Table13-2: Available P rates (kg/ha) for build-up on mineral soils,2,,Soil P Index,"Mineral soils1,2",,,,,,,,,,,,,,,,,,,,,,,,,,
43,13 Grassland Phosphorus,82,,Table13-2: Available P rates (kg/ha) for build-up on mineral soils,3,,1,20,,,,,,,,,,,,,,,,,,,,,,,,,,
43,13 Grassland Phosphorus,82,,Table13-2: Available P rates (kg/ha) for build-up on mineral soils,4,,2,10,,,,,,,,,,,,,,,,,,,,,,,,,,
43,13 Grassland Phosphorus,82,,Table13-2: Available P rates (kg/ha) for build-up on mineral soils,5,,3,0,,,,,,,,,,,,,,,,,,,,,,,,,,
43,13 Grassland Phosphorus,82,,Table13-2: Available P rates (kg/ha) for build-up on mineral soils,6,,4,0,,,,,,,,,,,,,,,,,,,,,,,,,,
43,13 Grassland Phosphorus,82,,Table13-2: Available P rates (kg/ha) for build-up on mineral soils,7,,1. Mineral soils are defined as soils with less than or equal to 20% organic matter,,,,,,,,,,,,,,,,,,,,,,,,,,,
43,13 Grassland Phosphorus,82,,Table13-2: Available P rates (kg/ha) for build-up on mineral soils,8,,2. Peat soils (i.e. soils with more than 20% organic matter) receive only maintenance,,,,,,,,,,,,,,,,,,,,,,,,,,,
43,13 Grassland Phosphorus,82,,Table13-2: Available P rates (kg/ha) for build-up on mineral soils,9,,rates of P,,,,,,,,,,,,,,,,,,,,,,,,,,,
44,13 Grassland Phosphorus,83,13-3,"Table 13-3:Grazing: Maintenance rates of available soil P to replace offtakes (kg/ha)1,2,3",1,"Table 13-3:Grazing: Maintenance rates of available soil P to replace offtakes (kg/ha)1,2,3",,,,,,,,,,,,,,,,,,,,,,,,,,,,
44,13 Grassland Phosphorus,83,13-3,"Table 13-3:Grazing: Maintenance rates of available soil P to replace offtakes (kg/ha)1,2,3",2,Grassland stocking rate (kg/ha) of Org N5,,System4,,,,,,,,,,,,,,,,,,,,,,,,,,
44,13 Grassland Phosphorus,83,13-3,"Table 13-3:Grazing: Maintenance rates of available soil P to replace offtakes (kg/ha)1,2,3",3,,,Dairy,Drystock,,,,,,,,,,,,,,,,,,,,,,,,,
44,13 Grassland Phosphorus,83,13-3,"Table 13-3:Grazing: Maintenance rates of available soil P to replace offtakes (kg/ha)1,2,3",4,,≤100,6,4,,,,,,,,,,,,,,,,,,,,,,,,,
44,13 Grassland Phosphorus,83,13-3,"Table 13-3:Grazing: Maintenance rates of available soil P to replace offtakes (kg/ha)1,2,3",5,,130,10,7,,,,,,,,,,,,,,,,,,,,,,,,,
44,13 Grassland Phosphorus,83,13-3,"Table 13-3:Grazing: Maintenance rates of available soil P to replace offtakes (kg/ha)1,2,3",6,,170,14,10,,,,,,,,,,,,,,,,,,,,,,,,,
44,13 Grassland Phosphorus,83,13-3,"Table 13-3:Grazing: Maintenance rates of available soil P to replace offtakes (kg/ha)1,2,3",7,,210,19,13,,,,,,,,,,,,,,,,,,,,,,,,,
44,13 Grassland Phosphorus,83,13-3,"Table 13-3:Grazing: Maintenance rates of available soil P to replace offtakes (kg/ha)1,2,3",8,,≥210,23,16,,,,,,,,,,,,,,,,,,,,,,,,,
44,13 Grassland Phosphorus,83,13-3,"Table 13-3:Grazing: Maintenance rates of available soil P to replace offtakes (kg/ha)1,2,3",9,,1. Rates of P fertilizer are based on concentrate feed usage level of zero.,,,,,,,,,,,,,,,,,,,,,,,,,,,
44,13 Grassland Phosphorus,83,13-3,"Table 13-3:Grazing: Maintenance rates of available soil P to replace offtakes (kg/ha)1,2,3",10,,"2. P for soil P build-up, as determined by soil Index, should be added to the rates shown",,,,,,,,,,,,,,,,,,,,,,,,,,,
44,13 Grassland Phosphorus,83,13-3,"Table 13-3:Grazing: Maintenance rates of available soil P to replace offtakes (kg/ha)1,2,3",11,,above.,,,,,,,,,,,,,,,,,,,,,,,,,,,
44,13 Grassland Phosphorus,83,13-3,"Table 13-3:Grazing: Maintenance rates of available soil P to replace offtakes (kg/ha)1,2,3",12,,3. Rates shown above refer to maintenance requirements for the grazing area only. P,,,,,,,,,,,,,,,,,,,,,,,,,,,
44,13 Grassland Phosphorus,83,13-3,"Table 13-3:Grazing: Maintenance rates of available soil P to replace offtakes (kg/ha)1,2,3",13,,"requirements for the whole farm depend on the proportion of grazing, silage and hay",,,,,,,,,,,,,,,,,,,,,,,,,,,
44,13 Grassland Phosphorus,83,13-3,"Table 13-3:Grazing: Maintenance rates of available soil P to replace offtakes (kg/ha)1,2,3",14,,areas on the farm.,,,,,,,,,,,,,,,,,,,,,,,,,,,
44,13 Grassland Phosphorus,83,13-3,"Table 13-3:Grazing: Maintenance rates of available soil P to replace offtakes (kg/ha)1,2,3",15,,"4. Where a holding contains a mixture of dairy and drystock enterprises, it is advised that",,,,,,,,,,,,,,,,,,,,,,,,,,,
44,13 Grassland Phosphorus,83,13-3,"Table 13-3:Grazing: Maintenance rates of available soil P to replace offtakes (kg/ha)1,2,3",16,,the P rate for all the grazing area should be based on the requirements of the more,,,,,,,,,,,,,,,,,,,,,,,,,,,
44,13 Grassland Phosphorus,83,13-3,"Table 13-3:Grazing: Maintenance rates of available soil P to replace offtakes (kg/ha)1,2,3",17,,dominant enterprise.,,,,,,,,,,,,,,,,,,,,,,,,,,,
44,13 Grassland Phosphorus,83,13-3,"Table 13-3:Grazing: Maintenance rates of available soil P to replace offtakes (kg/ha)1,2,3",18,,5. Total annual nitrogen (kg) excreted by grazing livestock averaged over the net,,,,,,,,,,,,,,,,,,,,,,,,,,,
44,13 Grassland Phosphorus,83,13-3,"Table 13-3:Grazing: Maintenance rates of available soil P to replace offtakes (kg/ha)1,2,3",19,,grassland area (grazing and silage area). Stocking rate refers to grassland area only,,,,,,,,,,,,,,,,,,,,,,,,,,,
45,13 Grassland Phosphorus,84,,Table13-4: Silage and hay: Soil P maintenance requirement to replace offtakes (kg/ha)15t/ha,1,Table13-4: Silage and hay: Soil P maintenance requirement to replace offtakes (kg/ha)15t/ha,,,,,,,,,,,,,,,,,,,,,,,,,,,,
45,13 Grassland Phosphorus,84,,Table13-4: Silage and hay: Soil P maintenance requirement to replace offtakes (kg/ha)15t/ha,2,,Soil P Index,First cut1,Second or subsequent cut,,,,,,,,,,,,,,,,,,,,,,,,,
45,13 Grassland Phosphorus,84,,Table13-4: Silage and hay: Soil P maintenance requirement to replace offtakes (kg/ha)15t/ha,3,,1-3,20,10,,,,,,,,,,,,,,,,,,,,,,,,,
45,13 Grassland Phosphorus,84,,Table13-4: Silage and hay: Soil P maintenance requirement to replace offtakes (kg/ha)15t/ha,4,,4,Do not apply chemical P,Do not apply chemical P,,,,,,,,,,,,,,,,,,,,,,,,,
45,13 Grassland Phosphorus,84,,Table13-4: Silage and hay: Soil P maintenance requirement to replace offtakes (kg/ha)15t/ha,5,,"1. P for soil P build-up, as determined by soil Index, should be added to the rates",,,,,,,,,,,,,,,,,,,,,,,,,,,
45,13 Grassland Phosphorus,84,,Table13-4: Silage and hay: Soil P maintenance requirement to replace offtakes (kg/ha)15t/ha,6,,shown above.,,,,,,,,,,,,,,,,,,,,,,,,,,,
45,13 Grassland Phosphorus,84,,Table13-4: Silage and hay: Soil P maintenance requirement to replace offtakes (kg/ha)15t/ha,7,,2. Add or subtract 4 kg/t of DM above or below a yield of 5 t/ha,,,,,,,,,,,,,,,,,,,,,,,,,,,
46,13 Grassland Phosphorus,84,13-5,Table 13-5: P rates (kg/ha) required for pasture establishment without a cover crop,1,Table 13-5: P rates (kg/ha) required for pasture establishment without a cover crop,,,,,,,,,,,,,,,,,,,,,,,,,,,,
46,13 Grassland Phosphorus,84,13-5,Table 13-5: P rates (kg/ha) required for pasture establishment without a cover crop,2,Soil P Index,,P application rate1,,,,,,,,,,,,,,,,,,,,,,,,,,
46,13 Grassland Phosphorus,84,13-5,Table 13-5: P rates (kg/ha) required for pasture establishment without a cover crop,3,,1,,60,,,,,,,,,,,,,,,,,,,,,,,,,
46,13 Grassland Phosphorus,84,13-5,Table 13-5: P rates (kg/ha) required for pasture establishment without a cover crop,4,,2,,40,,,,,,,,,,,,,,,,,,,,,,,,,
46,13 Grassland Phosphorus,84,13-5,Table 13-5: P rates (kg/ha) required for pasture establishment without a cover crop,5,,3,,30,,,,,,,,,,,,,,,,,,,,,,,,,
46,13 Grassland Phosphorus,84,13-5,Table 13-5: P rates (kg/ha) required for pasture establishment without a cover crop,6,,4,,0,,,,,,,,,,,,,,,,,,,,,,,,,
46,13 Grassland Phosphorus,84,13-5,Table 13-5: P rates (kg/ha) required for pasture establishment without a cover crop,7,,1. Establishment of grass/clover Rates of P fertilizer applied for pasture establishment must,,,,,,,,,,,,,,,,,,,,,,,,,,,
46,13 Grassland Phosphorus,84,13-5,Table 13-5: P rates (kg/ha) required for pasture establishment without a cover crop,8,,"not result in the fertilizer P allowance for the holding, as determined from NAP regulations",,,,,,,,,,,,,,,,,,,,,,,,,,,
46,13 Grassland Phosphorus,84,13-5,Table 13-5: P rates (kg/ha) required for pasture establishment without a cover crop,9,,being exceeded.,,,,,,,,,,,,,,,,,,,,,,,,,,,
47,14 Grass K & Horses,86,,"Table13-6: Annual maximum fertilization rates of available P for grassland (grazing plus silage) on holdings on which grazing livestock are kept, as specified in the NAP regulations",1,"Table13-6: Annual maximum fertilization rates of available P for grassland (grazing plus silage) on holdings on which grazing livestock are kept, as specified in the NAP regulations",,,,,,,,,,,,,,,,,,,,,,,,,,,,
47,14 Grass K & Horses,86,,"Table13-6: Annual maximum fertilization rates of available P for grassland (grazing plus silage) on holdings on which grazing livestock are kept, as specified in the NAP regulations",2,,Grassland stocking rate,PhosphorusIndex,,,,,,,,,,,,,,,,,,,,,,,,,,
47,14 Grass K & Horses,86,,"Table13-6: Annual maximum fertilization rates of available P for grassland (grazing plus silage) on holdings on which grazing livestock are kept, as specified in the NAP regulations",3,,(kg/ha) of Org N1,1,2,3,4,,,,,,,,,,,,,,,,,,,,,,,
47,14 Grass K & Horses,86,,"Table13-6: Annual maximum fertilization rates of available P for grassland (grazing plus silage) on holdings on which grazing livestock are kept, as specified in the NAP regulations",4,,,"Available Phosphorus (kg/ha)2,3,6",,,,,,,,,,,,,,,,,,,,,,,,,,
47,14 Grass K & Horses,86,,"Table13-6: Annual maximum fertilization rates of available P for grassland (grazing plus silage) on holdings on which grazing livestock are kept, as specified in the NAP regulations",5,,< 85,27,17,7,0,,,,,,,,,,,,,,,,,,,,,,,
47,14 Grass K & Horses,86,,"Table13-6: Annual maximum fertilization rates of available P for grassland (grazing plus silage) on holdings on which grazing livestock are kept, as specified in the NAP regulations",6,,86-130,30,20,10,0,,,,,,,,,,,,,,,,,,,,,,,
47,14 Grass K & Horses,86,,"Table13-6: Annual maximum fertilization rates of available P for grassland (grazing plus silage) on holdings on which grazing livestock are kept, as specified in the NAP regulations",7,,131-170,33,23,13,0,,,,,,,,,,,,,,,,,,,,,,,
47,14 Grass K & Horses,86,,"Table13-6: Annual maximum fertilization rates of available P for grassland (grazing plus silage) on holdings on which grazing livestock are kept, as specified in the NAP regulations",8,,"Grassland stocking rate > 170 kg/ha4,5",,,,,,,,,,,,,,,,,,,,,,,,,,,
47,14 Grass K & Horses,86,,"Table13-6: Annual maximum fertilization rates of available P for grassland (grazing plus silage) on holdings on which grazing livestock are kept, as specified in the NAP regulations",9,,171-210,36,26,16,0,,,,,,,,,,,,,,,,,,,,,,,
47,14 Grass K & Horses,86,,"Table13-6: Annual maximum fertilization rates of available P for grassland (grazing plus silage) on holdings on which grazing livestock are kept, as specified in the NAP regulations",10,,211-250,39,29,19,0,,,,,,,,,,,,,,,,,,,,,,,
47,14 Grass K & Horses,86,,"Table13-6: Annual maximum fertilization rates of available P for grassland (grazing plus silage) on holdings on which grazing livestock are kept, as specified in the NAP regulations",11,,≥250,39,29,19,0,,,,,,,,,,,,,,,,,,,,,,,
47,14 Grass K & Horses,86,,"Table13-6: Annual maximum fertilization rates of available P for grassland (grazing plus silage) on holdings on which grazing livestock are kept, as specified in the NAP regulations",12,,1. Total annual nitrogen (kg) excreted by grazing livestock averaged over the net grassland,,,,,,,,,,,,,,,,,,,,,,,,,,,
47,14 Grass K & Horses,86,,"Table13-6: Annual maximum fertilization rates of available P for grassland (grazing plus silage) on holdings on which grazing livestock are kept, as specified in the NAP regulations",13,,area (grazing and silage area). Stocking rate refers to grassland area only.,,,,,,,,,,,,,,,,,,,,,,,,,,,
47,14 Grass K & Horses,86,,"Table13-6: Annual maximum fertilization rates of available P for grassland (grazing plus silage) on holdings on which grazing livestock are kept, as specified in the NAP regulations",14,,2. The fertilization rates for soils which have more than 20% organic matter (peat soils) shall,,,,,,,,,,,,,,,,,,,,,,,,,,,
47,14 Grass K & Horses,86,,"Table13-6: Annual maximum fertilization rates of available P for grassland (grazing plus silage) on holdings on which grazing livestock are kept, as specified in the NAP regulations",15,,not exceed the amounts permitted forIndex3 soils.,,,,,,,,,,,,,,,,,,,,,,,,,,,
47,14 Grass K & Horses,86,,"Table13-6: Annual maximum fertilization rates of available P for grassland (grazing plus silage) on holdings on which grazing livestock are kept, as specified in the NAP regulations",16,,3. Manure produced by grazing livestock on a holding may be applied to Index 4 soils on that,,,,,,,,,,,,,,,,,,,,,,,,,,,
47,14 Grass K & Horses,86,,"Table13-6: Annual maximum fertilization rates of available P for grassland (grazing plus silage) on holdings on which grazing livestock are kept, as specified in the NAP regulations",17,,holding in a situation where there is a surplus of such manure remaining after the,,,,,,,,,,,,,,,,,,,,,,,,,,,
47,14 Grass K & Horses,86,,"Table13-6: Annual maximum fertilization rates of available P for grassland (grazing plus silage) on holdings on which grazing livestock are kept, as specified in the NAP regulations",18,,"phosphorus fertilization needs of all crops on soils at P Indices 1, 2 or 3 on the holding",,,,,,,,,,,,,,,,,,,,,,,,,,,
47,14 Grass K & Horses,86,,"Table13-6: Annual maximum fertilization rates of available P for grassland (grazing plus silage) on holdings on which grazing livestock are kept, as specified in the NAP regulations",19,,have been met by the use only of such manure produced on the holding.,,,,,,,,,,,,,,,,,,,,,,,,,,,
47,14 Grass K & Horses,86,,"Table13-6: Annual maximum fertilization rates of available P for grassland (grazing plus silage) on holdings on which grazing livestock are kept, as specified in the NAP regulations",20,,4. The maximum phosphorus fertilization of grassland shall not exceed that specified for,,,,,,,,,,,,,,,,,,,,,,,,,,,
47,14 Grass K & Horses,86,,"Table13-6: Annual maximum fertilization rates of available P for grassland (grazing plus silage) on holdings on which grazing livestock are kept, as specified in the NAP regulations",21,,stocking rates less than or equal to 170 kg/ha/year unless a minimum of 5% of the net area,,,,,,,,,,,,,,,,,,,,,,,,,,,
47,14 Grass K & Horses,86,,"Table13-6: Annual maximum fertilization rates of available P for grassland (grazing plus silage) on holdings on which grazing livestock are kept, as specified in the NAP regulations",22,,of the holding is used to grow crops other than grass or a derogation applies in respect of,,,,,,,,,,,,,,,,,,,,,,,,,,,
47,14 Grass K & Horses,86,,"Table13-6: Annual maximum fertilization rates of available P for grassland (grazing plus silage) on holdings on which grazing livestock are kept, as specified in the NAP regulations",23,,the holding.,,,,,,,,,,,,,,,,,,,,,,,,,,,
47,14 Grass K & Horses,86,,"Table13-6: Annual maximum fertilization rates of available P for grassland (grazing plus silage) on holdings on which grazing livestock are kept, as specified in the NAP regulations",24,,5. This table does not imply any departure from Article 20(1) which prohibits the application to,,,,,,,,,,,,,,,,,,,,,,,,,,,
47,14 Grass K & Horses,86,,"Table13-6: Annual maximum fertilization rates of available P for grassland (grazing plus silage) on holdings on which grazing livestock are kept, as specified in the NAP regulations",25,,land on a holding of livestock manure in amounts which exceed 170kg Nitrogen per,,,,,,,,,,,,,,,,,,,,,,,,,,,
47,14 Grass K & Horses,86,,"Table13-6: Annual maximum fertilization rates of available P for grassland (grazing plus silage) on holdings on which grazing livestock are kept, as specified in the NAP regulations",26,,"hectare per year, including that deposited by the animals themselves (or 250kg in the case",,,,,,,,,,,,,,,,,,,,,,,,,,,
47,14 Grass K & Horses,86,,"Table13-6: Annual maximum fertilization rates of available P for grassland (grazing plus silage) on holdings on which grazing livestock are kept, as specified in the NAP regulations",27,,of a holding to which a derogation has been granted in accordance with the Nitrates,,,,,,,,,,,,,,,,,,,,,,,,,,,
47,14 Grass K & Horses,86,,"Table13-6: Annual maximum fertilization rates of available P for grassland (grazing plus silage) on holdings on which grazing livestock are kept, as specified in the NAP regulations",28,,Directive).,,,,,,,,,,,,,,,,,,,,,,,,,,,
47,14 Grass K & Horses,86,,"Table13-6: Annual maximum fertilization rates of available P for grassland (grazing plus silage) on holdings on which grazing livestock are kept, as specified in the NAP regulations",29,,6. An additional 15 kg of phosphorus per hectare may be applied on soils at phosphorus,,,,,,,,,,,,,,,,,,,,,,,,,,,
47,14 Grass K & Horses,86,,"Table13-6: Annual maximum fertilization rates of available P for grassland (grazing plus silage) on holdings on which grazing livestock are kept, as specified in the NAP regulations",30,,"indices 1, 2, or 3 foreach hectare of pasture establishment undertaken.",,,,,,,,,,,,,,,,,,,,,,,,,,,
47,14 Grass K & Horses,86,,"Table13-6: Annual maximum fertilization rates of available P for grassland (grazing plus silage) on holdings on which grazing livestock are kept, as specified in the NAP regulations",31,,"Source: (NAP,S.I.605of 2017,)",,,,,,,,,,,,,,,,,,,,,,,,,,,
48,14 Grass K & Horses,87,,"Table13-7: Annual maximum fertilization rates of available P for grassland (cut only, no grazing livestock on holding) as specified in the NAP regulations",1,"Table13-7: Annual maximum fertilization rates of available P for grassland (cut only, no grazing livestock on holding) as specified in the NAP regulations",,,,,,,,,,,,,,,,,,,,,,,,,,,,
48,14 Grass K & Horses,87,,"Table13-7: Annual maximum fertilization rates of available P for grassland (cut only, no grazing livestock on holding) as specified in the NAP regulations",2,,,PhosphorusIndex,,,,,,,,,,,,,,,,,,,,,,,,,,
48,14 Grass K & Horses,87,,"Table13-7: Annual maximum fertilization rates of available P for grassland (cut only, no grazing livestock on holding) as specified in the NAP regulations",3,,,1,2,3,4,,,,,,,,,,,,,,,,,,,,,,,
48,14 Grass K & Horses,87,,"Table13-7: Annual maximum fertilization rates of available P for grassland (cut only, no grazing livestock on holding) as specified in the NAP regulations",4,,,"Available Phosphorus (kg/ha)1,2",,,,,,,,,,,,,,,,,,,,,,,,,,
48,14 Grass K & Horses,87,,"Table13-7: Annual maximum fertilization rates of available P for grassland (cut only, no grazing livestock on holding) as specified in the NAP regulations",5,,First cut,40,30,20,0,,,,,,,,,,,,,,,,,,,,,,,
48,14 Grass K & Horses,87,,"Table13-7: Annual maximum fertilization rates of available P for grassland (cut only, no grazing livestock on holding) as specified in the NAP regulations",6,,Subsequent cuts,10,10,10,0,,,,,,,,,,,,,,,,,,,,,,,
48,14 Grass K & Horses,87,,"Table13-7: Annual maximum fertilization rates of available P for grassland (cut only, no grazing livestock on holding) as specified in the NAP regulations",7,,1. The fertilization rates for soils which have more than 20% organic matter (peat soils) shall,,,,,,,,,,,,,,,,,,,,,,,,,,,
48,14 Grass K & Horses,87,,"Table13-7: Annual maximum fertilization rates of available P for grassland (cut only, no grazing livestock on holding) as specified in the NAP regulations",8,,not exceed the amounts permitted forIndex3 soils.,,,,,,,,,,,,,,,,,,,,,,,,,,,
48,14 Grass K & Horses,87,,"Table13-7: Annual maximum fertilization rates of available P for grassland (cut only, no grazing livestock on holding) as specified in the NAP regulations",9,,2. The fertilization rates in this table apply to those areas of farms where hay or silage is,,,,,,,,,,,,,,,,,,,,,,,,,,,
48,14 Grass K & Horses,87,,"Table13-7: Annual maximum fertilization rates of available P for grassland (cut only, no grazing livestock on holding) as specified in the NAP regulations",10,,produced for sale off the holding on farms stocked at < 1 LU/ha (equivalent to < 85 kg,,,,,,,,,,,,,,,,,,,,,,,,,,,
48,14 Grass K & Horses,87,,"Table13-7: Annual maximum fertilization rates of available P for grassland (cut only, no grazing livestock on holding) as specified in the NAP regulations",11,,organic N grassland stocking rate).,,,,,,,,,,,,,,,,,,,,,,,,,,,
48,14 Grass K & Horses,87,,"Table13-7: Annual maximum fertilization rates of available P for grassland (cut only, no grazing livestock on holding) as specified in the NAP regulations",12,,"Source: (NAP,S.I.605of 2017)",,,,,,,,,,,,,,,,,,,,,,,,,,,
49,14 Grass K & Horses,88,14-1,"Table 14-1: Available K for grazing at stocking rate of 2 LU/ha1,2",1,"Table 14-1: Available K for grazing at stocking rate of 2 LU/ha1,2",,,,,,,,,,,,,,,,,,,,,,,,,,,,
49,14 Grass K & Horses,88,14-1,"Table 14-1: Available K for grazing at stocking rate of 2 LU/ha1,2",2,Soil K Index,,K Advice (kg/ha)3,,,,,,,,,,,,,,,,,,,,,,,,,,
49,14 Grass K & Horses,88,14-1,"Table 14-1: Available K for grazing at stocking rate of 2 LU/ha1,2",3,,,Dairy,Drystock,,,,,,,,,,,,,,,,,,,,,,,,,
49,14 Grass K & Horses,88,14-1,"Table 14-1: Available K for grazing at stocking rate of 2 LU/ha1,2",4,,1,90,75,,,,,,,,,,,,,,,,,,,,,,,,,
49,14 Grass K & Horses,88,14-1,"Table 14-1: Available K for grazing at stocking rate of 2 LU/ha1,2",5,,2,60,45,,,,,,,,,,,,,,,,,,,,,,,,,
49,14 Grass K & Horses,88,14-1,"Table 14-1: Available K for grazing at stocking rate of 2 LU/ha1,2",6,,3,30,15,,,,,,,,,,,,,,,,,,,,,,,,,
49,14 Grass K & Horses,88,14-1,"Table 14-1: Available K for grazing at stocking rate of 2 LU/ha1,2",7,,4,none,none,,,,,,,,,,,,,,,,,,,,,,,,,
49,14 Grass K & Horses,88,14-1,"Table 14-1: Available K for grazing at stocking rate of 2 LU/ha1,2",8,,"1. For stocking rates greater than 2 LU/ha (>170 kg/ha Org N), increase rates by 5 kg/ha for",,,,,,,,,,,,,,,,,,,,,,,,,,,
49,14 Grass K & Horses,88,14-1,"Table 14-1: Available K for grazing at stocking rate of 2 LU/ha1,2",9,,each increase in stocking rate of 40kg/ha.,,,,,,,,,,,,,,,,,,,,,,,,,,,
49,14 Grass K & Horses,88,14-1,"Table 14-1: Available K for grazing at stocking rate of 2 LU/ha1,2",10,,"2. For stocking rates less than 2 LU/ha (170 kg/ha Org N), decrease rates by 5 kg/ha for each",,,,,,,,,,,,,,,,,,,,,,,,,,,
49,14 Grass K & Horses,88,14-1,"Table 14-1: Available K for grazing at stocking rate of 2 LU/ha1,2",11,,decrease in stocking rate of 40kg/ha.,,,,,,,,,,,,,,,,,,,,,,,,,,,
49,14 Grass K & Horses,88,14-1,"Table 14-1: Available K for grazing at stocking rate of 2 LU/ha1,2",12,,3. Chemical K application rates can be calculated by deducting the quantity of K applied in,,,,,,,,,,,,,,,,,,,,,,,,,,,
49,14 Grass K & Horses,88,14-1,"Table 14-1: Available K for grazing at stocking rate of 2 LU/ha1,2",13,,organic fertilizers.,,,,,,,,,,,,,,,,,,,,,,,,,,,
50,16 Cereals,89,14-2,Table 14-2: Available K for silage and hay (kg/ha). The advice assumes a dry matter yield of 5 t/ha for first cut and 3 t/ha for 2ndor subsequent cuts1,1,Table 14-2: Available K for silage and hay (kg/ha). The advice assumes a dry matter yield of 5 t/ha for first cut and 3 t/ha for 2ndor subsequent cuts1,,,,,,,,,,,,,,,,,,,,,,,,,,,,
50,16 Cereals,89,14-2,Table 14-2: Available K for silage and hay (kg/ha). The advice assumes a dry matter yield of 5 t/ha for first cut and 3 t/ha for 2ndor subsequent cuts1,2,Soil K Index,First cut silage / hay,"2ndand 3rdcut2,3",,,,,,,,,,,,,,,,,,,,,,,,,,
50,16 Cereals,89,14-2,Table 14-2: Available K for silage and hay (kg/ha). The advice assumes a dry matter yield of 5 t/ha for first cut and 3 t/ha for 2ndor subsequent cuts1,3,1,1854,75,,,,,,,,,,,,,,,,,,,,,,,,,,
50,16 Cereals,89,14-2,Table 14-2: Available K for silage and hay (kg/ha). The advice assumes a dry matter yield of 5 t/ha for first cut and 3 t/ha for 2ndor subsequent cuts1,4,2,1554,75,,,,,,,,,,,,,,,,,,,,,,,,,,
50,16 Cereals,89,14-2,Table 14-2: Available K for silage and hay (kg/ha). The advice assumes a dry matter yield of 5 t/ha for first cut and 3 t/ha for 2ndor subsequent cuts1,5,3,1254,75,,,,,,,,,,,,,,,,,,,,,,,,,,
50,16 Cereals,89,14-2,Table 14-2: Available K for silage and hay (kg/ha). The advice assumes a dry matter yield of 5 t/ha for first cut and 3 t/ha for 2ndor subsequent cuts1,6,4,05,05,,,,,,,,,,,,,,,,,,,,,,,,,,
50,16 Cereals,89,14-2,Table 14-2: Available K for silage and hay (kg/ha). The advice assumes a dry matter yield of 5 t/ha for first cut and 3 t/ha for 2ndor subsequent cuts1,7,1. Increase K by 25 kg/ha for each extra t/ha of dry matter (or each 5 t/ha of fresh weight).,,,,,,,,,,,,,,,,,,,,,,,,,,,,
50,16 Cereals,89,14-2,Table 14-2: Available K for silage and hay (kg/ha). The advice assumes a dry matter yield of 5 t/ha for first cut and 3 t/ha for 2ndor subsequent cuts1,8,2. Note that the advice in this column is per cut. 3. Where K build up has already been applied for previous grass silage crop (i.e. first cut) apply K based on crop offtake (i.e. Index 3). 4. Typically no more than 90 kg/ha K should be applied at closing for silage and the remainder should be applied at least 3 months in advance or after silage harvest.,,,,,,,,,,,,,,,,,,,,,,,,,,,,
50,16 Cereals,89,14-2,Table 14-2: Available K for silage and hay (kg/ha). The advice assumes a dry matter yield of 5 t/ha for first cut and 3 t/ha for 2ndor subsequent cuts1,9,5. No K is required in the year of sampling. For subsequent years use Index 3 advice pending a further soil test.,,,,,,,,,,,,,,,,,,,,,,,,,,,,
51,16 Cereals,89,,Table14-3:Chemical K fertilizer advice for silage (kg/ha) where 33 t/ha of cattle slurry is applied to the first cut1. The advice assumesa herbage dry matter yield of 5 t/ha2,1,Table14-3:Chemical K fertilizer advice for silage (kg/ha) where 33 t/ha of cattle slurry is applied to the first cut1. The advice assumesa herbage dry matter yield of 5 t/ha2,,,,,,,,,,,,,,,,,,,,,,,,,,,,
51,16 Cereals,89,,Table14-3:Chemical K fertilizer advice for silage (kg/ha) where 33 t/ha of cattle slurry is applied to the first cut1. The advice assumesa herbage dry matter yield of 5 t/ha2,2,Soil K Index,First cut,,,,,,,,,,,,,,,,,,,,,,,,,,,
51,16 Cereals,89,,Table14-3:Chemical K fertilizer advice for silage (kg/ha) where 33 t/ha of cattle slurry is applied to the first cut1. The advice assumesa herbage dry matter yield of 5 t/ha2,3,1,79,,,,,,,,,,,,,,,,,,,,,,,,,,,
51,16 Cereals,89,,Table14-3:Chemical K fertilizer advice for silage (kg/ha) where 33 t/ha of cattle slurry is applied to the first cut1. The advice assumesa herbage dry matter yield of 5 t/ha2,4,2,49,,,,,,,,,,,,,,,,,,,,,,,,,,,
51,16 Cereals,89,,Table14-3:Chemical K fertilizer advice for silage (kg/ha) where 33 t/ha of cattle slurry is applied to the first cut1. The advice assumesa herbage dry matter yield of 5 t/ha2,5,3,10,,,,,,,,,,,,,,,,,,,,,,,,,,,
51,16 Cereals,89,,Table14-3:Chemical K fertilizer advice for silage (kg/ha) where 33 t/ha of cattle slurry is applied to the first cut1. The advice assumesa herbage dry matter yield of 5 t/ha2,6,4,03,,,,,,,,,,,,,,,,,,,,,,,,,,,
51,16 Cereals,89,,Table14-3:Chemical K fertilizer advice for silage (kg/ha) where 33 t/ha of cattle slurry is applied to the first cut1. The advice assumesa herbage dry matter yield of 5 t/ha2,7,1. Adjust chemical K fertiliser rates based slurry nutrient content and application rate (see,,,,,,,,,,,,,,,,,,,,,,,,,,,,
51,16 Cereals,89,,Table14-3:Chemical K fertilizer advice for silage (kg/ha) where 33 t/ha of cattle slurry is applied to the first cut1. The advice assumesa herbage dry matter yield of 5 t/ha2,8,"table 9-3, 9-4 and 9-8). SeeTable9-5 & 9-6for other types oflivestock manures.",,,,,,,,,,,,,,,,,,,,,,,,,,,,
51,16 Cereals,89,,Table14-3:Chemical K fertilizer advice for silage (kg/ha) where 33 t/ha of cattle slurry is applied to the first cut1. The advice assumesa herbage dry matter yield of 5 t/ha2,9,2. Increase K by 25 kg/ha for each extra t/ha of dry matter produced (i.e. for each 5 t/ha of,,,,,,,,,,,,,,,,,,,,,,,,,,,,
51,16 Cereals,89,,Table14-3:Chemical K fertilizer advice for silage (kg/ha) where 33 t/ha of cattle slurry is applied to the first cut1. The advice assumesa herbage dry matter yield of 5 t/ha2,10,freshweight).,,,,,,,,,,,,,,,,,,,,,,,,,,,,
51,16 Cereals,89,,Table14-3:Chemical K fertilizer advice for silage (kg/ha) where 33 t/ha of cattle slurry is applied to the first cut1. The advice assumesa herbage dry matter yield of 5 t/ha2,11,3. No K is required in the year of sampling. For subsequent years use Index3 advice,,,,,,,,,,,,,,,,,,,,,,,,,,,,
51,16 Cereals,89,,Table14-3:Chemical K fertilizer advice for silage (kg/ha) where 33 t/ha of cattle slurry is applied to the first cut1. The advice assumesa herbage dry matter yield of 5 t/ha2,12,pending afurther soil test.,,,,,,,,,,,,,,,,,,,,,,,,,,,,
51,16 Cereals,89,,Table14-3:Chemical K fertilizer advice for silage (kg/ha) where 33 t/ha of cattle slurry is applied to the first cut1. The advice assumesa herbage dry matter yield of 5 t/ha2,13,4. Note the K content in cattle slurry can be variable and lower rates of K than specified in,,,,,,,,,,,,,,,,,,,,,,,,,,,,
51,16 Cereals,89,,Table14-3:Chemical K fertilizer advice for silage (kg/ha) where 33 t/ha of cattle slurry is applied to the first cut1. The advice assumesa herbage dry matter yield of 5 t/ha2,14,this table may be applied especially where cattle slurry is more dilute i.e. lower dry matter,,,,,,,,,,,,,,,,,,,,,,,,,,,,
51,16 Cereals,89,,Table14-3:Chemical K fertilizer advice for silage (kg/ha) where 33 t/ha of cattle slurry is applied to the first cut1. The advice assumesa herbage dry matter yield of 5 t/ha2,15,(see table 9-8).,,,,,,,,,,,,,,,,,,,,,,,,,,,,
52,16 Cereals,90,,Table14-4: Potassiumfor pasture establishment without a cover crop1,1,Table14-4: Potassiumfor pasture establishment without a cover crop1,,,,,,,,,,,,,,,,,,,,,,,,,,,,
52,16 Cereals,90,,Table14-4: Potassiumfor pasture establishment without a cover crop1,2,Soil K Index1,,Grass only,Grass/legume,,,,,,,,,,,,,,,,,,,,,,,,,
52,16 Cereals,90,,Table14-4: Potassiumfor pasture establishment without a cover crop1,3,,,kg K/ha,kg K/ha,,,,,,,,,,,,,,,,,,,,,,,,,
52,16 Cereals,90,,Table14-4: Potassiumfor pasture establishment without a cover crop1,4,,1,110,120,,,,,,,,,,,,,,,,,,,,,,,,,
52,16 Cereals,90,,Table14-4: Potassiumfor pasture establishment without a cover crop1,5,,2,75,90,,,,,,,,,,,,,,,,,,,,,,,,,
52,16 Cereals,90,,Table14-4: Potassiumfor pasture establishment without a cover crop1,6,,3,50,60,,,,,,,,,,,,,,,,,,,,,,,,,
52,16 Cereals,90,,Table14-4: Potassiumfor pasture establishment without a cover crop1,7,,4,30,40,,,,,,,,,,,,,,,,,,,,,,,,,
52,16 Cereals,90,,Table14-4: Potassiumfor pasture establishment without a cover crop1,8,,1.See Table6-5 for KIndexsystem.,,,,,,,,,,,,,,,,,,,,,,,,,,,
53,16 Cereals,91,,"Table15-1: Available N, advice andP and K(kg/ha)for maintainance on swards grazed by horses atat various stocking rates",1,"Table15-1: Available N, advice andP and K(kg/ha)for maintainance on swards grazed by horses atat various stocking rates",,,,,,,,,,,,,,,,,,,,,,,,,,,,
53,16 Cereals,91,,"Table15-1: Available N, advice andP and K(kg/ha)for maintainance on swards grazed by horses atat various stocking rates",2,,Stocking rate,"N2,3",,P,,K,,,,,,,,,,,,,,,,,,,,,,
53,16 Cereals,91,,"Table15-1: Available N, advice andP and K(kg/ha)for maintainance on swards grazed by horses atat various stocking rates",3,,LU/ha1,,,,,,,,,,,,,,,,,,,,,,,,,,,
53,16 Cereals,91,,"Table15-1: Available N, advice andP and K(kg/ha)for maintainance on swards grazed by horses atat various stocking rates",4,,1.0,,25-40,,3,,4,,,,,,,,,,,,,,,,,,,,,
53,16 Cereals,91,,"Table15-1: Available N, advice andP and K(kg/ha)for maintainance on swards grazed by horses atat various stocking rates",5,,1.5,,25-40,,5,,6,,,,,,,,,,,,,,,,,,,,,
53,16 Cereals,91,,"Table15-1: Available N, advice andP and K(kg/ha)for maintainance on swards grazed by horses atat various stocking rates",6,,2.0,,25-40,,7,,8,,,,,,,,,,,,,,,,,,,,,
53,16 Cereals,91,,"Table15-1: Available N, advice andP and K(kg/ha)for maintainance on swards grazed by horses atat various stocking rates",7,,1. 1 horse = 1 LU/ha,,,,,,,,,,,,,,,,,,,,,,,,,,,
53,16 Cereals,91,,"Table15-1: Available N, advice andP and K(kg/ha)for maintainance on swards grazed by horses atat various stocking rates",8,,2. Apply 25kgN/ha in springtime,,,,,,,,,,,,,,,,,,,,,,,,,,,
53,16 Cereals,91,,"Table15-1: Available N, advice andP and K(kg/ha)for maintainance on swards grazed by horses atat various stocking rates",9,,3. Apply additional N based on grass demand during the growing season.,,,,,,,,,,,,,,,,,,,,,,,,,,,
54,16 Cereals,93,16-1,Table 16-1: Available N1for wheat (kg/ha) having moderate yields2orwhere proof of higher yields is not available,1,Table 16-1: Available N1for wheat (kg/ha) having moderate yields2orwhere proof of higher yields is not available,,,,,,,,,,,,,,,,,,,,,,,,,,,,
54,16 Cereals,93,16-1,Table 16-1: Available N1for wheat (kg/ha) having moderate yields2orwhere proof of higher yields is not available,2,,Soil N Index3,"Winter wheat4,5","Spring wheat4,5,6",,,,,,,,,,,,,,,,,,,,,,,,,
54,16 Cereals,93,16-1,Table 16-1: Available N1for wheat (kg/ha) having moderate yields2orwhere proof of higher yields is not available,3,,1,210,160,,,,,,,,,,,,,,,,,,,,,,,,,
54,16 Cereals,93,16-1,Table 16-1: Available N1for wheat (kg/ha) having moderate yields2orwhere proof of higher yields is not available,4,,2,180,130,,,,,,,,,,,,,,,,,,,,,,,,,
54,16 Cereals,93,16-1,Table 16-1: Available N1for wheat (kg/ha) having moderate yields2orwhere proof of higher yields is not available,5,,3,120,95,,,,,,,,,,,,,,,,,,,,,,,,,
54,16 Cereals,93,16-1,Table 16-1: Available N1for wheat (kg/ha) having moderate yields2orwhere proof of higher yields is not available,6,,4,80,60,,,,,,,,,,,,,,,,,,,,,,,,,
54,16 Cereals,93,16-1,Table 16-1: Available N1for wheat (kg/ha) having moderate yields2orwhere proof of higher yields is not available,7,,1. N rates shown above refer to application rates of available fertilizer. Chemical fertilizer rates,,,,,,,,,,,,,,,,,,,,,,,,,,,
54,16 Cereals,93,16-1,Table 16-1: Available N1for wheat (kg/ha) having moderate yields2orwhere proof of higher yields is not available,8,,should be calculated by deducting the available N contained in organic fertilizer applications,,,,,,,,,,,,,,,,,,,,,,,,,,,
54,16 Cereals,93,16-1,Table 16-1: Available N1for wheat (kg/ha) having moderate yields2orwhere proof of higher yields is not available,9,,from the rates shown in the above table.,,,,,,,,,,,,,,,,,,,,,,,,,,,
54,16 Cereals,93,16-1,Table 16-1: Available N1for wheat (kg/ha) having moderate yields2orwhere proof of higher yields is not available,10,,"2. Winter Wheat up to 9.0 tonnes/ha, Spring Wheat up to 7.5 tonnes/ha.",,,,,,,,,,,,,,,,,,,,,,,,,,,
54,16 Cereals,93,16-1,Table 16-1: Available N1for wheat (kg/ha) having moderate yields2orwhere proof of higher yields is not available,11,,3. See Tables 6-2 and 6-3 for Soil N Index.,,,,,,,,,,,,,,,,,,,,,,,,,,,
54,16 Cereals,93,16-1,Table 16-1: Available N1for wheat (kg/ha) having moderate yields2orwhere proof of higher yields is not available,12,,"4. Where proof of higher yields is available, an additional 20kg/ha N may be applied for every",,,,,,,,,,,,,,,,,,,,,,,,,,,
54,16 Cereals,93,16-1,Table 16-1: Available N1for wheat (kg/ha) having moderate yields2orwhere proof of higher yields is not available,13,,1 tonne above reference yield see table 16-2. The higher yields shall be based on the best,,,,,,,,,,,,,,,,,,,,,,,,,,,
54,16 Cereals,93,16-1,Table 16-1: Available N1for wheat (kg/ha) having moderate yields2orwhere proof of higher yields is not available,14,,yield achieved in any of the three previous harvests at 20% moisture content.,,,,,,,,,,,,,,,,,,,,,,,,,,,
54,16 Cereals,93,16-1,Table 16-1: Available N1for wheat (kg/ha) having moderate yields2orwhere proof of higher yields is not available,15,,5. Where milling wheat is grown under a contract to a purchaser of milling wheat an extra 30,,,,,,,,,,,,,,,,,,,,,,,,,,,
54,16 Cereals,93,16-1,Table 16-1: Available N1for wheat (kg/ha) having moderate yields2orwhere proof of higher yields is not available,16,,kg/ha N may be applied.,,,,,,,,,,,,,,,,,,,,,,,,,,,
54,16 Cereals,93,16-1,Table 16-1: Available N1for wheat (kg/ha) having moderate yields2orwhere proof of higher yields is not available,17,,"6. To reduce the risk of poor establishment in spring cereals, not more than 75 kg/ha N",,,,,,,,,,,,,,,,,,,,,,,,,,,
54,16 Cereals,93,16-1,Table 16-1: Available N1for wheat (kg/ha) having moderate yields2orwhere proof of higher yields is not available,18,,should be combined drilled.,,,,,,,,,,,,,,,,,,,,,,,,,,,
55,16 Cereals,94,16-2,Table 16-2: Available N1for wheat (kg/ha) where proof of higher yields is available,1,Table 16-2: Available N1for wheat (kg/ha) where proof of higher yields is available,,,,,,,,,,,,,,,,,,,,,,,,,,,,
55,16 Cereals,94,16-2,Table 16-2: Available N1for wheat (kg/ha) where proof of higher yields is available,2,Soil N Index2,,"Winter wheat3,4",,,,,,,,,,,,,,,,,,,,,,,,,,
55,16 Cereals,94,16-2,Table 16-2: Available N1for wheat (kg/ha) where proof of higher yields is available,3,,,9 t/ha,10 t/ha,11 t/ha,12 t/ha,,,,,,,,,,,,,,,,,,,,,,,
55,16 Cereals,94,16-2,Table 16-2: Available N1for wheat (kg/ha) where proof of higher yields is available,4,,1,210,230,250,270,,,,,,,,,,,,,,,,,,,,,,,
55,16 Cereals,94,16-2,Table 16-2: Available N1for wheat (kg/ha) where proof of higher yields is available,5,,2,180,200,220,240,,,,,,,,,,,,,,,,,,,,,,,
55,16 Cereals,94,16-2,Table 16-2: Available N1for wheat (kg/ha) where proof of higher yields is available,6,,3,120,140,160,180,,,,,,,,,,,,,,,,,,,,,,,
55,16 Cereals,94,16-2,Table 16-2: Available N1for wheat (kg/ha) where proof of higher yields is available,7,,4,80,100,120,140,,,,,,,,,,,,,,,,,,,,,,,
55,16 Cereals,94,16-2,Table 16-2: Available N1for wheat (kg/ha) where proof of higher yields is available,8,,,"Spring wheat3,4,5",,,,,,,,,,,,,,,,,,,,,,,,,,
55,16 Cereals,94,16-2,Table 16-2: Available N1for wheat (kg/ha) where proof of higher yields is available,9,,,7.5 t/ha,8.5 t/ha,9.5 t/ha,10.5 t/ha,,,,,,,,,,,,,,,,,,,,,,,
55,16 Cereals,94,16-2,Table 16-2: Available N1for wheat (kg/ha) where proof of higher yields is available,10,,1,160,180,200,220,,,,,,,,,,,,,,,,,,,,,,,
55,16 Cereals,94,16-2,Table 16-2: Available N1for wheat (kg/ha) where proof of higher yields is available,11,,2,130,150,170,190,,,,,,,,,,,,,,,,,,,,,,,
55,16 Cereals,94,16-2,Table 16-2: Available N1for wheat (kg/ha) where proof of higher yields is available,12,,3,95,115,135,155,,,,,,,,,,,,,,,,,,,,,,,
55,16 Cereals,94,16-2,Table 16-2: Available N1for wheat (kg/ha) where proof of higher yields is available,13,,4,60,80,100,120,,,,,,,,,,,,,,,,,,,,,,,
55,16 Cereals,94,16-2,Table 16-2: Available N1for wheat (kg/ha) where proof of higher yields is available,14,,1. N rates shown above refer to application rates of available fertilizer. Chemical fertilizer rates,,,,,,,,,,,,,,,,,,,,,,,,,,,
55,16 Cereals,94,16-2,Table 16-2: Available N1for wheat (kg/ha) where proof of higher yields is available,15,,should be calculated by deducting the available N contained in organic fertilizer applications,,,,,,,,,,,,,,,,,,,,,,,,,,,
55,16 Cereals,94,16-2,Table 16-2: Available N1for wheat (kg/ha) where proof of higher yields is available,16,,from the rates shown in the above table.,,,,,,,,,,,,,,,,,,,,,,,,,,,
55,16 Cereals,94,16-2,Table 16-2: Available N1for wheat (kg/ha) where proof of higher yields is available,17,,2. See Tables 6-2 and 6-3 for Soil N Index.,,,,,,,,,,,,,,,,,,,,,,,,,,,
55,16 Cereals,94,16-2,Table 16-2: Available N1for wheat (kg/ha) where proof of higher yields is available,18,,3. Rates shown above are equal to the maximum allowed rates in the NAP regulations. The,,,,,,,,,,,,,,,,,,,,,,,,,,,
55,16 Cereals,94,16-2,Table 16-2: Available N1for wheat (kg/ha) where proof of higher yields is available,19,,"higher yields shall be based on the best yield achieved in any of the three previous harvests,",,,,,,,,,,,,,,,,,,,,,,,,,,,
55,16 Cereals,94,16-2,Table 16-2: Available N1for wheat (kg/ha) where proof of higher yields is available,20,,at 20% moisture content.,,,,,,,,,,,,,,,,,,,,,,,,,,,
55,16 Cereals,94,16-2,Table 16-2: Available N1for wheat (kg/ha) where proof of higher yields is available,21,,4. Where milling wheat is grown under a contract to a purchaser of milling wheat an extra 30,,,,,,,,,,,,,,,,,,,,,,,,,,,
55,16 Cereals,94,16-2,Table 16-2: Available N1for wheat (kg/ha) where proof of higher yields is available,22,,kg/ha N maybe applied.,,,,,,,,,,,,,,,,,,,,,,,,,,,
55,16 Cereals,94,16-2,Table 16-2: Available N1for wheat (kg/ha) where proof of higher yields is available,23,,"5. To reduce the risk of poor establishment in spring cereals, not more than 75 kg/ha N should",,,,,,,,,,,,,,,,,,,,,,,,,,,
55,16 Cereals,94,16-2,Table 16-2: Available N1for wheat (kg/ha) where proof of higher yields is available,24,,be combined drilled.,,,,,,,,,,,,,,,,,,,,,,,,,,,
56,16 Cereals,95,16-3,Table 16-3: Available N1for barley (kg/ha) for moderate yields2or whereproof of higher yields is not available,1,Table 16-3: Available N1for barley (kg/ha) for moderate yields2or whereproof of higher yields is not available,,,,,,,,,,,,,,,,,,,,,,,,,,,,
56,16 Cereals,95,16-3,Table 16-3: Available N1for barley (kg/ha) for moderate yields2or whereproof of higher yields is not available,2,,Soil N Index3,Winter barley4,"Spring barley4,5,6",,,,,,,,,,,,,,,,,,,,,,,,,
56,16 Cereals,95,16-3,Table 16-3: Available N1for barley (kg/ha) for moderate yields2or whereproof of higher yields is not available,3,,1,180,135,,,,,,,,,,,,,,,,,,,,,,,,,
56,16 Cereals,95,16-3,Table 16-3: Available N1for barley (kg/ha) for moderate yields2or whereproof of higher yields is not available,4,,2,155,100,,,,,,,,,,,,,,,,,,,,,,,,,
56,16 Cereals,95,16-3,Table 16-3: Available N1for barley (kg/ha) for moderate yields2or whereproof of higher yields is not available,5,,3,120,75,,,,,,,,,,,,,,,,,,,,,,,,,
56,16 Cereals,95,16-3,Table 16-3: Available N1for barley (kg/ha) for moderate yields2or whereproof of higher yields is not available,6,,4,80,40,,,,,,,,,,,,,,,,,,,,,,,,,
56,16 Cereals,95,16-3,Table 16-3: Available N1for barley (kg/ha) for moderate yields2or whereproof of higher yields is not available,7,,1. N rates shown above refer to application rates of available fertilizer. Chemical fertilizer rates,,,,,,,,,,,,,,,,,,,,,,,,,,,
56,16 Cereals,95,16-3,Table 16-3: Available N1for barley (kg/ha) for moderate yields2or whereproof of higher yields is not available,8,,should be calculated by deducting the available N contained in organic fertilizer applications,,,,,,,,,,,,,,,,,,,,,,,,,,,
56,16 Cereals,95,16-3,Table 16-3: Available N1for barley (kg/ha) for moderate yields2or whereproof of higher yields is not available,9,,from the rates shown in the above table.,,,,,,,,,,,,,,,,,,,,,,,,,,,
56,16 Cereals,95,16-3,Table 16-3: Available N1for barley (kg/ha) for moderate yields2or whereproof of higher yields is not available,10,,"2. Winter Barley up to 8.5 tonnes/ha, Spring Barley up to 6.5 tonnes/ha.",,,,,,,,,,,,,,,,,,,,,,,,,,,
56,16 Cereals,95,16-3,Table 16-3: Available N1for barley (kg/ha) for moderate yields2or whereproof of higher yields is not available,11,,3. See Tables 6-2 and 6-3 for Soil N Index.,,,,,,,,,,,,,,,,,,,,,,,,,,,
56,16 Cereals,95,16-3,Table 16-3: Available N1for barley (kg/ha) for moderate yields2or whereproof of higher yields is not available,12,,"4. Where proof of higher yields is available, an additional 20kg/ha N may be applied for",,,,,,,,,,,,,,,,,,,,,,,,,,,
56,16 Cereals,95,16-3,Table 16-3: Available N1for barley (kg/ha) for moderate yields2or whereproof of higher yields is not available,13,,every 1 tonne above reference yield see table 16-4. The higher yields shall be based on,,,,,,,,,,,,,,,,,,,,,,,,,,,
56,16 Cereals,95,16-3,Table 16-3: Available N1for barley (kg/ha) for moderate yields2or whereproof of higher yields is not available,14,,the best yield achieved in any of the three previous harvests at 20% moisture content.,,,,,,,,,,,,,,,,,,,,,,,,,,,
56,16 Cereals,95,16-3,Table 16-3: Available N1for barley (kg/ha) for moderate yields2or whereproof of higher yields is not available,15,,"5. To reduce the risk of poor establishment in spring cereals, not more than 75 kg/ha N",,,,,,,,,,,,,,,,,,,,,,,,,,,
56,16 Cereals,95,16-3,Table 16-3: Available N1for barley (kg/ha) for moderate yields2or whereproof of higher yields is not available,16,,should be combined drilled.,,,,,,,,,,,,,,,,,,,,,,,,,,,
56,16 Cereals,95,16-3,Table 16-3: Available N1for barley (kg/ha) for moderate yields2or whereproof of higher yields is not available,17,,6. Where malting barley is grown under a contract to a purchaser of malting barley an extra,,,,,,,,,,,,,,,,,,,,,,,,,,,
56,16 Cereals,95,16-3,Table 16-3: Available N1for barley (kg/ha) for moderate yields2or whereproof of higher yields is not available,18,,20 kg/ha N may be applied where it is shown on the basis of agronomic advice that,,,,,,,,,,,,,,,,,,,,,,,,,,,
56,16 Cereals,95,16-3,Table 16-3: Available N1for barley (kg/ha) for moderate yields2or whereproof of higher yields is not available,19,,additional N is required to address a proven low protein content in the grain.,,,,,,,,,,,,,,,,,,,,,,,,,,,
57,16 Cereals,96,16-4,Table 16-4: Available N1for barley (kg/ha) where proof of higher yields is available,1,,Table 16-4: Available N1for barley (kg/ha) where proof of higher yields is available,,,,,,,,,,,,,,,,,,,,,,,,,,,
57,16 Cereals,96,16-4,Table 16-4: Available N1for barley (kg/ha) where proof of higher yields is available,2,Soil N Index2,,Winter barley3,,,,,,,,,,,,,,,,,,,,,,,,,,
57,16 Cereals,96,16-4,Table 16-4: Available N1for barley (kg/ha) where proof of higher yields is available,3,,,8.5 t/ha,9.5 t/ha,10.5 t/ha,,,,,,,,,,,,,,,,,,,,,,,,
57,16 Cereals,96,16-4,Table 16-4: Available N1for barley (kg/ha) where proof of higher yields is available,4,,1,180,200,220,,,,,,,,,,,,,,,,,,,,,,,,
57,16 Cereals,96,16-4,Table 16-4: Available N1for barley (kg/ha) where proof of higher yields is available,5,,2,155,175,195,,,,,,,,,,,,,,,,,,,,,,,,
57,16 Cereals,96,16-4,Table 16-4: Available N1for barley (kg/ha) where proof of higher yields is available,6,,3,120,140,160,,,,,,,,,,,,,,,,,,,,,,,,
57,16 Cereals,96,16-4,Table 16-4: Available N1for barley (kg/ha) where proof of higher yields is available,7,,4,80,100,120,,,,,,,,,,,,,,,,,,,,,,,,
57,16 Cereals,96,16-4,Table 16-4: Available N1for barley (kg/ha) where proof of higher yields is available,8,,,"Spring barley3,4,5",,,,,,,,,,,,,,,,,,,,,,,,,,
57,16 Cereals,96,16-4,Table 16-4: Available N1for barley (kg/ha) where proof of higher yields is available,9,,,6.5 t/ha,7.5 t/ha,8.5 t/ha,,,,,,,,,,,,,,,,,,,,,,,,
57,16 Cereals,96,16-4,Table 16-4: Available N1for barley (kg/ha) where proof of higher yields is available,10,,1,135,155,175,,,,,,,,,,,,,,,,,,,,,,,,
57,16 Cereals,96,16-4,Table 16-4: Available N1for barley (kg/ha) where proof of higher yields is available,11,,2,100,120,140,,,,,,,,,,,,,,,,,,,,,,,,
57,16 Cereals,96,16-4,Table 16-4: Available N1for barley (kg/ha) where proof of higher yields is available,12,,3,75,95,115,,,,,,,,,,,,,,,,,,,,,,,,
57,16 Cereals,96,16-4,Table 16-4: Available N1for barley (kg/ha) where proof of higher yields is available,13,,4,40,60,80,,,,,,,,,,,,,,,,,,,,,,,,
57,16 Cereals,96,16-4,Table 16-4: Available N1for barley (kg/ha) where proof of higher yields is available,14,,1. N rates shown above refer to application rates of available fertilizer. Chemical fertilizer rates,,,,,,,,,,,,,,,,,,,,,,,,,,,
57,16 Cereals,96,16-4,Table 16-4: Available N1for barley (kg/ha) where proof of higher yields is available,15,,should be calculated bydeducting the available N contained in organic fertilizer applications,,,,,,,,,,,,,,,,,,,,,,,,,,,
57,16 Cereals,96,16-4,Table 16-4: Available N1for barley (kg/ha) where proof of higher yields is available,16,,from the rates shown in the above table.,,,,,,,,,,,,,,,,,,,,,,,,,,,
57,16 Cereals,96,16-4,Table 16-4: Available N1for barley (kg/ha) where proof of higher yields is available,17,,2. See Tables 6-2 and 6-3 for Soil N Index.,,,,,,,,,,,,,,,,,,,,,,,,,,,
57,16 Cereals,96,16-4,Table 16-4: Available N1for barley (kg/ha) where proof of higher yields is available,18,,3. Rates shown above are equal to the maximum allowed rates in the NAP regulations. The,,,,,,,,,,,,,,,,,,,,,,,,,,,
57,16 Cereals,96,16-4,Table 16-4: Available N1for barley (kg/ha) where proof of higher yields is available,19,,higher yields shall be based on the best yield achieved in any of the three previous,,,,,,,,,,,,,,,,,,,,,,,,,,,
57,16 Cereals,96,16-4,Table 16-4: Available N1for barley (kg/ha) where proof of higher yields is available,20,,"harvests, at 20% moisture content.",,,,,,,,,,,,,,,,,,,,,,,,,,,
57,16 Cereals,96,16-4,Table 16-4: Available N1for barley (kg/ha) where proof of higher yields is available,21,,"4. To reduce the risk of poor establishment in spring cereals, not more than 75 kg/ha N",,,,,,,,,,,,,,,,,,,,,,,,,,,
57,16 Cereals,96,16-4,Table 16-4: Available N1for barley (kg/ha) where proof of higher yields is available,22,,should be combined drilled.,,,,,,,,,,,,,,,,,,,,,,,,,,,
57,16 Cereals,96,16-4,Table 16-4: Available N1for barley (kg/ha) where proof of higher yields is available,23,,5. Where malting barley is grown under a contract to a purchaser of malting barley an extra,,,,,,,,,,,,,,,,,,,,,,,,,,,
57,16 Cereals,96,16-4,Table 16-4: Available N1for barley (kg/ha) where proof of higher yields is available,24,,20 kg/ha N may be applied where it is shown on the basis of agronomic advice that,,,,,,,,,,,,,,,,,,,,,,,,,,,
57,16 Cereals,96,16-4,Table 16-4: Available N1for barley (kg/ha) where proof of higher yields is available,25,,additional N is required to address a proven low protein content in the grain.,,,,,,,,,,,,,,,,,,,,,,,,,,,
58,16 Cereals,97,16-5,Table 16-5: Available N1 for oats (kg/ha) for moderate yields2or where proof of higher yields is not available,1,Table 16-5: Available N1 for oats (kg/ha) for moderate yields2or where proof of higher yields is not available,,,,,,,,,,,,,,,,,,,,,,,,,,,,
58,16 Cereals,97,16-5,Table 16-5: Available N1 for oats (kg/ha) for moderate yields2or where proof of higher yields is not available,2,,Soil N Index3,Winter Oats4,"Spring Oats4,5",,,,,,,,,,,,,,,,,,,,,,,,,
58,16 Cereals,97,16-5,Table 16-5: Available N1 for oats (kg/ha) for moderate yields2or where proof of higher yields is not available,3,,1,145,110,,,,,,,,,,,,,,,,,,,,,,,,,
58,16 Cereals,97,16-5,Table 16-5: Available N1 for oats (kg/ha) for moderate yields2or where proof of higher yields is not available,4,,2,120,90,,,,,,,,,,,,,,,,,,,,,,,,,
58,16 Cereals,97,16-5,Table 16-5: Available N1 for oats (kg/ha) for moderate yields2or where proof of higher yields is not available,5,,3,85,60,,,,,,,,,,,,,,,,,,,,,,,,,
58,16 Cereals,97,16-5,Table 16-5: Available N1 for oats (kg/ha) for moderate yields2or where proof of higher yields is not available,6,,4,45,30,,,,,,,,,,,,,,,,,,,,,,,,,
58,16 Cereals,97,16-5,Table 16-5: Available N1 for oats (kg/ha) for moderate yields2or where proof of higher yields is not available,7,,1. N rates shown above refer to application rates of available fertilizer. Chemical fertilizer rates,,,,,,,,,,,,,,,,,,,,,,,,,,,
58,16 Cereals,97,16-5,Table 16-5: Available N1 for oats (kg/ha) for moderate yields2or where proof of higher yields is not available,8,,should be calculated by deducting the available N contained in organic fertilizer applications,,,,,,,,,,,,,,,,,,,,,,,,,,,
58,16 Cereals,97,16-5,Table 16-5: Available N1 for oats (kg/ha) for moderate yields2or where proof of higher yields is not available,9,,from the rates shown in the above table.,,,,,,,,,,,,,,,,,,,,,,,,,,,
58,16 Cereals,97,16-5,Table 16-5: Available N1 for oats (kg/ha) for moderate yields2or where proof of higher yields is not available,10,,"2. 7.5 t/ha winter oats, 6.5 t/ha spring oats.",,,,,,,,,,,,,,,,,,,,,,,,,,,
58,16 Cereals,97,16-5,Table 16-5: Available N1 for oats (kg/ha) for moderate yields2or where proof of higher yields is not available,11,,3. See Tables 6-2 and 6-3 for Soil N Index.,,,,,,,,,,,,,,,,,,,,,,,,,,,
58,16 Cereals,97,16-5,Table 16-5: Available N1 for oats (kg/ha) for moderate yields2or where proof of higher yields is not available,12,,"4. Where proof of higher yields is available, an additional 20 kg/ha N may be applied for",,,,,,,,,,,,,,,,,,,,,,,,,,,
58,16 Cereals,97,16-5,Table 16-5: Available N1 for oats (kg/ha) for moderate yields2or where proof of higher yields is not available,13,,every 1 tonne above reference yield see Table 16-6.,,,,,,,,,,,,,,,,,,,,,,,,,,,
58,16 Cereals,97,16-5,Table 16-5: Available N1 for oats (kg/ha) for moderate yields2or where proof of higher yields is not available,14,,5. To reduce the risk of poor establishment in spring cereals not more than 75 kg/ha N,,,,,,,,,,,,,,,,,,,,,,,,,,,
58,16 Cereals,97,16-5,Table 16-5: Available N1 for oats (kg/ha) for moderate yields2or where proof of higher yields is not available,15,,should be combined drilled.,,,,,,,,,,,,,,,,,,,,,,,,,,,
59,16 Cereals,97,16-6,Table 16-6: Available N1for oats (kg/ha) where proof of higher yields is available,1,,Table 16-6: Available N1for oats (kg/ha) where proof of higher yields is available,,,,,,,,,,,,,,,,,,,,,,,,,,,
59,16 Cereals,97,16-6,Table 16-6: Available N1for oats (kg/ha) where proof of higher yields is available,2,Soil N Index2,,Winter Oats3,,,,,,,,,,,,,,,,,,,,,,,,,,
59,16 Cereals,97,16-6,Table 16-6: Available N1for oats (kg/ha) where proof of higher yields is available,3,,,7.5 t/ha,8.5 t/ha,9.5 t/ha,,,,,,,,,,,,,,,,,,,,,,,,
59,16 Cereals,97,16-6,Table 16-6: Available N1for oats (kg/ha) where proof of higher yields is available,4,,1,145,165,185,,,,,,,,,,,,,,,,,,,,,,,,
59,16 Cereals,97,16-6,Table 16-6: Available N1for oats (kg/ha) where proof of higher yields is available,5,,2,120,140,160,,,,,,,,,,,,,,,,,,,,,,,,
59,16 Cereals,97,16-6,Table 16-6: Available N1for oats (kg/ha) where proof of higher yields is available,6,,3,85,105,125,,,,,,,,,,,,,,,,,,,,,,,,
59,16 Cereals,97,16-6,Table 16-6: Available N1for oats (kg/ha) where proof of higher yields is available,7,,4,45,65,85,,,,,,,,,,,,,,,,,,,,,,,,
59,16 Cereals,97,16-6,Table 16-6: Available N1for oats (kg/ha) where proof of higher yields is available,8,,,"Spring Oats3,4",,,,,,,,,,,,,,,,,,,,,,,,,,
59,16 Cereals,97,16-6,Table 16-6: Available N1for oats (kg/ha) where proof of higher yields is available,9,,,6.5 t/ha,7.5 t/ha,8.5 t/ha,,,,,,,,,,,,,,,,,,,,,,,,
59,16 Cereals,97,16-6,Table 16-6: Available N1for oats (kg/ha) where proof of higher yields is available,10,,1,110,130,150,,,,,,,,,,,,,,,,,,,,,,,,
59,16 Cereals,97,16-6,Table 16-6: Available N1for oats (kg/ha) where proof of higher yields is available,11,,2,90,110,130,,,,,,,,,,,,,,,,,,,,,,,,
59,16 Cereals,97,16-6,Table 16-6: Available N1for oats (kg/ha) where proof of higher yields is available,12,,3,60,80,100,,,,,,,,,,,,,,,,,,,,,,,,
59,16 Cereals,97,16-6,Table 16-6: Available N1for oats (kg/ha) where proof of higher yields is available,13,,4,30,50,70,,,,,,,,,,,,,,,,,,,,,,,,
59,16 Cereals,97,16-6,Table 16-6: Available N1for oats (kg/ha) where proof of higher yields is available,14,,1. N rates shown above refer to application rates of available fertilizer. Chemical fertilizer rates,,,,,,,,,,,,,,,,,,,,,,,,,,,
59,16 Cereals,97,16-6,Table 16-6: Available N1for oats (kg/ha) where proof of higher yields is available,15,,should be calculated by deducting the available N contained in organic fertilizer applications,,,,,,,,,,,,,,,,,,,,,,,,,,,
59,16 Cereals,97,16-6,Table 16-6: Available N1for oats (kg/ha) where proof of higher yields is available,16,,from the rates shown in the above table.,,,,,,,,,,,,,,,,,,,,,,,,,,,
59,16 Cereals,97,16-6,Table 16-6: Available N1for oats (kg/ha) where proof of higher yields is available,17,,2. See Tables 6-2 and 6-3 for Soil N Index.,,,,,,,,,,,,,,,,,,,,,,,,,,,
59,16 Cereals,97,16-6,Table 16-6: Available N1for oats (kg/ha) where proof of higher yields is available,18,,3. Rates shown above are equal to the maximum allowed rates in the NAP. The higher yields,,,,,,,,,,,,,,,,,,,,,,,,,,,
59,16 Cereals,97,16-6,Table 16-6: Available N1for oats (kg/ha) where proof of higher yields is available,19,,"shall be based on the best yield achieved in any of the three previous harvests, at 20%",,,,,,,,,,,,,,,,,,,,,,,,,,,
59,16 Cereals,97,16-6,Table 16-6: Available N1for oats (kg/ha) where proof of higher yields is available,20,,moisture content.,,,,,,,,,,,,,,,,,,,,,,,,,,,
59,16 Cereals,97,16-6,Table 16-6: Available N1for oats (kg/ha) where proof of higher yields is available,21,,4. To reduce the risk of poor establishment in spring cereals not more than 75 kg/ha N,,,,,,,,,,,,,,,,,,,,,,,,,,,
59,16 Cereals,97,16-6,Table 16-6: Available N1for oats (kg/ha) where proof of higher yields is available,22,,should be combined drilled.,,,,,,,,,,,,,,,,,,,,,,,,,,,
60,16 Cereals,99,16-7,Table 16-7: P and K offtakes in cereal crops (kg/ha) per tonne of grain yield,1,,Table 16-7: P and K offtakes in cereal crops (kg/ha) per tonne of grain yield,,,,,,,,,,,,,,,,,,,,,,,,,,,
60,16 Cereals,99,16-7,Table 16-7: P and K offtakes in cereal crops (kg/ha) per tonne of grain yield,2,Crop,,Straw Removed,,Straw not removed,,,,,,,,,,,,,,,,,,,,,,,,
60,16 Cereals,99,16-7,Table 16-7: P and K offtakes in cereal crops (kg/ha) per tonne of grain yield,3,,,P,K,P,K,,,,,,,,,,,,,,,,,,,,,,,
60,16 Cereals,99,16-7,Table 16-7: P and K offtakes in cereal crops (kg/ha) per tonne of grain yield,4,,Winter Wheat / Barley,3.8,9.8,3.4,4.7,,,,,,,,,,,,,,,,,,,,,,,
60,16 Cereals,99,16-7,Table 16-7: P and K offtakes in cereal crops (kg/ha) per tonne of grain yield,5,,Spring Wheat / Barley,3.8,11.4,3.4,4.7,,,,,,,,,,,,,,,,,,,,,,,
60,16 Cereals,99,16-7,Table 16-7: P and K offtakes in cereal crops (kg/ha) per tonne of grain yield,6,,Oats,3.8,14.4,3.4,4.7,,,,,,,,,,,,,,,,,,,,,,,
60,16 Cereals,99,16-7,Table 16-7: P and K offtakes in cereal crops (kg/ha) per tonne of grain yield,7,,"Source: (DEFRA, 2006)",,,,,,,,,,,,,,,,,,,,,,,,,,,
61,16 Cereals,99,16-8,Table 16-8: Typical P and K offtakes in cereal crops (kg/ha),1,,Table 16-8: Typical P and K offtakes in cereal crops (kg/ha),,,,,,,,,,,,,,,,,,,,,,,,,,,
61,16 Cereals,99,16-8,Table 16-8: Typical P and K offtakes in cereal crops (kg/ha),2,Crop,,Yield (t/ha),,Straw Removed,,Straw not removed,,,,,,,,,,,,,,,,,,,,,,
61,16 Cereals,99,16-8,Table 16-8: Typical P and K offtakes in cereal crops (kg/ha),3,,,,,P,K,P,K,,,,,,,,,,,,,,,,,,,,,
61,16 Cereals,99,16-8,Table 16-8: Typical P and K offtakes in cereal crops (kg/ha),4,,Winter Wheat1,,11.0,42,108,37,52,,,,,,,,,,,,,,,,,,,,,
61,16 Cereals,99,16-8,Table 16-8: Typical P and K offtakes in cereal crops (kg/ha),5,,Spring Wheat2,,8.5,32,97,29,40,,,,,,,,,,,,,,,,,,,,,
61,16 Cereals,99,16-8,Table 16-8: Typical P and K offtakes in cereal crops (kg/ha),6,,Winter Barley1,,10.0,38,98,34,47,,,,,,,,,,,,,,,,,,,,,
61,16 Cereals,99,16-8,Table 16-8: Typical P and K offtakes in cereal crops (kg/ha),7,,Spring Barley2,,7.5,29,86,26,35,,,,,,,,,,,,,,,,,,,,,
61,16 Cereals,99,16-8,Table 16-8: Typical P and K offtakes in cereal crops (kg/ha),8,,Winter Oats3,,9.0,34,130,31,42,,,,,,,,,,,,,,,,,,,,,
61,16 Cereals,99,16-8,Table 16-8: Typical P and K offtakes in cereal crops (kg/ha),9,,SpringOats3,,7.5,29,108,25,35,,,,,,,,,,,,,,,,,,,,,
61,16 Cereals,99,16-8,Table 16-8: Typical P and K offtakes in cereal crops (kg/ha),10,,1. For winter wheat and winter barley crops where straw is also removed: increase or decrease,,,,,,,,,,,,,,,,,,,,,,,,,,,
61,16 Cereals,99,16-8,Table 16-8: Typical P and K offtakes in cereal crops (kg/ha),11,,P by 3.8 kg/ha and K by 9.8 kg/ha for every 1 tonne grain yield increase or decrease,,,,,,,,,,,,,,,,,,,,,,,,,,,
61,16 Cereals,99,16-8,Table 16-8: Typical P and K offtakes in cereal crops (kg/ha),12,,respectively from the yield indicated.,,,,,,,,,,,,,,,,,,,,,,,,,,,
61,16 Cereals,99,16-8,Table 16-8: Typical P and K offtakes in cereal crops (kg/ha),13,,2. For spring wheat and spring barley crops where straw is also removed: increase or,,,,,,,,,,,,,,,,,,,,,,,,,,,
61,16 Cereals,99,16-8,Table 16-8: Typical P and K offtakes in cereal crops (kg/ha),14,,decrease P by 3.8 kg/ha and K by 11.4 kg/ha for every 1 tonne grain yield increase or,,,,,,,,,,,,,,,,,,,,,,,,,,,
61,16 Cereals,99,16-8,Table 16-8: Typical P and K offtakes in cereal crops (kg/ha),15,,decrease respectively from the yield indicated.,,,,,,,,,,,,,,,,,,,,,,,,,,,
61,16 Cereals,99,16-8,Table 16-8: Typical P and K offtakes in cereal crops (kg/ha),16,,3. For oat crops where straw is also removed: increase or decrease P by 3.8 kg/ha and K by,,,,,,,,,,,,,,,,,,,,,,,,,,,
61,16 Cereals,99,16-8,Table 16-8: Typical P and K offtakes in cereal crops (kg/ha),17,,14.4 kg/ha for every 1 tonne grain yield increase or decrease respectively from the yield,,,,,,,,,,,,,,,,,,,,,,,,,,,
61,16 Cereals,99,16-8,Table 16-8: Typical P and K offtakes in cereal crops (kg/ha),18,,indicated.,,,,,,,,,,,,,,,,,,,,,,,,,,,
61,16 Cereals,99,16-8,Table 16-8: Typical P and K offtakes in cereal crops (kg/ha),19,,"Source: (DEFRA, 2006)",,,,,,,,,,,,,,,,,,,,,,,,,,,
62,16 Cereals,100,16-9,"Table 16-9: Annual maximum fertilization rates of P on cereal crops (kg/ha), as specified in",1,"Table 16-9: Annual maximum fertilization rates of P on cereal crops (kg/ha), as specified in",,,,,,,,,,,,,,,,,,,,,,,,,,,,
62,16 Cereals,100,16-9,"Table 16-9: Annual maximum fertilization rates of P on cereal crops (kg/ha), as specified in",2,the NAP regulations,,,,,,,,,,,,,,,,,,,,,,,,,,,,
62,16 Cereals,100,16-9,"Table 16-9: Annual maximum fertilization rates of P on cereal crops (kg/ha), as specified in",3,Soil P Index,"Available P (kg/ha)1,2,3",,,,,,,,,,,,,,,,,,,,,,,,,,,
62,16 Cereals,100,16-9,"Table 16-9: Annual maximum fertilization rates of P on cereal crops (kg/ha), as specified in",4,1,45,,,,,,,,,,,,,,,,,,,,,,,,,,,
62,16 Cereals,100,16-9,"Table 16-9: Annual maximum fertilization rates of P on cereal crops (kg/ha), as specified in",5,2,35,,,,,,,,,,,,,,,,,,,,,,,,,,,
62,16 Cereals,100,16-9,"Table 16-9: Annual maximum fertilization rates of P on cereal crops (kg/ha), as specified in",6,3,25,,,,,,,,,,,,,,,,,,,,,,,,,,,
62,16 Cereals,100,16-9,"Table 16-9: Annual maximum fertilization rates of P on cereal crops (kg/ha), as specified in",7,4,04,,,,,,,,,,,,,,,,,,,,,,,,,,,
62,16 Cereals,100,16-9,"Table 16-9: Annual maximum fertilization rates of P on cereal crops (kg/ha), as specified in",8,1. The fertilization rates for soils which have more than 20% organic matter shall not exceed,,,,,,,,,,,,,,,,,,,,,,,,,,,,
62,16 Cereals,100,16-9,"Table 16-9: Annual maximum fertilization rates of P on cereal crops (kg/ha), as specified in",9,the amounts permitted for Index 3 soils.,,,,,,,,,,,,,,,,,,,,,,,,,,,,
62,16 Cereals,100,16-9,"Table 16-9: Annual maximum fertilization rates of P on cereal crops (kg/ha), as specified in",10,2. P rates shown above refer to recommended application rates of available fertilizer.,,,,,,,,,,,,,,,,,,,,,,,,,,,,
62,16 Cereals,100,16-9,"Table 16-9: Annual maximum fertilization rates of P on cereal crops (kg/ha), as specified in",11,Chemical fertilizer rates should be calculated by deducting the P contained in organic,,,,,,,,,,,,,,,,,,,,,,,,,,,,
62,16 Cereals,100,16-9,"Table 16-9: Annual maximum fertilization rates of P on cereal crops (kg/ha), as specified in",12,fertilizer applications from the rates shown in the above table.,,,,,,,,,,,,,,,,,,,,,,,,,,,,
62,16 Cereals,100,16-9,"Table 16-9: Annual maximum fertilization rates of P on cereal crops (kg/ha), as specified in",13,"3. Where proof of higher yields is available, an additional 3.8 kg P/ha may be applied on soils",,,,,,,,,,,,,,,,,,,,,,,,,,,,
62,16 Cereals,100,16-9,"Table 16-9: Annual maximum fertilization rates of P on cereal crops (kg/ha), as specified in",14,"at phosphorus indices 1, 2, or 3 for each additional tonne above a yield of 6.5 tonnes/ha",,,,,,,,,,,,,,,,,,,,,,,,,,,,
62,16 Cereals,100,16-9,"Table 16-9: Annual maximum fertilization rates of P on cereal crops (kg/ha), as specified in",15,(refer to Table 16-10) The higher yields shall be based on the best yield achieved in any of,,,,,,,,,,,,,,,,,,,,,,,,,,,,
62,16 Cereals,100,16-9,"Table 16-9: Annual maximum fertilization rates of P on cereal crops (kg/ha), as specified in",16,"the three previous harvests, at 20% moisture content.",,,,,,,,,,,,,,,,,,,,,,,,,,,,
62,16 Cereals,100,16-9,"Table 16-9: Annual maximum fertilization rates of P on cereal crops (kg/ha), as specified in",17,"4. Where pH is greater than or equal to 7, 20 kg P/ha may be applied on soils at phosphorus",,,,,,,,,,,,,,,,,,,,,,,,,,,,
62,16 Cereals,100,16-9,"Table 16-9: Annual maximum fertilization rates of P on cereal crops (kg/ha), as specified in",18,Index 4.,,,,,,,,,,,,,,,,,,,,,,,,,,,,
63,16 Cereals,100,16-10,Table 16-10: Available phosphorus advice for cereals based on crop yield (kg/ha),1,,Table 16-10: Available phosphorus advice for cereals based on crop yield (kg/ha),,,,,,,,,,,,,,,,,,,,,,,,,,,
63,16 Cereals,100,16-10,Table 16-10: Available phosphorus advice for cereals based on crop yield (kg/ha),2,Soil P Index1,,Grain yield (t/ha)2,,,,,,,,,,,,,,,,,,,,,,,,,,
63,16 Cereals,100,16-10,Table 16-10: Available phosphorus advice for cereals based on crop yield (kg/ha),3,,,6.5,7.52,8.52,9.52,10.52,11.52,,,,,,,,,,,,,,,,,,,,,
63,16 Cereals,100,16-10,Table 16-10: Available phosphorus advice for cereals based on crop yield (kg/ha),4,,1,45,49,52,56,60,64,,,,,,,,,,,,,,,,,,,,,
63,16 Cereals,100,16-10,Table 16-10: Available phosphorus advice for cereals based on crop yield (kg/ha),5,,2,35,39,42,46,50,54,,,,,,,,,,,,,,,,,,,,,
63,16 Cereals,100,16-10,Table 16-10: Available phosphorus advice for cereals based on crop yield (kg/ha),6,,3,25,29,32,36,40,44,,,,,,,,,,,,,,,,,,,,,
63,16 Cereals,100,16-10,Table 16-10: Available phosphorus advice for cereals based on crop yield (kg/ha),7,,4,03,03,03,03,03,03,,,,,,,,,,,,,,,,,,,,,
63,16 Cereals,100,16-10,Table 16-10: Available phosphorus advice for cereals based on crop yield (kg/ha),8,,1. The table above shows thelevels of P for cereal crops based on soil P index and crop yield.,,,,,,,,,,,,,,,,,,,,,,,,,,,
63,16 Cereals,100,16-10,Table 16-10: Available phosphorus advice for cereals based on crop yield (kg/ha),9,,2. Additional P can be applied on the basis of proof of higher grain achieved yields in anyone,,,,,,,,,,,,,,,,,,,,,,,,,,,
63,16 Cereals,100,16-10,Table 16-10: Available phosphorus advice for cereals based on crop yield (kg/ha),10,,of the previous 3 years at 20% MC. An additional 3.8 kg P/ha for each extra one tonne,,,,,,,,,,,,,,,,,,,,,,,,,,,
63,16 Cereals,100,16-10,Table 16-10: Available phosphorus advice for cereals based on crop yield (kg/ha),11,,above the base yield of 6.5t/hacan be applied.,,,,,,,,,,,,,,,,,,,,,,,,,,,
63,16 Cereals,100,16-10,Table 16-10: Available phosphorus advice for cereals based on crop yield (kg/ha),12,,"3. Where pH is greater than or equal to 7, 20 kg P/ha may be applied on soils at phosphorus",,,,,,,,,,,,,,,,,,,,,,,,,,,
63,16 Cereals,100,16-10,Table 16-10: Available phosphorus advice for cereals based on crop yield (kg/ha),13,,index 4.,,,,,,,,,,,,,,,,,,,,,,,,,,,
64,16 Cereals,102,16-11,Table 16-11: Available K advice for cereals where straw is removed (kg/ha),1,,Table 16-11: Available K advice for cereals where straw is removed (kg/ha),,,,,,,,,,,,,,,,,,,,,,,,,,,
64,16 Cereals,102,16-11,Table 16-11: Available K advice for cereals where straw is removed (kg/ha),2,Soil K Index,,CROP1,,,,,,,,,,,,,,,,,,,,,,,,,,
64,16 Cereals,102,16-11,Table 16-11: Available K advice for cereals where straw is removed (kg/ha),3,,,Winter,Winter Barley2,Spring Barley2,,Winter Oats3,,Spring Oats3,,,,,,,,,,,,,,,,,,,,
64,16 Cereals,102,16-11,Table 16-11: Available K advice for cereals where straw is removed (kg/ha),4,,,Wheat2,Spring Wheat3,,,,,,,,,,,,,,,,,,,,,,,,,
64,16 Cereals,102,16-11,Table 16-11: Available K advice for cereals where straw is removed (kg/ha),5,,1,140,130,,115,,160,,140,,,,,,,,,,,,,,,,,,,
64,16 Cereals,102,16-11,Table 16-11: Available K advice for cereals where straw is removed (kg/ha),6,,2,125,115,,100,,145,,125,,,,,,,,,,,,,,,,,,,
64,16 Cereals,102,16-11,Table 16-11: Available K advice for cereals where straw is removed (kg/ha),7,,3,110,100,,85,,130,,110,,,,,,,,,,,,,,,,,,,
64,16 Cereals,102,16-11,Table 16-11: Available K advice for cereals where straw is removed (kg/ha),8,,4,0,0,,0,,0,,0,,,,,,,,,,,,,,,,,,,
64,16 Cereals,102,16-11,Table 16-11: Available K advice for cereals where straw is removed (kg/ha),9,,: 1. Assumed crop yields,,,,,,,,,,,,,,,,,,,,,,,,,,,
64,16 Cereals,102,16-11,Table 16-11: Available K advice for cereals where straw is removed (kg/ha),10,,Winter wheat = 11 t/ha Spring wheat = 8.5 t/ha,,,,,,,,,,,,,,,,,,,,,,,,,,,
64,16 Cereals,102,16-11,Table 16-11: Available K advice for cereals where straw is removed (kg/ha),11,,Winter Barley =10 t/ha Spring Barley = 7.5 t/ha,,,,,,,,,,,,,,,,,,,,,,,,,,,
64,16 Cereals,102,16-11,Table 16-11: Available K advice for cereals where straw is removed (kg/ha),12,,Winter oats = 9.0 t/ha Spring Oats =7.5 t/ha,,,,,,,,,,,,,,,,,,,,,,,,,,,
64,16 Cereals,102,16-11,Table 16-11: Available K advice for cereals where straw is removed (kg/ha),13,,Rates above assume no release of K from the soil.,,,,,,,,,,,,,,,,,,,,,,,,,,,
64,16 Cereals,102,16-11,Table 16-11: Available K advice for cereals where straw is removed (kg/ha),14,,2. For winter wheat and barley crops increase or decrease K rate by 9.8 kg/ha per tonne,,,,,,,,,,,,,,,,,,,,,,,,,,,
64,16 Cereals,102,16-11,Table 16-11: Available K advice for cereals where straw is removed (kg/ha),15,,increase or decrease in grain yield.,,,,,,,,,,,,,,,,,,,,,,,,,,,
64,16 Cereals,102,16-11,Table 16-11: Available K advice for cereals where straw is removed (kg/ha),16,,3. For spring wheat and barley crops increase or decrease K rate by 11.4 kg/ha per tonne,,,,,,,,,,,,,,,,,,,,,,,,,,,
64,16 Cereals,102,16-11,Table 16-11: Available K advice for cereals where straw is removed (kg/ha),17,,increase or decrease in grain yield.,,,,,,,,,,,,,,,,,,,,,,,,,,,
64,16 Cereals,102,16-11,Table 16-11: Available K advice for cereals where straw is removed (kg/ha),18,,4. For oat crops increase or decrease K rate by 14.4 kg/ha per tonne increase or decrease in,,,,,,,,,,,,,,,,,,,,,,,,,,,
64,16 Cereals,102,16-11,Table 16-11: Available K advice for cereals where straw is removed (kg/ha),19,,grain yield.,,,,,,,,,,,,,,,,,,,,,,,,,,,
65,16 Cereals,103,16-12,Table 16-12: Available K advice for cereals where straw is not removed (kg/ha),1,,Table 16-12: Available K advice for cereals where straw is not removed (kg/ha),,,,,,,,,,,,,,,,,,,,,,,,,,,
65,16 Cereals,103,16-12,Table 16-12: Available K advice for cereals where straw is not removed (kg/ha),2,Soil K Index,,CROP1,,,,,,,,,,,,,,,,,,,,,,,,,,
65,16 Cereals,103,16-12,Table 16-12: Available K advice for cereals where straw is not removed (kg/ha),3,,,Winter Wheat2,Spring,Spring,Winter Oats2,,Spring Oats2,,,,,,,,,,,,,,,,,,,,,
65,16 Cereals,103,16-12,Table 16-12: Available K advice for cereals where straw is not removed (kg/ha),4,,,Winter Barley2,Wheat2,Barley2,,,,,,,,,,,,,,,,,,,,,,,,
65,16 Cereals,103,16-12,Table 16-12: Available K advice for cereals where straw is not removed (kg/ha),5,,1,80,70,65,,75,,65,,,,,,,,,,,,,,,,,,,,
65,16 Cereals,103,16-12,Table 16-12: Available K advice for cereals where straw is not removed (kg/ha),6,,2,65,55,50,,60,,50,,,,,,,,,,,,,,,,,,,,
65,16 Cereals,103,16-12,Table 16-12: Available K advice for cereals where straw is not removed (kg/ha),7,,3,50,40,35,,45,,35,,,,,,,,,,,,,,,,,,,,
65,16 Cereals,103,16-12,Table 16-12: Available K advice for cereals where straw is not removed (kg/ha),8,,4,0,0,0,,0,,0,,,,,,,,,,,,,,,,,,,,
65,16 Cereals,103,16-12,Table 16-12: Available K advice for cereals where straw is not removed (kg/ha),9,,1. Assumed crop yields:,,,,,,,,,,,,,,,,,,,,,,,,,,,
65,16 Cereals,103,16-12,Table 16-12: Available K advice for cereals where straw is not removed (kg/ha),10,,Winter wheat = 11 t/ha Spring wheat = 8.5 t/ha,,,,,,,,,,,,,,,,,,,,,,,,,,,
65,16 Cereals,103,16-12,Table 16-12: Available K advice for cereals where straw is not removed (kg/ha),11,,Winter Barley = 10 t/ha Spring Barley = 7.5 t/ha,,,,,,,,,,,,,,,,,,,,,,,,,,,
65,16 Cereals,103,16-12,Table 16-12: Available K advice for cereals where straw is not removed (kg/ha),12,,Winter oats = 9.0 t/ha Spring Oats = 7.5 t/ha,,,,,,,,,,,,,,,,,,,,,,,,,,,
65,16 Cereals,103,16-12,Table 16-12: Available K advice for cereals where straw is not removed (kg/ha),13,,Rates above assume no release of K from the soil.,,,,,,,,,,,,,,,,,,,,,,,,,,,
65,16 Cereals,103,16-12,Table 16-12: Available K advice for cereals where straw is not removed (kg/ha),14,,"2. For wheat, barley and oat crops: increase or decrease K rate by 4.7 kg/ha per tonne",,,,,,,,,,,,,,,,,,,,,,,,,,,
65,16 Cereals,103,16-12,Table 16-12: Available K advice for cereals where straw is not removed (kg/ha),15,,increase or decrease in grain yield.,,,,,,,,,,,,,,,,,,,,,,,,,,,
66,17 Root Crops,105,16-13,Table 16-13: Available Mg for cereal crops (kg/ha),1,Table 16-13: Available Mg for cereal crops (kg/ha),,,,,,,,,,,,,,,,,,,,,,,,,,,,
66,17 Root Crops,105,16-13,Table 16-13: Available Mg for cereal crops (kg/ha),2,Soil Mg Index,"Available Mg (kg/ha)1,2",,,,,,,,,,,,,,,,,,,,,,,,,,,
66,17 Root Crops,105,16-13,Table 16-13: Available Mg for cereal crops (kg/ha),3,1,60,,,,,,,,,,,,,,,,,,,,,,,,,,,
66,17 Root Crops,105,16-13,Table 16-13: Available Mg for cereal crops (kg/ha),4,2,30,,,,,,,,,,,,,,,,,,,,,,,,,,,
66,17 Root Crops,105,16-13,Table 16-13: Available Mg for cereal crops (kg/ha),5,3,0,,,,,,,,,,,,,,,,,,,,,,,,,,,
66,17 Root Crops,105,16-13,Table 16-13: Available Mg for cereal crops (kg/ha),6,4,0,,,,,,,,,,,,,,,,,,,,,,,,,,,
66,17 Root Crops,105,16-13,Table 16-13: Available Mg for cereal crops (kg/ha),7,"Source (DEFRA, 2010)",,,,,,,,,,,,,,,,,,,,,,,,,,,,
67,17 Root Crops,107,17-1,Table 17-1: Classification of varieties according to haulmlongevity1or maturity,1,Table 17-1: Classification of varieties according to haulmlongevity1or maturity,,,,,,,,,,,,,,,,,,,,,,,,,,,,
67,17 Root Crops,107,17-1,Table 17-1: Classification of varieties according to haulmlongevity1or maturity,2,,Group,,,,,,,,,,,,,,,,,,,,,,,,,,,
67,17 Root Crops,107,17-1,Table 17-1: Classification of varieties according to haulmlongevity1or maturity,3,,1,2,,3,,4,,,,,,,,,,,,,,,,,,,,,,
67,17 Root Crops,107,17-1,Table 17-1: Classification of varieties according to haulmlongevity1or maturity,4,Determinate varieties,,Partially determinate,Intermediate varieties,,,,,,,,,,,,,,,,,,,,,,,,,
67,17 Root Crops,107,17-1,Table 17-1: Classification of varieties according to haulmlongevity1or maturity,5,,,varieties,,,,,,,,,,,,,,,,,,,,,,,,,,
67,17 Root Crops,107,17-1,Table 17-1: Classification of varieties according to haulmlongevity1or maturity,6,,Short haulm,Medium haulm,,Long haulm,,Very long haulm,,,,,,,,,,,,,,,,,,,,,,
67,17 Root Crops,107,17-1,Table 17-1: Classification of varieties according to haulmlongevity1or maturity,7,,longevity1,longevity1,,longevity1,,longevity1,,,,,,,,,,,,,,,,,,,,,,
67,17 Root Crops,107,17-1,Table 17-1: Classification of varieties according to haulmlongevity1or maturity,8,Premiere Home Guard,Premiere,British Queen,Rooster Maris Piper Golden Wonder Record Electra,Rooster,Markies Kerr’s Pink Cara,Markies,,,,,,,,,,,,,,,,,,,,,,
67,17 Root Crops,107,17-1,Table 17-1: Classification of varieties according to haulmlongevity1or maturity,9,,Home Guard,Lady Rosetta,,Maris Piper,,Kerr’s Pink,,,,,,,,,,,,,,,,,,,,,,
67,17 Root Crops,107,17-1,Table 17-1: Classification of varieties according to haulmlongevity1or maturity,10,,,Lady Claire,,Golden Wonder,,Cara,,,,,,,,,,,,,,,,,,,,,,
67,17 Root Crops,107,17-1,Table 17-1: Classification of varieties according to haulmlongevity1or maturity,11,,,"Nectar,",,Record,,,,,,,,,,,,,,,,,,,,,,,,
67,17 Root Crops,107,17-1,Table 17-1: Classification of varieties according to haulmlongevity1or maturity,12,,,Maris Peer,,Electra,,,,,,,,,,,,,,,,,,,,,,,,
67,17 Root Crops,107,17-1,Table 17-1: Classification of varieties according to haulmlongevity1or maturity,13,,,Charlotte,,,,,,,,,,,,,,,,,,,,,,,,,,
67,17 Root Crops,107,17-1,Table 17-1: Classification of varieties according to haulmlongevity1or maturity,14,,1. Haulm longevity assessed from 50% emergence to haulm death.,,,,,,,,,,,,,,,,,,,,,,,,,,,
68,17 Root Crops,108,17-2,Table 17-2: Available N advice for potatoes (kg/ha)2,1,Table 17-2: Available N advice for potatoes (kg/ha)2,,,,,,,,,,,,,,,,,,,,,,,,,,,,
68,17 Root Crops,108,17-2,Table 17-2: Available N advice for potatoes (kg/ha)2,2,,Length of,,,Variety,,,,Soil N Index1,,,,,,,,,,,,,,,,,,,,
68,17 Root Crops,108,17-2,Table 17-2: Available N advice for potatoes (kg/ha)2,3,,growing,,,determinacy,,,Index 1,,Index 2,,Index 3,,Index 4,,,,,,,,,,,,,,,
68,17 Root Crops,108,17-2,Table 17-2: Available N advice for potatoes (kg/ha)2,4,,season,,,group,,,,,,,,,,,,,,,,,,,,,,,,
68,17 Root Crops,108,17-2,Table 17-2: Available N advice for potatoes (kg/ha)2,5,,,,,,,,,---------------------- Available N----------------------,,,,,,,,,,,,,,,,,,,,
68,17 Root Crops,108,17-2,Table 17-2: Available N advice for potatoes (kg/ha)2,6,< 60 days,,,,,1,,,100-140,,80-120,,60-100,,40-60,,,,,,,,,,,,,,
68,17 Root Crops,108,17-2,Table 17-2: Available N advice for potatoes (kg/ha)2,7,,,,,,2,,,80-120,,60-100,,40-70,,0-40,,,,,,,,,,,,,,
68,17 Root Crops,108,17-2,Table 17-2: Available N advice for potatoes (kg/ha)2,8,,,,,,3,,,60-100,,50-80,,30-60,,0-30,,,,,,,,,,,,,,
68,17 Root Crops,108,17-2,Table 17-2: Available N advice for potatoes (kg/ha)2,9,,,,,,4,,,N/A,,N/A,,N/A,,N/A,,,,,,,,,,,,,,
68,17 Root Crops,108,17-2,Table 17-2: Available N advice for potatoes (kg/ha)2,10,60-90 days Earlies,,,,,1,,,160-210,,140-170,,120-150,,90-120,,,,,,,,,,,,,,
68,17 Root Crops,108,17-2,Table 17-2: Available N advice for potatoes (kg/ha)2,11,,,,,,2,,,100-160,,70-130,,50-110,,40-80,,,,,,,,,,,,,,
68,17 Root Crops,108,17-2,Table 17-2: Available N advice for potatoes (kg/ha)2,12,,,,,,3,,,60-140,,50-110,,30-90,,0-60,,,,,,,,,,,,,,
68,17 Root Crops,108,17-2,Table 17-2: Available N advice for potatoes (kg/ha)2,13,,,,,,4,,,40-80,,30-50,,10-40,,0-40,,,,,,,,,,,,,,
68,17 Root Crops,108,17-2,Table 17-2: Available N advice for potatoes (kg/ha)2,14,90-120 days Maincrop/Seed,,,,,1,,,220-270,,200-230,,180-210,,150-180,,,,,,,,,,,,,,
68,17 Root Crops,108,17-2,Table 17-2: Available N advice for potatoes (kg/ha)2,15,,,,,,2,,,150-220,,120-170,,100-150,,80-120,,,,,,,,,,,,,,
68,17 Root Crops,108,17-2,Table 17-2: Available N advice for potatoes (kg/ha)2,16,,,,,,3,,,110-180,,90-110,,70-90,,40-60,,,,,,,,,,,,,,
68,17 Root Crops,108,17-2,Table 17-2: Available N advice for potatoes (kg/ha)2,17,,,,,,4,,,80-140,,50-70,,40-50,,0-40,,,,,,,,,,,,,,
68,17 Root Crops,108,17-2,Table 17-2: Available N advice for potatoes (kg/ha)2,18,>120 days Maincrop,,,,,1,,,N/A,,N/A,,N/A,,N/A,,,,,,,,,,,,,,
68,17 Root Crops,108,17-2,Table 17-2: Available N advice for potatoes (kg/ha)2,19,,,,,,2,,,190-250,,160-190,,140-170,,120-140,,,,,,,,,,,,,,
68,17 Root Crops,108,17-2,Table 17-2: Available N advice for potatoes (kg/ha)2,20,,,,,,3,,,150-210,,130-150,,110-130,,80-100,,,,,,,,,,,,,,
68,17 Root Crops,108,17-2,Table 17-2: Available N advice for potatoes (kg/ha)2,21,,,,,,4,,,100-180,,70-90,,50-70,,20-40,,,,,,,,,,,,,,
68,17 Root Crops,108,17-2,Table 17-2: Available N advice for potatoes (kg/ha)2,22,1. See Tables 6-2 and 6-3 for soil N Index.,,,,,,,,,,,,,,,,,,,,,,,,,,,,
68,17 Root Crops,108,17-2,Table 17-2: Available N advice for potatoes (kg/ha)2,23,2. Note higher levels ofavailable N thanare currently allowable under the NAP regulations,,,,,,,,,,,,,,,,,,,,,,,,,,,,
68,17 Root Crops,108,17-2,Table 17-2: Available N advice for potatoes (kg/ha)2,24,are,,,recommended for potato crops when growing season length by variety determinacy,,,,,,,,,,,,,,,,,,,,,,,,,
68,17 Root Crops,108,17-2,Table 17-2: Available N advice for potatoes (kg/ha)2,25,,,group are considered,,,,.,,,,,,,,,,,,,,,,,,,,,,
68,17 Root Crops,108,17-2,Table 17-2: Available N advice for potatoes (kg/ha)2,26,"3. AvailableNrate will need to be considered withcrop factors such as soil type, field",,,,,,,,,,,,,,,,,,,,,,,,,,,,
68,17 Root Crops,108,17-2,Table 17-2: Available N advice for potatoes (kg/ha)2,27,"history,sowing date, and market requirements etc.",,,,,,,,,,,,,,,,,,,,,,,,,,,,
69,17 Root Crops,109,17-3,Table 17-3:Example 1.Main Crop Rooster planted into long term tillage land (Index 1),1,Table 17-3:Example 1.Main Crop Rooster planted into long term tillage land (Index 1),,,,,,,,,,,,,,,,,,,,,,,,,,,,
69,17 Root Crops,109,17-3,Table 17-3:Example 1.Main Crop Rooster planted into long term tillage land (Index 1),2,,Length of growing,,Variety determinacy,Index 1,,Available N,,,,,,,,,,,,,,,,,,,,,,
69,17 Root Crops,109,17-3,Table 17-3:Example 1.Main Crop Rooster planted into long term tillage land (Index 1),3,,season,,group,,,(kg/ha),,,,,,,,,,,,,,,,,,,,,,
69,17 Root Crops,109,17-3,Table 17-3:Example 1.Main Crop Rooster planted into long term tillage land (Index 1),4,,>120 days,3,,1,170 kg/ha1,,,,,,,,,,,,,,,,,,,,,,,
69,17 Root Crops,109,17-3,Table 17-3:Example 1.Main Crop Rooster planted into long term tillage land (Index 1),5,,Main crop,,,,,,,,,,,,,,,,,,,,,,,,,,,
69,17 Root Crops,109,17-3,Table 17-3:Example 1.Main Crop Rooster planted into long term tillage land (Index 1),6,,1. Recommended maximum N rate-for Rooster which has high soil N utilisation is not,,,,,,,,,,,,,,,,,,,,,,,,,,,
69,17 Root Crops,109,17-3,Table 17-3:Example 1.Main Crop Rooster planted into long term tillage land (Index 1),7,,recommended to apply more than 170 kg/ha N.,,,,,,,,,,,,,,,,,,,,,,,,,,,
70,17 Root Crops,109,17-4,Table 17-4:Example 2.British Queen planted into long term tillage land (Index 1),1,Table 17-4:Example 2.British Queen planted into long term tillage land (Index 1),,,,,,,,,,,,,,,,,,,,,,,,,,,,
70,17 Root Crops,109,17-4,Table 17-4:Example 2.British Queen planted into long term tillage land (Index 1),2,,Length of growing,Variety determinacy,Index 1,,Available N,,,,,,,,,,,,,,,,,,,,,,,
70,17 Root Crops,109,17-4,Table 17-4:Example 2.British Queen planted into long term tillage land (Index 1),3,,season,group,,,(kg/ha),,,,,,,,,,,,,,,,,,,,,,,
70,17 Root Crops,109,17-4,Table 17-4:Example 2.British Queen planted into long term tillage land (Index 1),4,,90-120 days,2,,1,150 kg/ha1,,,,,,,,,,,,,,,,,,,,,,,
70,17 Root Crops,109,17-4,Table 17-4:Example 2.British Queen planted into long term tillage land (Index 1),5,,Second early,,,,,,,,,,,,,,,,,,,,,,,,,,,
70,17 Root Crops,109,17-4,Table 17-4:Example 2.British Queen planted into long term tillage land (Index 1),6,,1.Recommended maximum N rate-for British Queen which has medium soil N utilisation is not,,,,,,,,,,,,,,,,,,,,,,,,,,,
70,17 Root Crops,109,17-4,Table 17-4:Example 2.British Queen planted into long term tillage land (Index 1),7,,recommended to apply more than 150 kg/ha N as a second early.,,,,,,,,,,,,,,,,,,,,,,,,,,,
71,17 Root Crops,109,17-5,Table 17-5: Available N advice for salad / baby potatoes (kg/ha),1,Table 17-5: Available N advice for salad / baby potatoes (kg/ha),,,,,,,,,,,,,,,,,,,,,,,,,,,,
71,17 Root Crops,109,17-5,Table 17-5: Available N advice for salad / baby potatoes (kg/ha),2,,Length of,Variety,,,Soil N Index1,,,,,,,,,,,,,,,,,,,,,,,
71,17 Root Crops,109,17-5,Table 17-5: Available N advice for salad / baby potatoes (kg/ha),3,,growing,determinacy,,Index 1,,Index 2,,Index 3,,Index 4,,,,,,,,,,,,,,,,,,
71,17 Root Crops,109,17-5,Table 17-5: Available N advice for salad / baby potatoes (kg/ha),4,,season,group,,,,,,,,,,,,,,,,,,,,,,,,,,
71,17 Root Crops,109,17-5,Table 17-5: Available N advice for salad / baby potatoes (kg/ha),5,< 60 days Salads,,,1,,60-100,,50-90,,40-80,,30-60,,,,,,,,,,,,,,,,,
71,17 Root Crops,109,17-5,Table 17-5: Available N advice for salad / baby potatoes (kg/ha),6,,,,2,,50-90,,40-80,,30-70,,0-40,,,,,,,,,,,,,,,,,
71,17 Root Crops,109,17-5,Table 17-5: Available N advice for salad / baby potatoes (kg/ha),7,,,,1,,80-120,,60-100,,40-80,,30-70,,,,,,,,,,,,,,,,,
71,17 Root Crops,109,17-5,Table 17-5: Available N advice for salad / baby potatoes (kg/ha),8,60-90 days,,,,,,,,,,,,,,,,,,,,,,,,,,,,
71,17 Root Crops,109,17-5,Table 17-5: Available N advice for salad / baby potatoes (kg/ha),9,Salads,,,2,,70-110,,50-100,,40-90,,30-70,,,,,,,,,,,,,,,,,
71,17 Root Crops,109,17-5,Table 17-5: Available N advice for salad / baby potatoes (kg/ha),10,1. See Tables 6-2 and 6-3 for soil N Index.,,,,,,,,,,,,,,,,,,,,,,,,,,,,
72,17 Root Crops,110,17-6,Table 17-6: P and K broadcast rates for potatoes1(kg/ha),1,Table 17-6: P and K broadcast rates for potatoes1(kg/ha),,,,,,,,,,,,,,,,,,,,,,,,,,,,
72,17 Root Crops,110,17-6,Table 17-6: P and K broadcast rates for potatoes1(kg/ha),2,,"Soil P, K",P,,K,,,,,,,,,,,,,,,,,,,,,,,,
72,17 Root Crops,110,17-6,Table 17-6: P and K broadcast rates for potatoes1(kg/ha),3,,Index2,,,,,,,,,,,,,,,,,,,,,,,,,,,
72,17 Root Crops,110,17-6,Table 17-6: P and K broadcast rates for potatoes1(kg/ha),4,,Maincrop,,,,,,,,,,,,,,,,,,,,,,,,,,,
72,17 Root Crops,110,17-6,Table 17-6: P and K broadcast rates for potatoes1(kg/ha),5,,1,,125,,305,,,,,,,,,,,,,,,,,,,,,,,
72,17 Root Crops,110,17-6,Table 17-6: P and K broadcast rates for potatoes1(kg/ha),6,,2,,100,,245,,,,,,,,,,,,,,,,,,,,,,,
72,17 Root Crops,110,17-6,Table 17-6: P and K broadcast rates for potatoes1(kg/ha),7,,3,,75,,185,,,,,,,,,,,,,,,,,,,,,,,
72,17 Root Crops,110,17-6,Table 17-6: P and K broadcast rates for potatoes1(kg/ha),8,,4,,503,,120,,,,,,,,,,,,,,,,,,,,,,,
72,17 Root Crops,110,17-6,Table 17-6: P and K broadcast rates for potatoes1(kg/ha),9,,Earlies,,,,,,,,,,,,,,,,,,,,,,,,,,,
72,17 Root Crops,110,17-6,Table 17-6: P and K broadcast rates for potatoes1(kg/ha),10,,1,,125,,170,,,,,,,,,,,,,,,,,,,,,,,
72,17 Root Crops,110,17-6,Table 17-6: P and K broadcast rates for potatoes1(kg/ha),11,,2,,115,,140,,,,,,,,,,,,,,,,,,,,,,,
72,17 Root Crops,110,17-6,Table 17-6: P and K broadcast rates for potatoes1(kg/ha),12,,3,,100,,110,,,,,,,,,,,,,,,,,,,,,,,
72,17 Root Crops,110,17-6,Table 17-6: P and K broadcast rates for potatoes1(kg/ha),13,,4,,503,,80,,,,,,,,,,,,,,,,,,,,,,,
72,17 Root Crops,110,17-6,Table 17-6: P and K broadcast rates for potatoes1(kg/ha),14,,Salad,,,,,,,,,,,,,,,,,,,,,,,,,,,
72,17 Root Crops,110,17-6,Table 17-6: P and K broadcast rates for potatoes1(kg/ha),15,,1,,125,,245,,,,,,,,,,,,,,,,,,,,,,,
72,17 Root Crops,110,17-6,Table 17-6: P and K broadcast rates for potatoes1(kg/ha),16,,2,,115,,185,,,,,,,,,,,,,,,,,,,,,,,
72,17 Root Crops,110,17-6,Table 17-6: P and K broadcast rates for potatoes1(kg/ha),17,,3,,100,,120,,,,,,,,,,,,,,,,,,,,,,,
72,17 Root Crops,110,17-6,Table 17-6: P and K broadcast rates for potatoes1(kg/ha),18,,4,,853,,65,,,,,,,,,,,,,,,,,,,,,,,
72,17 Root Crops,110,17-6,Table 17-6: P and K broadcast rates for potatoes1(kg/ha),19,,Seed,,,,,,,,,,,,,,,,,,,,,,,,,,,
72,17 Root Crops,110,17-6,Table 17-6: P and K broadcast rates for potatoes1(kg/ha),20,,1,,125,,170,,,,,,,,,,,,,,,,,,,,,,,
72,17 Root Crops,110,17-6,Table 17-6: P and K broadcast rates for potatoes1(kg/ha),21,,2,,115,,140,,,,,,,,,,,,,,,,,,,,,,,
72,17 Root Crops,110,17-6,Table 17-6: P and K broadcast rates for potatoes1(kg/ha),22,,3,,100,,110,,,,,,,,,,,,,,,,,,,,,,,
72,17 Root Crops,110,17-6,Table 17-6: P and K broadcast rates for potatoes1(kg/ha),23,,4,,853,,80,,,,,,,,,,,,,,,,,,,,,,,
72,17 Root Crops,110,17-6,Table 17-6: P and K broadcast rates for potatoes1(kg/ha),24,,"1. Where all the fertilizer is band-placed, or broadcast on the open drills, the",,,,,,,,,,,,,,,,,,,,,,,,,,,
72,17 Root Crops,110,17-6,Table 17-6: P and K broadcast rates for potatoes1(kg/ha),25,,recommended rates can be reduced by 20%.,,,,,,,,,,,,,,,,,,,,,,,,,,,
72,17 Root Crops,110,17-6,Table 17-6: P and K broadcast rates for potatoes1(kg/ha),26,,"2. Table 6-4 for soil P Index, and Table 6-5 for soil K Index.",,,,,,,,,,,,,,,,,,,,,,,,,,,
72,17 Root Crops,110,17-6,Table 17-6: P and K broadcast rates for potatoes1(kg/ha),27,,"3. Wheresoil P test is above 15 mg/l, no fertilizer P is necessary.",,,,,,,,,,,,,,,,,,,,,,,,,,,
73,17 Root Crops,112,17-7,Table 17-7: Annual maximum fertilisation rates of available N and P for potatoes1(kg/ha) as specifiedin the NAP regulations,1,Table 17-7: Annual maximum fertilisation rates of available N and P for potatoes1(kg/ha) as specifiedin the NAP regulations,,,,,,,,,,,,,,,,,,,,,,,,,,,,
73,17 Root Crops,112,17-7,Table 17-7: Annual maximum fertilisation rates of available N and P for potatoes1(kg/ha) as specifiedin the NAP regulations,2,,"Soil N, P, K",N,,P,,,,,,,,,,,,,,,,,,,,,,,,
73,17 Root Crops,112,17-7,Table 17-7: Annual maximum fertilisation rates of available N and P for potatoes1(kg/ha) as specifiedin the NAP regulations,3,,Index,,,,,,,,,,,,,,,,,,,,,,,,,,,
73,17 Root Crops,112,17-7,Table 17-7: Annual maximum fertilisation rates of available N and P for potatoes1(kg/ha) as specifiedin the NAP regulations,4,,Main crop,,,,,,,,,,,,,,,,,,,,,,,,,,,
73,17 Root Crops,112,17-7,Table 17-7: Annual maximum fertilisation rates of available N and P for potatoes1(kg/ha) as specifiedin the NAP regulations,5,,1,,170,,125,,,,,,,,,,,,,,,,,,,,,,,
73,17 Root Crops,112,17-7,Table 17-7: Annual maximum fertilisation rates of available N and P for potatoes1(kg/ha) as specifiedin the NAP regulations,6,,2,,145,,100,,,,,,,,,,,,,,,,,,,,,,,
73,17 Root Crops,112,17-7,Table 17-7: Annual maximum fertilisation rates of available N and P for potatoes1(kg/ha) as specifiedin the NAP regulations,7,,3,,120,,75,,,,,,,,,,,,,,,,,,,,,,,
73,17 Root Crops,112,17-7,Table 17-7: Annual maximum fertilisation rates of available N and P for potatoes1(kg/ha) as specifiedin the NAP regulations,8,,4,,95,,503,,,,,,,,,,,,,,,,,,,,,,,
73,17 Root Crops,112,17-7,Table 17-7: Annual maximum fertilisation rates of available N and P for potatoes1(kg/ha) as specifiedin the NAP regulations,9,,Early,,,,,,,,,,,,,,,,,,,,,,,,,,,
73,17 Root Crops,112,17-7,Table 17-7: Annual maximum fertilisation rates of available N and P for potatoes1(kg/ha) as specifiedin the NAP regulations,10,,1,,155,,125,,,,,,,,,,,,,,,,,,,,,,,
73,17 Root Crops,112,17-7,Table 17-7: Annual maximum fertilisation rates of available N and P for potatoes1(kg/ha) as specifiedin the NAP regulations,11,,2,,130,,115,,,,,,,,,,,,,,,,,,,,,,,
73,17 Root Crops,112,17-7,Table 17-7: Annual maximum fertilisation rates of available N and P for potatoes1(kg/ha) as specifiedin the NAP regulations,12,,3,,105,,100,,,,,,,,,,,,,,,,,,,,,,,
73,17 Root Crops,112,17-7,Table 17-7: Annual maximum fertilisation rates of available N and P for potatoes1(kg/ha) as specifiedin the NAP regulations,13,,4,,80,,503,,,,,,,,,,,,,,,,,,,,,,,
73,17 Root Crops,112,17-7,Table 17-7: Annual maximum fertilisation rates of available N and P for potatoes1(kg/ha) as specifiedin the NAP regulations,14,,Seed,,,,,,,,,,,,,,,,,,,,,,,,,,,
73,17 Root Crops,112,17-7,Table 17-7: Annual maximum fertilisation rates of available N and P for potatoes1(kg/ha) as specifiedin the NAP regulations,15,,1,,155,,125,,,,,,,,,,,,,,,,,,,,,,,
73,17 Root Crops,112,17-7,Table 17-7: Annual maximum fertilisation rates of available N and P for potatoes1(kg/ha) as specifiedin the NAP regulations,16,,2,,130,,115,,,,,,,,,,,,,,,,,,,,,,,
73,17 Root Crops,112,17-7,Table 17-7: Annual maximum fertilisation rates of available N and P for potatoes1(kg/ha) as specifiedin the NAP regulations,17,,3,,105,,100,,,,,,,,,,,,,,,,,,,,,,,
73,17 Root Crops,112,17-7,Table 17-7: Annual maximum fertilisation rates of available N and P for potatoes1(kg/ha) as specifiedin the NAP regulations,18,,4,,80,,853,,,,,,,,,,,,,,,,,,,,,,,
73,17 Root Crops,112,17-7,Table 17-7: Annual maximum fertilisation rates of available N and P for potatoes1(kg/ha) as specifiedin the NAP regulations,19,,1. See Tables 6-2 and 6-3 for soil N Index and Table 6-4 for soil P Index.,,,,,,,,,,,,,,,,,,,,,,,,,,,
74,17 Root Crops,113,17-8,Table 17-8: Available N for fodder beet and sugar beet subject to different rainfall amounts1(kg/ha),1,Table 17-8: Available N for fodder beet and sugar beet subject to different rainfall amounts1(kg/ha),,,,,,,,,,,,,,,,,,,,,,,,,,,,
74,17 Root Crops,113,17-8,Table 17-8: Available N for fodder beet and sugar beet subject to different rainfall amounts1(kg/ha),2,Soil N Index2,,Rainfall (mm) April-June,,,,,,,,,,,,,,,,,,,,,,,,,,
74,17 Root Crops,113,17-8,Table 17-8: Available N for fodder beet and sugar beet subject to different rainfall amounts1(kg/ha),3,,,140,200,260,,,,,,,,,,,,,,,,,,,,,,,,
74,17 Root Crops,113,17-8,Table 17-8: Available N for fodder beet and sugar beet subject to different rainfall amounts1(kg/ha),4,,1,165,175,185,,,,,,,,,,,,,,,,,,,,,,,,
74,17 Root Crops,113,17-8,Table 17-8: Available N for fodder beet and sugar beet subject to different rainfall amounts1(kg/ha),5,,2,135,145,155,,,,,,,,,,,,,,,,,,,,,,,,
74,17 Root Crops,113,17-8,Table 17-8: Available N for fodder beet and sugar beet subject to different rainfall amounts1(kg/ha),6,,3,95,105,115,,,,,,,,,,,,,,,,,,,,,,,,
74,17 Root Crops,113,17-8,Table 17-8: Available N for fodder beet and sugar beet subject to different rainfall amounts1(kg/ha),7,,4,60,70,80,,,,,,,,,,,,,,,,,,,,,,,,
74,17 Root Crops,113,17-8,Table 17-8: Available N for fodder beet and sugar beet subject to different rainfall amounts1(kg/ha),8,,"1. For late-sown crops, reduce N by 20% if sown after April.",,,,,,,,,,,,,,,,,,,,,,,,,,,
74,17 Root Crops,113,17-8,Table 17-8: Available N for fodder beet and sugar beet subject to different rainfall amounts1(kg/ha),9,,2. See Tables 6-2 and 6-3 for Soil N index.,,,,,,,,,,,,,,,,,,,,,,,,,,,
75,18 Other Arable Crops,114,17-9,"Table 17-9: P, K, Na and Mg advice for fodder beet and sugar beet for non-K fixing soils1of average clay content2(kg/ha)",1,"Table 17-9: P, K, Na and Mg advice for fodder beet and sugar beet for non-K fixing soils1of average clay content2(kg/ha)",,,,,,,,,,,,,,,,,,,,,,,,,,,,
75,18 Other Arable Crops,114,17-9,"Table 17-9: P, K, Na and Mg advice for fodder beet and sugar beet for non-K fixing soils1of average clay content2(kg/ha)",2,,"Soil P, K, Mg",P,,K,,Mg,,,,,,,,,,,,,,,,,,,,,,
75,18 Other Arable Crops,114,17-9,"Table 17-9: P, K, Na and Mg advice for fodder beet and sugar beet for non-K fixing soils1of average clay content2(kg/ha)",3,,Index3,,,,,,,,,,,,,,,,,,,,,,,,,,,
75,18 Other Arable Crops,114,17-9,"Table 17-9: P, K, Na and Mg advice for fodder beet and sugar beet for non-K fixing soils1of average clay content2(kg/ha)",4,,1,,70,,320,,100,,,,,,,,,,,,,,,,,,,,,
75,18 Other Arable Crops,114,17-9,"Table 17-9: P, K, Na and Mg advice for fodder beet and sugar beet for non-K fixing soils1of average clay content2(kg/ha)",5,,2,,55,,240,,50,,,,,,,,,,,,,,,,,,,,,
75,18 Other Arable Crops,114,17-9,"Table 17-9: P, K, Na and Mg advice for fodder beet and sugar beet for non-K fixing soils1of average clay content2(kg/ha)",6,,3,,40,,160,,0,,,,,,,,,,,,,,,,,,,,,
75,18 Other Arable Crops,114,17-9,"Table 17-9: P, K, Na and Mg advice for fodder beet and sugar beet for non-K fixing soils1of average clay content2(kg/ha)",7,,4,,204,,80,,0,,,,,,,,,,,,,,,,,,,,,
75,18 Other Arable Crops,114,17-9,"Table 17-9: P, K, Na and Mg advice for fodder beet and sugar beet for non-K fixing soils1of average clay content2(kg/ha)",8,,1. Add 70kg/ha K for K fixing Athy soil series.,,,,,,,,,,,,,,,,,,,,,,,,,,,
75,18 Other Arable Crops,114,17-9,"Table 17-9: P, K, Na and Mg advice for fodder beet and sugar beet for non-K fixing soils1of average clay content2(kg/ha)",9,,"2. Subtract 50 kg /ha K for micaceous, clayey east Cork soils.",,,,,,,,,,,,,,,,,,,,,,,,,,,
75,18 Other Arable Crops,114,17-9,"Table 17-9: P, K, Na and Mg advice for fodder beet and sugar beet for non-K fixing soils1of average clay content2(kg/ha)",10,,"3. See Table 6-4 for soil P Index, Table 6-5 for soil K Index, and Table 6-6 for soil Mg",,,,,,,,,,,,,,,,,,,,,,,,,,,
75,18 Other Arable Crops,114,17-9,"Table 17-9: P, K, Na and Mg advice for fodder beet and sugar beet for non-K fixing soils1of average clay content2(kg/ha)",11,,Index.,,,,,,,,,,,,,,,,,,,,,,,,,,,
75,18 Other Arable Crops,114,17-9,"Table 17-9: P, K, Na and Mg advice for fodder beet and sugar beet for non-K fixing soils1of average clay content2(kg/ha)",12,,"4. Wheresoil P test is above 15 mg/l, no fertilizer P is necessary.",,,,,,,,,,,,,,,,,,,,,,,,,,,
76,18 Other Arable Crops,116,17-10,"Table 17-10: N, P and K for swedes and turnips (kg/ha)",1,"Table 17-10: N, P and K for swedes and turnips (kg/ha)",,,,,,,,,,,,,,,,,,,,,,,,,,,,
76,18 Other Arable Crops,116,17-10,"Table 17-10: N, P and K for swedes and turnips (kg/ha)",2,,"Soil N, P, K",N3,,P,,K,,,,,,,,,,,,,,,,,,,,,,
76,18 Other Arable Crops,116,17-10,"Table 17-10: N, P and K for swedes and turnips (kg/ha)",3,,Index1,,,,,,,,,,,,,,,,,,,,,,,,,,,
76,18 Other Arable Crops,116,17-10,"Table 17-10: N, P and K for swedes and turnips (kg/ha)",4,,1,,90,,70,,250,,,,,,,,,,,,,,,,,,,,,
76,18 Other Arable Crops,116,17-10,"Table 17-10: N, P and K for swedes and turnips (kg/ha)",5,,2,,70,,60,,200,,,,,,,,,,,,,,,,,,,,,
76,18 Other Arable Crops,116,17-10,"Table 17-10: N, P and K for swedes and turnips (kg/ha)",6,,3,,40,,40,,170,,,,,,,,,,,,,,,,,,,,,
76,18 Other Arable Crops,116,17-10,"Table 17-10: N, P and K for swedes and turnips (kg/ha)",7,,4,,20,,402,,125,,,,,,,,,,,,,,,,,,,,,
76,18 Other Arable Crops,116,17-10,"Table 17-10: N, P and K for swedes and turnips (kg/ha)",8,,"1. See Tables 6-2 and 6-3 for soil N Index, Table 6-4 for soil P Index, and Table 6-5 for",,,,,,,,,,,,,,,,,,,,,,,,,,,
76,18 Other Arable Crops,116,17-10,"Table 17-10: N, P and K for swedes and turnips (kg/ha)",9,,soil K Index.,,,,,,,,,,,,,,,,,,,,,,,,,,,
76,18 Other Arable Crops,116,17-10,"Table 17-10: N, P and K for swedes and turnips (kg/ha)",10,,"2. If soil P value isabove 15 mg/l, no fertilizer P is necessary.",,,,,,,,,,,,,,,,,,,,,,,,,,,
76,18 Other Arable Crops,116,17-10,"Table 17-10: N, P and K for swedes and turnips (kg/ha)",11,,"3. Top-dressings are not usually required, however, following wet seasons where crops",,,,,,,,,,,,,,,,,,,,,,,,,,,
76,18 Other Arable Crops,116,17-10,"Table 17-10: N, P and K for swedes and turnips (kg/ha)",12,,"are backward, top dress with up to 30 kg/ha N.",,,,,,,,,,,,,,,,,,,,,,,,,,,
77,18 Other Arable Crops,117,18-1,"Table 18-1: Available N, P and K (kg/ha) for oil seed rape yielding 5t/ha",1,"Table 18-1: Available N, P and K (kg/ha) for oil seed rape yielding 5t/ha",,,,,,,,,,,,,,,,,,,,,,,,,,,,
77,18 Other Arable Crops,117,18-1,"Table 18-1: Available N, P and K (kg/ha) for oil seed rape yielding 5t/ha",2,,"Soil N, P, K",N2,,P,,K,,,,,,,,,,,,,,,,,,,,,,
77,18 Other Arable Crops,117,18-1,"Table 18-1: Available N, P and K (kg/ha) for oil seed rape yielding 5t/ha",3,,Index1,,,,,,,,,,,,,,,,,,,,,,,,,,,
77,18 Other Arable Crops,117,18-1,"Table 18-1: Available N, P and K (kg/ha) for oil seed rape yielding 5t/ha",4,,1,,225,,55,,105,,,,,,,,,,,,,,,,,,,,,
77,18 Other Arable Crops,117,18-1,"Table 18-1: Available N, P and K (kg/ha) for oil seed rape yielding 5t/ha",5,,2,,180,,45,,90,,,,,,,,,,,,,,,,,,,,,
77,18 Other Arable Crops,117,18-1,"Table 18-1: Available N, P and K (kg/ha) for oil seed rape yielding 5t/ha",6,,3,,160,,35,,75,,,,,,,,,,,,,,,,,,,,,
77,18 Other Arable Crops,117,18-1,"Table 18-1: Available N, P and K (kg/ha) for oil seed rape yielding 5t/ha",7,,4,,140,,0,,0,,,,,,,,,,,,,,,,,,,,,
77,18 Other Arable Crops,117,18-1,"Table 18-1: Available N, P and K (kg/ha) for oil seed rape yielding 5t/ha",8,,"1. See Tables 6-2 and 6-3 for soil N Index, Table 6-4 for soil P Index, and Table 6-5 for",,,,,,,,,,,,,,,,,,,,,,,,,,,
77,18 Other Arable Crops,117,18-1,"Table 18-1: Available N, P and K (kg/ha) for oil seed rape yielding 5t/ha",9,,soil K Index.,,,,,,,,,,,,,,,,,,,,,,,,,,,
77,18 Other Arable Crops,117,18-1,"Table 18-1: Available N, P and K (kg/ha) for oil seed rape yielding 5t/ha",10,,"2. Crop N fertilizer requirements may be limited by the NAP regulations, where available N",,,,,,,,,,,,,,,,,,,,,,,,,,,
77,18 Other Arable Crops,117,18-1,"Table 18-1: Available N, P and K (kg/ha) for oil seed rape yielding 5t/ha",11,,is calculated based on crop Green Area Index (GAI) system for backward / intensively,,,,,,,,,,,,,,,,,,,,,,,,,,,
77,18 Other Arable Crops,117,18-1,"Table 18-1: Available N, P and K (kg/ha) for oil seed rape yielding 5t/ha",12,,grazed crops.,,,,,,,,,,,,,,,,,,,,,,,,,,,
78,18 Other Arable Crops,118,18-2,Table 18-2: Available Mg for oilseed rape crops (kg/ha),1,Table 18-2: Available Mg for oilseed rape crops (kg/ha),,,,,,,,,,,,,,,,,,,,,,,,,,,,
78,18 Other Arable Crops,118,18-2,Table 18-2: Available Mg for oilseed rape crops (kg/ha),2,Soil Mg Index,Available Mg (kg/ha),,,,,,,,,,,,,,,,,,,,,,,,,,,
78,18 Other Arable Crops,118,18-2,Table 18-2: Available Mg for oilseed rape crops (kg/ha),3,1,60,,,,,,,,,,,,,,,,,,,,,,,,,,,
78,18 Other Arable Crops,118,18-2,Table 18-2: Available Mg for oilseed rape crops (kg/ha),4,2,30,,,,,,,,,,,,,,,,,,,,,,,,,,,
78,18 Other Arable Crops,118,18-2,Table 18-2: Available Mg for oilseed rape crops (kg/ha),5,3,0,,,,,,,,,,,,,,,,,,,,,,,,,,,
78,18 Other Arable Crops,118,18-2,Table 18-2: Available Mg for oilseed rape crops (kg/ha),6,4,0,,,,,,,,,,,,,,,,,,,,,,,,,,,
78,18 Other Arable Crops,118,18-2,Table 18-2: Available Mg for oilseed rape crops (kg/ha),7,"Source (DEFRA, 2010)",,,,,,,,,,,,,,,,,,,,,,,,,,,,
79,18 Other Arable Crops,119,18-3,Table 18-3: P and K for field peas and beans(kg/ha),1,Table 18-3: P and K for field peas and beans(kg/ha),,,,,,,,,,,,,,,,,,,,,,,,,,,,
79,18 Other Arable Crops,119,18-3,Table 18-3: P and K for field peas and beans(kg/ha),2,"Soil P, K Index1",,Peas,,Beans,,,,,,,,,,,,,,,,,,,,,,,,
79,18 Other Arable Crops,119,18-3,Table 18-3: P and K for field peas and beans(kg/ha),3,,,P,K,P,K,,,,,,,,,,,,,,,,,,,,,,,
79,18 Other Arable Crops,119,18-3,Table 18-3: P and K for field peas and beans(kg/ha),4,,1,40,125,502,125,,,,,,,,,,,,,,,,,,,,,,,
79,18 Other Arable Crops,119,18-3,Table 18-3: P and K for field peas and beans(kg/ha),5,,2,25,60,402,60,,,,,,,,,,,,,,,,,,,,,,,
79,18 Other Arable Crops,119,18-3,Table 18-3: P and K for field peas and beans(kg/ha),6,,3,20,40,203,40,,,,,,,,,,,,,,,,,,,,,,,
79,18 Other Arable Crops,119,18-3,Table 18-3: P and K for field peas and beans(kg/ha),7,,4,None,None,None,None,,,,,,,,,,,,,,,,,,,,,,,
79,18 Other Arable Crops,119,18-3,Table 18-3: P and K for field peas and beans(kg/ha),8,,1. See Table 6-4 for soil P Index and Table 6-5 for soil K Index.,,,,,,,,,,,,,,,,,,,,,,,,,,,
79,18 Other Arable Crops,119,18-3,Table 18-3: P and K for field peas and beans(kg/ha),9,,2. For P Index 1 and 2 soils P should be placed at sowing time.,,,,,,,,,,,,,,,,,,,,,,,,,,,
79,18 Other Arable Crops,119,18-3,Table 18-3: P and K for field peas and beans(kg/ha),10,,3. For Index 3 soils fertilizer should be broadcast after ploughing and cultivated deeply into,,,,,,,,,,,,,,,,,,,,,,,,,,,
79,18 Other Arable Crops,119,18-3,Table 18-3: P and K for field peas and beans(kg/ha),11,,the seedbed.,,,,,,,,,,,,,,,,,,,,,,,,,,,
80,18 Other Arable Crops,121,18-4,"Table 18-4: Available N, P and K for maize (kg/ha), assuming a dry matter yield of 15 t/ha and not accounting for slurry application1",1,"Table 18-4: Available N, P and K for maize (kg/ha), assuming a dry matter yield of 15 t/ha and not accounting for slurry application1",,,,,,,,,,,,,,,,,,,,,,,,,,,,
80,18 Other Arable Crops,121,18-4,"Table 18-4: Available N, P and K for maize (kg/ha), assuming a dry matter yield of 15 t/ha and not accounting for slurry application1",2,,"Soil N, P, K",N,,P,K,,,,,,,,,,,,,,,,,,,,,,,
80,18 Other Arable Crops,121,18-4,"Table 18-4: Available N, P and K for maize (kg/ha), assuming a dry matter yield of 15 t/ha and not accounting for slurry application1",3,,Index2,,,,,,,,,,,,,,,,,,,,,,,,,,,
80,18 Other Arable Crops,121,18-4,"Table 18-4: Available N, P and K for maize (kg/ha), assuming a dry matter yield of 15 t/ha and not accounting for slurry application1",4,,1,,180,70,,250,,,,,,,,,,,,,,,,,,,,,,
80,18 Other Arable Crops,121,18-4,"Table 18-4: Available N, P and K for maize (kg/ha), assuming a dry matter yield of 15 t/ha and not accounting for slurry application1",5,,2,,140,50,,225,,,,,,,,,,,,,,,,,,,,,,
80,18 Other Arable Crops,121,18-4,"Table 18-4: Available N, P and K for maize (kg/ha), assuming a dry matter yield of 15 t/ha and not accounting for slurry application1",6,,3,,110,40,,190,,,,,,,,,,,,,,,,,,,,,,
80,18 Other Arable Crops,121,18-4,"Table 18-4: Available N, P and K for maize (kg/ha), assuming a dry matter yield of 15 t/ha and not accounting for slurry application1",7,,4,,75,203,,1204,,,,,,,,,,,,,,,,,,,,,,
80,18 Other Arable Crops,121,18-4,"Table 18-4: Available N, P and K for maize (kg/ha), assuming a dry matter yield of 15 t/ha and not accounting for slurry application1",8,,"1. N, P and K rates shown above refer to application rates of available fertilizer.",,,,,,,,,,,,,,,,,,,,,,,,,,,
80,18 Other Arable Crops,121,18-4,"Table 18-4: Available N, P and K for maize (kg/ha), assuming a dry matter yield of 15 t/ha and not accounting for slurry application1",9,,"Chemical fertilizer rates should be calculated by deducting the available N, P",,,,,,,,,,,,,,,,,,,,,,,,,,,
80,18 Other Arable Crops,121,18-4,"Table 18-4: Available N, P and K for maize (kg/ha), assuming a dry matter yield of 15 t/ha and not accounting for slurry application1",10,,and K contained in organic fertilizer applications from the rates shown in the,,,,,,,,,,,,,,,,,,,,,,,,,,,
80,18 Other Arable Crops,121,18-4,"Table 18-4: Available N, P and K for maize (kg/ha), assuming a dry matter yield of 15 t/ha and not accounting for slurry application1",11,,above table.,,,,,,,,,,,,,,,,,,,,,,,,,,,
80,18 Other Arable Crops,121,18-4,"Table 18-4: Available N, P and K for maize (kg/ha), assuming a dry matter yield of 15 t/ha and not accounting for slurry application1",12,,"2. See Tables 6-2 and 6-3 for Soil N Index, Table 6-4 for soil P Index, and Table",,,,,,,,,,,,,,,,,,,,,,,,,,,
80,18 Other Arable Crops,121,18-4,"Table 18-4: Available N, P and K for maize (kg/ha), assuming a dry matter yield of 15 t/ha and not accounting for slurry application1",13,,6-5 for soil K Index.,,,,,,,,,,,,,,,,,,,,,,,,,,,
80,18 Other Arable Crops,121,18-4,"Table 18-4: Available N, P and K for maize (kg/ha), assuming a dry matter yield of 15 t/ha and not accounting for slurry application1",14,,3. Must be incorporated prior to or during sowing.,,,,,,,,,,,,,,,,,,,,,,,,,,,
80,18 Other Arable Crops,121,18-4,"Table 18-4: Available N, P and K for maize (kg/ha), assuming a dry matter yield of 15 t/ha and not accounting for slurry application1",15,,4. No fertilizer K is required when soil K is above 250 mg/l.,,,,,,,,,,,,,,,,,,,,,,,,,,,
81,18 Other Arable Crops,121,18-5,Table 18-5: Available Mg for maize (kg/ha),1,Table 18-5: Available Mg for maize (kg/ha),,,,,,,,,,,,,,,,,,,,,,,,,,,,
81,18 Other Arable Crops,121,18-5,Table 18-5: Available Mg for maize (kg/ha),2,Soil Mg Index,"Available Mg (kg/ha)1,2",,,,,,,,,,,,,,,,,,,,,,,,,,,
81,18 Other Arable Crops,121,18-5,Table 18-5: Available Mg for maize (kg/ha),3,1,60,,,,,,,,,,,,,,,,,,,,,,,,,,,
81,18 Other Arable Crops,121,18-5,Table 18-5: Available Mg for maize (kg/ha),4,2,30,,,,,,,,,,,,,,,,,,,,,,,,,,,
81,18 Other Arable Crops,121,18-5,Table 18-5: Available Mg for maize (kg/ha),5,3,0,,,,,,,,,,,,,,,,,,,,,,,,,,,
81,18 Other Arable Crops,121,18-5,Table 18-5: Available Mg for maize (kg/ha),6,4,0,,,,,,,,,,,,,,,,,,,,,,,,,,,
81,18 Other Arable Crops,121,18-5,Table 18-5: Available Mg for maize (kg/ha),7,"Source (DEFRA, 2010)",,,,,,,,,,,,,,,,,,,,,,,,,,,,
82,19 Organic Farming,123,18-6,"Table 18-6: Available N, P and K for kale1,2(kg/ha)",1,"Table 18-6: Available N, P and K for kale1,2(kg/ha)",,,,,,,,,,,,,,,,,,,,,,,,,,,,
82,19 Organic Farming,123,18-6,"Table 18-6: Available N, P and K for kale1,2(kg/ha)",2,Soil Index3,N,P,K,,,,,,,,,,,,,,,,,,,,,,,,,
82,19 Organic Farming,123,18-6,"Table 18-6: Available N, P and K for kale1,2(kg/ha)",3,1,150,60,220,,,,,,,,,,,,,,,,,,,,,,,,,
82,19 Organic Farming,123,18-6,"Table 18-6: Available N, P and K for kale1,2(kg/ha)",4,2,130,50,210,,,,,,,,,,,,,,,,,,,,,,,,,
82,19 Organic Farming,123,18-6,"Table 18-6: Available N, P and K for kale1,2(kg/ha)",5,3,100,30,170,,,,,,,,,,,,,,,,,,,,,,,,,
82,19 Organic Farming,123,18-6,"Table 18-6: Available N, P and K for kale1,2(kg/ha)",6,4,70,0,0,,,,,,,,,,,,,,,,,,,,,,,,,
82,19 Organic Farming,123,18-6,"Table 18-6: Available N, P and K for kale1,2(kg/ha)",7,"1. For late-sown crops, reduce N by 20% if sown after April.",,,,,,,,,,,,,,,,,,,,,,,,,,,,
82,19 Organic Farming,123,18-6,"Table 18-6: Available N, P and K for kale1,2(kg/ha)",8,"2. Advice assumes a yield of 40 tonnes/ha per cut, fresh weight. If yields are expected",,,,,,,,,,,,,,,,,,,,,,,,,,,,
82,19 Organic Farming,123,18-6,"Table 18-6: Available N, P and K for kale1,2(kg/ha)",9,"to be smaller, reduce the P and K application by 0.5 and 4 kg/ha for each tonne",,,,,,,,,,,,,,,,,,,,,,,,,,,,
82,19 Organic Farming,123,18-6,"Table 18-6: Available N, P and K for kale1,2(kg/ha)",10,below 40.,,,,,,,,,,,,,,,,,,,,,,,,,,,,
82,19 Organic Farming,123,18-6,"Table 18-6: Available N, P and K for kale1,2(kg/ha)",11,"3. See Tables 6-2 and 6-3 for soil N Index, Table 6-4 for soil P Index, and Table 6-5 for",,,,,,,,,,,,,,,,,,,,,,,,,,,,
82,19 Organic Farming,123,18-6,"Table 18-6: Available N, P and K for kale1,2(kg/ha)",12,soil K Index.,,,,,,,,,,,,,,,,,,,,,,,,,,,,
83,19 Organic Farming,124,18-7,"Table 18-7: N, P and K for linseed (kg/ha)",1,"Table 18-7: N, P and K for linseed (kg/ha)",,,,,,,,,,,,,,,,,,,,,,,,,,,,
83,19 Organic Farming,124,18-7,"Table 18-7: N, P and K for linseed (kg/ha)",2,,"Soil P, K Index1",N,P,K,,,,,,,,,,,,,,,,,,,,,,,,
83,19 Organic Farming,124,18-7,"Table 18-7: N, P and K for linseed (kg/ha)",3,,1,75,35,75,,,,,,,,,,,,,,,,,,,,,,,,
83,19 Organic Farming,124,18-7,"Table 18-7: N, P and K for linseed (kg/ha)",4,,2,50,30,60,,,,,,,,,,,,,,,,,,,,,,,,
83,19 Organic Farming,124,18-7,"Table 18-7: N, P and K for linseed (kg/ha)",5,,3,35,20,40,,,,,,,,,,,,,,,,,,,,,,,,
83,19 Organic Farming,124,18-7,"Table 18-7: N, P and K for linseed (kg/ha)",6,,4,20,None,None,,,,,,,,,,,,,,,,,,,,,,,,
83,19 Organic Farming,124,18-7,"Table 18-7: N, P and K for linseed (kg/ha)",7,,"1. See Tables 6-2 and 6-3 for soil N Index, Table 6-4 for soil P Index, and Table 6-5 for",,,,,,,,,,,,,,,,,,,,,,,,,,,
83,19 Organic Farming,124,18-7,"Table 18-7: N, P and K for linseed (kg/ha)",8,,soil K Index.,,,,,,,,,,,,,,,,,,,,,,,,,,,
84,19 Organic Farming,124,18-8,"Table 18-8: Available N, P and K for forage rape (kg/ha)",1,"Table 18-8: Available N, P and K for forage rape (kg/ha)",,,,,,,,,,,,,,,,,,,,,,,,,,,,
84,19 Organic Farming,124,18-8,"Table 18-8: Available N, P and K for forage rape (kg/ha)",2,Soil Index1,N,P,K,,,,,,,,,,,,,,,,,,,,,,,,,
84,19 Organic Farming,124,18-8,"Table 18-8: Available N, P and K for forage rape (kg/ha)",3,1,130,40,100,,,,,,,,,,,,,,,,,,,,,,,,,
84,19 Organic Farming,124,18-8,"Table 18-8: Available N, P and K for forage rape (kg/ha)",4,2,120,30,75,,,,,,,,,,,,,,,,,,,,,,,,,
84,19 Organic Farming,124,18-8,"Table 18-8: Available N, P and K for forage rape (kg/ha)",5,3,110,20,50,,,,,,,,,,,,,,,,,,,,,,,,,
84,19 Organic Farming,124,18-8,"Table 18-8: Available N, P and K for forage rape (kg/ha)",6,4,90,0,0,,,,,,,,,,,,,,,,,,,,,,,,,
84,19 Organic Farming,124,18-8,"Table 18-8: Available N, P and K for forage rape (kg/ha)",7,"1. See Tables 6-2 and 6-3 for soil N Index, Table 6-4 for soil P Index, and Table 6-5 for",,,,,,,,,,,,,,,,,,,,,,,,,,,,
84,19 Organic Farming,124,18-8,"Table 18-8: Available N, P and K for forage rape (kg/ha)",8,soil K Index.,,,,,,,,,,,,,,,,,,,,,,,,,,,,
85,19 Organic Farming,125,,Vegetation established in the fallow period between two cash crops is variously referred to as,1,Vegetation established in the fallow period between two cash crops is variously referred to as,,,,,,,,,,,,,,,,,,,,,,,,,,,,
85,19 Organic Farming,125,,Vegetation established in the fallow period between two cash crops is variously referred to as,2,"cover crops, catch crops or green manures, with the principle functions of reducing nutrient",,,,,,,,,,,,,,,,,,,,,,,,,,,,
85,19 Organic Farming,125,,Vegetation established in the fallow period between two cash crops is variously referred to as,3,"loss from the soil, reducing soil erosion and/or improving soil characteristics such as organic",,,,,,,,,,,,,,,,,,,,,,,,,,,,
85,19 Organic Farming,125,,Vegetation established in the fallow period between two cash crops is variously referred to as,4,matter levels. Unlike crops being grown as fodder/forage crops these crops are generally not,,,,,,,,,,,,,,,,,,,,,,,,,,,,
85,19 Organic Farming,125,,Vegetation established in the fallow period between two cash crops is variously referred to as,5,harvested and therefore don’t have a direct economic value (i.e. no harvested product for,,,,,,,,,,,,,,,,,,,,,,,,,,,,
85,19 Organic Farming,125,,Vegetation established in the fallow period between two cash crops is variously referred to as,6,"sale). Therefore, while cover/catch crops may respond to fertilizer application in terms of",,,,,,,,,,,,,,,,,,,,,,,,,,,,
85,19 Organic Farming,125,,Vegetation established in the fallow period between two cash crops is variously referred to as,7,"biomass production, it is difficult economically to justify the application of fertilizer to these",,,,,,,,,,,,,,,,,,,,,,,,,,,,
85,19 Organic Farming,125,,Vegetation established in the fallow period between two cash crops is variously referred to as,8,"crops (crops being grown for forage/fodder e.g. fodder rape and kale, do have a direct",,,,,,,,,,,,,,,,,,,,,,,,,,,,
85,19 Organic Farming,125,,Vegetation established in the fallow period between two cash crops is variously referred to as,9,economic value and therefore can give a direct economic return on fertilizer application).,,,,,,,,,,,,,,,,,,,,,,,,,,,,
85,19 Organic Farming,125,,Vegetation established in the fallow period between two cash crops is variously referred to as,10,Applying fertilizer to a cover/catch crop with the aim of benefiting from that fertilizer,,,,,,,,,,,,,,,,,,,,,,,,,,,,
85,19 Organic Farming,125,,Vegetation established in the fallow period between two cash crops is variously referred to as,11,addition in the subsequent cash crop is likely to significantly reduce economic benefit from,,,,,,,,,,,,,,,,,,,,,,,,,,,,
85,19 Organic Farming,125,,Vegetation established in the fallow period between two cash crops is variously referred to as,12,fertilizer use compared to where fertilizer is applied directly to the cash crop.,,,,,,,,,,,,,,,,,,,,,,,,,,,,
86,19 Organic Farming,129,19-1,"Table 19-1. Typical amount of N fixed in one year by different crops, and of the amount remaining after harvest.",1,"Table 19-1. Typical amount of N fixed in one year by different crops, and of the amount remaining after harvest.",,,,,,,,,,,,,,,,,,,,,,,,,,,,
86,19 Organic Farming,129,19-1,"Table 19-1. Typical amount of N fixed in one year by different crops, and of the amount remaining after harvest.",2,Crop,,Amount of N,Amount of N remaining after,,,,,,,,,,,,,,,,,,,,,,,,,
86,19 Organic Farming,129,19-1,"Table 19-1. Typical amount of N fixed in one year by different crops, and of the amount remaining after harvest.",3,,,fixed kg/yr1,harvest kg/yr1,,,,,,,,,,,,,,,,,,,,,,,,,
86,19 Organic Farming,129,19-1,"Table 19-1. Typical amount of N fixed in one year by different crops, and of the amount remaining after harvest.",4,,Red clover silage,160 to 450,50 to 150,,,,,,,,,,,,,,,,,,,,,,,,,
86,19 Organic Farming,129,19-1,"Table 19-1. Typical amount of N fixed in one year by different crops, and of the amount remaining after harvest.",5,,White clover & grass silage,70 to 420,20 to 180,,,,,,,,,,,,,,,,,,,,,,,,,
86,19 Organic Farming,129,19-1,"Table 19-1. Typical amount of N fixed in one year by different crops, and of the amount remaining after harvest.",6,,White clover & grass grazed,60-250,50 to 210,,,,,,,,,,,,,,,,,,,,,,,,,
86,19 Organic Farming,129,19-1,"Table 19-1. Typical amount of N fixed in one year by different crops, and of the amount remaining after harvest.",7,,Forage peas (summer crop),80 to 290,40 to 110,,,,,,,,,,,,,,,,,,,,,,,,,
86,19 Organic Farming,129,19-1,"Table 19-1. Typical amount of N fixed in one year by different crops, and of the amount remaining after harvest.",8,,Field been grain crop (summer crop),200-380,90-150,,,,,,,,,,,,,,,,,,,,,,,,,
86,19 Organic Farming,129,19-1,"Table 19-1. Typical amount of N fixed in one year by different crops, and of the amount remaining after harvest.",9,,1. These figures were obtained from international sources and may not be fully,,,,,,,,,,,,,,,,,,,,,,,,,,,
86,19 Organic Farming,129,19-1,"Table 19-1. Typical amount of N fixed in one year by different crops, and of the amount remaining after harvest.",10,,representative of Irish agriculture.,,,,,,,,,,,,,,,,,,,,,,,,,,,
87,20 Vegetables,136,20-1,"Table 20-1: AvailableN, Pand K advice for establishing asparagus crops (kg/ha)",1,"Table 20-1: AvailableN, Pand K advice for establishing asparagus crops (kg/ha)",,,,,,,,,,,,,,,,,,,,,,,,,,,,
87,20 Vegetables,136,20-1,"Table 20-1: AvailableN, Pand K advice for establishing asparagus crops (kg/ha)",2,Soil Index,,,N,,P,,K,,,,,,,,,,,,,,,,,,,,,
87,20 Vegetables,136,20-1,"Table 20-1: AvailableN, Pand K advice for establishing asparagus crops (kg/ha)",3,1,,140,,65,,250,,,,,,,,,,,,,,,,,,,,,,
87,20 Vegetables,136,20-1,"Table 20-1: AvailableN, Pand K advice for establishing asparagus crops (kg/ha)",4,2,,115,,45,,200,,,,,,,,,,,,,,,,,,,,,,
87,20 Vegetables,136,20-1,"Table 20-1: AvailableN, Pand K advice for establishing asparagus crops (kg/ha)",5,,3,,95,,35,,170,,,,,,,,,,,,,,,,,,,,,
87,20 Vegetables,136,20-1,"Table 20-1: AvailableN, Pand K advice for establishing asparagus crops (kg/ha)",6,4,,70,,201,,1252,,,,,,,,,,,,,,,,,,,,,,
87,20 Vegetables,136,20-1,"Table 20-1: AvailableN, Pand K advice for establishing asparagus crops (kg/ha)",7,,"1. If soil P is greater than 15mg/l, no fertilizer P is necessary.",,,,,,,,,,,,,,,,,,,,,,,,,,,
87,20 Vegetables,136,20-1,"Table 20-1: AvailableN, Pand K advice for establishing asparagus crops (kg/ha)",8,,"2. If soil K is greater than 250 mg/l, no fertilizer K is necessary.",,,,,,,,,,,,,,,,,,,,,,,,,,,
88,20 Vegetables,136,20-2,"Table 20-2: AvailableN, P and K advice formaintainingasparagus crops (kg/ha)",1,"Table 20-2: AvailableN, P and K advice formaintainingasparagus crops (kg/ha)",,,,,,,,,,,,,,,,,,,,,,,,,,,,
88,20 Vegetables,136,20-2,"Table 20-2: AvailableN, P and K advice formaintainingasparagus crops (kg/ha)",2,Soil Index,,,N,,P,,K,,,,,,,,,,,,,,,,,,,,,
88,20 Vegetables,136,20-2,"Table 20-2: AvailableN, P and K advice formaintainingasparagus crops (kg/ha)",3,1,,0,,27,,100,,,,,,,,,,,,,,,,,,,,,,
88,20 Vegetables,136,20-2,"Table 20-2: AvailableN, P and K advice formaintainingasparagus crops (kg/ha)",4,2,,0,,22,,75,,,,,,,,,,,,,,,,,,,,,,
88,20 Vegetables,136,20-2,"Table 20-2: AvailableN, P and K advice formaintainingasparagus crops (kg/ha)",5,,3,,0,,15,,50,,,,,,,,,,,,,,,,,,,,,
88,20 Vegetables,136,20-2,"Table 20-2: AvailableN, P and K advice formaintainingasparagus crops (kg/ha)",6,4,,0,,101,,502,,,,,,,,,,,,,,,,,,,,,,
88,20 Vegetables,136,20-2,"Table 20-2: AvailableN, P and K advice formaintainingasparagus crops (kg/ha)",7,,"1. If soil P is greater than 15mg/l, no fertilizer P is necessary.",,,,,,,,,,,,,,,,,,,,,,,,,,,
88,20 Vegetables,136,20-2,"Table 20-2: AvailableN, P and K advice formaintainingasparagus crops (kg/ha)",8,,"2. If soil K is greater than 250 mg/l, no fertilizer K is necessary.",,,,,,,,,,,,,,,,,,,,,,,,,,,
89,20 Vegetables,137,20-3,"Table 20-3: AvailableN, P and K advice for broad bean crops (kg/ha)",1,"Table 20-3: AvailableN, P and K advice for broad bean crops (kg/ha)",,,,,,,,,,,,,,,,,,,,,,,,,,,,
89,20 Vegetables,137,20-3,"Table 20-3: AvailableN, P and K advice for broad bean crops (kg/ha)",2,Soil Index,,,N,,P,,K,,,,,,,,,,,,,,,,,,,,,
89,20 Vegetables,137,20-3,"Table 20-3: AvailableN, P and K advice for broad bean crops (kg/ha)",3,1,,0,,65,,160,,,,,,,,,,,,,,,,,,,,,,
89,20 Vegetables,137,20-3,"Table 20-3: AvailableN, P and K advice for broad bean crops (kg/ha)",4,2,,0,,45,,120,,,,,,,,,,,,,,,,,,,,,,
89,20 Vegetables,137,20-3,"Table 20-3: AvailableN, P and K advice for broad bean crops (kg/ha)",5,,3,,0,,35,,80,,,,,,,,,,,,,,,,,,,,,
89,20 Vegetables,137,20-3,"Table 20-3: AvailableN, P and K advice for broad bean crops (kg/ha)",6,4,,0,,201,,402,,,,,,,,,,,,,,,,,,,,,,
89,20 Vegetables,137,20-3,"Table 20-3: AvailableN, P and K advice for broad bean crops (kg/ha)",7,,"1. If soil P is greater than 15mg/l, no fertilizer P is necessary.",,,,,,,,,,,,,,,,,,,,,,,,,,,
89,20 Vegetables,137,20-3,"Table 20-3: AvailableN, P and K advice for broad bean crops (kg/ha)",8,,"2. If soil K is greater than 250 mg/l, no fertilizer K is necessary.",,,,,,,,,,,,,,,,,,,,,,,,,,,
90,20 Vegetables,137,20-4,"Table 20-4: AvailableN, P and K advice forFrench bean crops (kg/ha)",1,"Table 20-4: AvailableN, P and K advice forFrench bean crops (kg/ha)",,,,,,,,,,,,,,,,,,,,,,,,,,,,
90,20 Vegetables,137,20-4,"Table 20-4: AvailableN, P and K advice forFrench bean crops (kg/ha)",2,Soil Index,,,N,,P,,K,,,,,,,,,,,,,,,,,,,,,
90,20 Vegetables,137,20-4,"Table 20-4: AvailableN, P and K advice forFrench bean crops (kg/ha)",3,1,,90,,65,,160,,,,,,,,,,,,,,,,,,,,,,
90,20 Vegetables,137,20-4,"Table 20-4: AvailableN, P and K advice forFrench bean crops (kg/ha)",4,2,,85,,45,,120,,,,,,,,,,,,,,,,,,,,,,
90,20 Vegetables,137,20-4,"Table 20-4: AvailableN, P and K advice forFrench bean crops (kg/ha)",5,,3,,75,,35,,80,,,,,,,,,,,,,,,,,,,,,
90,20 Vegetables,137,20-4,"Table 20-4: AvailableN, P and K advice forFrench bean crops (kg/ha)",6,4,,70,,201,,402,,,,,,,,,,,,,,,,,,,,,,
90,20 Vegetables,137,20-4,"Table 20-4: AvailableN, P and K advice forFrench bean crops (kg/ha)",7,,"1. If soil P is greater than 15mg/l, no fertilizer P is necessary.",,,,,,,,,,,,,,,,,,,,,,,,,,,
90,20 Vegetables,137,20-4,"Table 20-4: AvailableN, P and K advice forFrench bean crops (kg/ha)",8,,"2. If soil K is greater than 250 mg/l, no fertilizer K is necessary.",,,,,,,,,,,,,,,,,,,,,,,,,,,
91,20 Vegetables,138,20-5,"Table 20-5: AvailableN, P and K advice for beetroot crops (kg/ha)",1,"Table 20-5: AvailableN, P and K advice for beetroot crops (kg/ha)",,,,,,,,,,,,,,,,,,,,,,,,,,,,
91,20 Vegetables,138,20-5,"Table 20-5: AvailableN, P and K advice for beetroot crops (kg/ha)",2,Soil Index,,,N,,P,,K,,,,,,,,,,,,,,,,,,,,,
91,20 Vegetables,138,20-5,"Table 20-5: AvailableN, P and K advice for beetroot crops (kg/ha)",3,1,,140,,65,,250,,,,,,,,,,,,,,,,,,,,,,
91,20 Vegetables,138,20-5,"Table 20-5: AvailableN, P and K advice for beetroot crops (kg/ha)",4,2,,125,,45,,200,,,,,,,,,,,,,,,,,,,,,,
91,20 Vegetables,138,20-5,"Table 20-5: AvailableN, P and K advice for beetroot crops (kg/ha)",5,,3,,105,,35,,170,,,,,,,,,,,,,,,,,,,,,
91,20 Vegetables,138,20-5,"Table 20-5: AvailableN, P and K advice for beetroot crops (kg/ha)",6,4,,90,,201,,1252,,,,,,,,,,,,,,,,,,,,,,
91,20 Vegetables,138,20-5,"Table 20-5: AvailableN, P and K advice for beetroot crops (kg/ha)",7,,"1. If soil P is greater than 15mg/l, no fertilizer P is necessary.",,,,,,,,,,,,,,,,,,,,,,,,,,,
91,20 Vegetables,138,20-5,"Table 20-5: AvailableN, P and K advice for beetroot crops (kg/ha)",8,,"2. If soil K is greater than 250 mg/l, no fertilizer K is necessary.",,,,,,,,,,,,,,,,,,,,,,,,,,,
92,20 Vegetables,139,20-6,"Table 20-6: AvailableN, P and K advice for brussels sprouts crops (kg/ha)",1,"Table 20-6: AvailableN, P and K advice for brussels sprouts crops (kg/ha)",,,,,,,,,,,,,,,,,,,,,,,,,,,,
92,20 Vegetables,139,20-6,"Table 20-6: AvailableN, P and K advice for brussels sprouts crops (kg/ha)",2,Soil Index,,,N,,P,,K,,,,,,,,,,,,,,,,,,,,,
92,20 Vegetables,139,20-6,"Table 20-6: AvailableN, P and K advice for brussels sprouts crops (kg/ha)",3,1,,120,,65,,250,,,,,,,,,,,,,,,,,,,,,,
92,20 Vegetables,139,20-6,"Table 20-6: AvailableN, P and K advice for brussels sprouts crops (kg/ha)",4,2,,115,,45,,200,,,,,,,,,,,,,,,,,,,,,,
92,20 Vegetables,139,20-6,"Table 20-6: AvailableN, P and K advice for brussels sprouts crops (kg/ha)",5,,3,,105,,35,,170,,,,,,,,,,,,,,,,,,,,,
92,20 Vegetables,139,20-6,"Table 20-6: AvailableN, P and K advice for brussels sprouts crops (kg/ha)",6,4,,100,,201,,1252,,,,,,,,,,,,,,,,,,,,,,
92,20 Vegetables,139,20-6,"Table 20-6: AvailableN, P and K advice for brussels sprouts crops (kg/ha)",7,Top Dress,,180,,,,,,,,,,,,,,,,,,,,,,,,,,
92,20 Vegetables,139,20-6,"Table 20-6: AvailableN, P and K advice for brussels sprouts crops (kg/ha)",8,,"1. If soil P is greater than 15mg/l, no fertilizer P is necessary.",,,,,,,,,,,,,,,,,,,,,,,,,,,
92,20 Vegetables,139,20-6,"Table 20-6: AvailableN, P and K advice for brussels sprouts crops (kg/ha)",9,,"2. If soil K is greater than 250 mg/l, no fertilizer K is necessary.",,,,,,,,,,,,,,,,,,,,,,,,,,,
93,20 Vegetables,139,20-7,"Table 20-7: AvailableN, P and K advice for broccoli crops (kg/ha)",1,"Table 20-7: AvailableN, P and K advice for broccoli crops (kg/ha)",,,,,,,,,,,,,,,,,,,,,,,,,,,,
93,20 Vegetables,139,20-7,"Table 20-7: AvailableN, P and K advice for broccoli crops (kg/ha)",2,Soil Index,,,N,,P,,K,,,,,,,,,,,,,,,,,,,,,
93,20 Vegetables,139,20-7,"Table 20-7: AvailableN, P and K advice for broccoli crops (kg/ha)",3,1,,120,,65,,250,,,,,,,,,,,,,,,,,,,,,,
93,20 Vegetables,139,20-7,"Table 20-7: AvailableN, P and K advice for broccoli crops (kg/ha)",4,2,,115,,45,,200,,,,,,,,,,,,,,,,,,,,,,
93,20 Vegetables,139,20-7,"Table 20-7: AvailableN, P and K advice for broccoli crops (kg/ha)",5,,3,,100,,35,,170,,,,,,,,,,,,,,,,,,,,,
93,20 Vegetables,139,20-7,"Table 20-7: AvailableN, P and K advice for broccoli crops (kg/ha)",6,4,,90,,201,,1252,,,,,,,,,,,,,,,,,,,,,,
93,20 Vegetables,139,20-7,"Table 20-7: AvailableN, P and K advice for broccoli crops (kg/ha)",7,Top Dress,,120,,,,,,,,,,,,,,,,,,,,,,,,,,
93,20 Vegetables,139,20-7,"Table 20-7: AvailableN, P and K advice for broccoli crops (kg/ha)",8,,"1. If soil P is greater than 15mg/l, no fertilizer P is necessary.",,,,,,,,,,,,,,,,,,,,,,,,,,,
93,20 Vegetables,139,20-7,"Table 20-7: AvailableN, P and K advice for broccoli crops (kg/ha)",9,,"2. If soil Kis greater than 250 mg/l, no fertilizer K is necessary.",,,,,,,,,,,,,,,,,,,,,,,,,,,
94,20 Vegetables,140,20-8,"Table 20-8: AvailableN, P andK advice for spring cabbage crops (kg/ha)",1,"Table 20-8: AvailableN, P andK advice for spring cabbage crops (kg/ha)",,,,,,,,,,,,,,,,,,,,,,,,,,,,
94,20 Vegetables,140,20-8,"Table 20-8: AvailableN, P andK advice for spring cabbage crops (kg/ha)",2,Soil Index,,,N,,P,,K,,,,,,,,,,,,,,,,,,,,,
94,20 Vegetables,140,20-8,"Table 20-8: AvailableN, P andK advice for spring cabbage crops (kg/ha)",3,1,,50,,65,,250,,,,,,,,,,,,,,,,,,,,,,
94,20 Vegetables,140,20-8,"Table 20-8: AvailableN, P andK advice for spring cabbage crops (kg/ha)",4,2,,35,,45,,200,,,,,,,,,,,,,,,,,,,,,,
94,20 Vegetables,140,20-8,"Table 20-8: AvailableN, P andK advice for spring cabbage crops (kg/ha)",5,,3,,15,,35,,170,,,,,,,,,,,,,,,,,,,,,
94,20 Vegetables,140,20-8,"Table 20-8: AvailableN, P andK advice for spring cabbage crops (kg/ha)",6,4,,0,,201,,1252,,,,,,,,,,,,,,,,,,,,,,
94,20 Vegetables,140,20-8,"Table 20-8: AvailableN, P andK advice for spring cabbage crops (kg/ha)",7,Top Dress,,250,,,,,,,,,,,,,,,,,,,,,,,,,,
94,20 Vegetables,140,20-8,"Table 20-8: AvailableN, P andK advice for spring cabbage crops (kg/ha)",8,,"1. If soil P is greater than 15mg/l, no fertilizer P is necessary.",,,,,,,,,,,,,,,,,,,,,,,,,,,
94,20 Vegetables,140,20-8,"Table 20-8: AvailableN, P andK advice for spring cabbage crops (kg/ha)",9,,"2. If soil K is greater than 250 mg/l, no fertilizer K is necessary.",,,,,,,,,,,,,,,,,,,,,,,,,,,
95,20 Vegetables,140,20-9,"Table 20-9: AvailableN, P and K advice for other cabbage crops (kg/ha)",1,"Table 20-9: AvailableN, P and K advice for other cabbage crops (kg/ha)",,,,,,,,,,,,,,,,,,,,,,,,,,,,
95,20 Vegetables,140,20-9,"Table 20-9: AvailableN, P and K advice for other cabbage crops (kg/ha)",2,Soil Index,,,N,,P,,K,,,,,,,,,,,,,,,,,,,,,
95,20 Vegetables,140,20-9,"Table 20-9: AvailableN, P and K advice for other cabbage crops (kg/ha)",3,1,,150,,65,,250,,,,,,,,,,,,,,,,,,,,,,
95,20 Vegetables,140,20-9,"Table 20-9: AvailableN, P and K advice for other cabbage crops (kg/ha)",4,2,,135,,45,,200,,,,,,,,,,,,,,,,,,,,,,
95,20 Vegetables,140,20-9,"Table 20-9: AvailableN, P and K advice for other cabbage crops (kg/ha)",5,,3,,115,,35,,170,,,,,,,,,,,,,,,,,,,,,
95,20 Vegetables,140,20-9,"Table 20-9: AvailableN, P and K advice for other cabbage crops (kg/ha)",6,4,,100,,201,,1252,,,,,,,,,,,,,,,,,,,,,,
95,20 Vegetables,140,20-9,"Table 20-9: AvailableN, P and K advice for other cabbage crops (kg/ha)",7,Top Dress,,100,,,,,,,,,,,,,,,,,,,,,,,,,,
95,20 Vegetables,140,20-9,"Table 20-9: AvailableN, P and K advice for other cabbage crops (kg/ha)",8,,"1. If soil P is greater than 15mg/l, no fertilizer P is necessary.",,,,,,,,,,,,,,,,,,,,,,,,,,,
95,20 Vegetables,140,20-9,"Table 20-9: AvailableN, P and K advice for other cabbage crops (kg/ha)",9,,"2. If soil K is greater than 250 mg/l, no fertilizer K is necessary.",,,,,,,,,,,,,,,,,,,,,,,,,,,
96,20 Vegetables,141,20-10,"Table 20-10: AvailableN, P and K advice for winter and spring cauliflower crops (kg/ha)",1,"Table 20-10: AvailableN, P and K advice for winter and spring cauliflower crops (kg/ha)",,,,,,,,,,,,,,,,,,,,,,,,,,,,
96,20 Vegetables,141,20-10,"Table 20-10: AvailableN, P and K advice for winter and spring cauliflower crops (kg/ha)",2,Soil Index,,,N,,P,,K,,,,,,,,,,,,,,,,,,,,,
96,20 Vegetables,141,20-10,"Table 20-10: AvailableN, P and K advice for winter and spring cauliflower crops (kg/ha)",3,1,,75,,65,,250,,,,,,,,,,,,,,,,,,,,,,
96,20 Vegetables,141,20-10,"Table 20-10: AvailableN, P and K advice for winter and spring cauliflower crops (kg/ha)",4,2,,50,,45,,200,,,,,,,,,,,,,,,,,,,,,,
96,20 Vegetables,141,20-10,"Table 20-10: AvailableN, P and K advice for winter and spring cauliflower crops (kg/ha)",5,,3,,25,,35,,170,,,,,,,,,,,,,,,,,,,,,
96,20 Vegetables,141,20-10,"Table 20-10: AvailableN, P and K advice for winter and spring cauliflower crops (kg/ha)",6,4,,0,,201,,1252,,,,,,,,,,,,,,,,,,,,,,
96,20 Vegetables,141,20-10,"Table 20-10: AvailableN, P and K advice for winter and spring cauliflower crops (kg/ha)",7,Top Dress,,150,,,,,,,,,,,,,,,,,,,,,,,,,,
96,20 Vegetables,141,20-10,"Table 20-10: AvailableN, P and K advice for winter and spring cauliflower crops (kg/ha)",8,,"1. If soil P is greater than 15mg/l, no fertilizer P is necessary.",,,,,,,,,,,,,,,,,,,,,,,,,,,
96,20 Vegetables,141,20-10,"Table 20-10: AvailableN, P and K advice for winter and spring cauliflower crops (kg/ha)",9,,"2. If soil K is greater than 250 mg/l, no fertilizer K is necessary.",,,,,,,,,,,,,,,,,,,,,,,,,,,
97,20 Vegetables,141,20-11,"Table 20-11: AvailableN, P and K advice for summer and autumn cauliflower crops (kg/ha)",1,"Table 20-11: AvailableN, P and K advice for summer and autumn cauliflower crops (kg/ha)",,,,,,,,,,,,,,,,,,,,,,,,,,,,
97,20 Vegetables,141,20-11,"Table 20-11: AvailableN, P and K advice for summer and autumn cauliflower crops (kg/ha)",2,Soil Index,,,N,,P,,K,,,,,,,,,,,,,,,,,,,,,
97,20 Vegetables,141,20-11,"Table 20-11: AvailableN, P and K advice for summer and autumn cauliflower crops (kg/ha)",3,1,,120,,65,,250,,,,,,,,,,,,,,,,,,,,,,
97,20 Vegetables,141,20-11,"Table 20-11: AvailableN, P and K advice for summer and autumn cauliflower crops (kg/ha)",4,2,,85,,45,,200,,,,,,,,,,,,,,,,,,,,,,
97,20 Vegetables,141,20-11,"Table 20-11: AvailableN, P and K advice for summer and autumn cauliflower crops (kg/ha)",5,,3,,65,,35,,170,,,,,,,,,,,,,,,,,,,,,
97,20 Vegetables,141,20-11,"Table 20-11: AvailableN, P and K advice for summer and autumn cauliflower crops (kg/ha)",6,4,,40,,201,,1252,,,,,,,,,,,,,,,,,,,,,,
97,20 Vegetables,141,20-11,"Table 20-11: AvailableN, P and K advice for summer and autumn cauliflower crops (kg/ha)",7,TopDress,,120,,,,,,,,,,,,,,,,,,,,,,,,,,
97,20 Vegetables,141,20-11,"Table 20-11: AvailableN, P and K advice for summer and autumn cauliflower crops (kg/ha)",8,,"1. If soil P is greater than 15mg/l, no fertilizer P is necessary.",,,,,,,,,,,,,,,,,,,,,,,,,,,
97,20 Vegetables,141,20-11,"Table 20-11: AvailableN, P and K advice for summer and autumn cauliflower crops (kg/ha)",9,,"2. If soil K is greater than 250 mg/l, no fertilizer K is necessary.",,,,,,,,,,,,,,,,,,,,,,,,,,,
98,20 Vegetables,142,20-12,"Table 20-12-: AvailableN, P and K advice for carrot crops (kg/ha)",1,"Table 20-12-: AvailableN, P and K advice for carrot crops (kg/ha)",,,,,,,,,,,,,,,,,,,,,,,,,,,,
98,20 Vegetables,142,20-12,"Table 20-12-: AvailableN, P and K advice for carrot crops (kg/ha)",2,Soil Index,,,N,,P,,K,,,,,,,,,,,,,,,,,,,,,
98,20 Vegetables,142,20-12,"Table 20-12-: AvailableN, P and K advice for carrot crops (kg/ha)",3,1,,90,,65,,250,,,,,,,,,,,,,,,,,,,,,,
98,20 Vegetables,142,20-12,"Table 20-12-: AvailableN, P and K advice for carrot crops (kg/ha)",4,2,,70,,45,,200,,,,,,,,,,,,,,,,,,,,,,
98,20 Vegetables,142,20-12,"Table 20-12-: AvailableN, P and K advice for carrot crops (kg/ha)",5,,3,,40,,35,,150,,,,,,,,,,,,,,,,,,,,,
98,20 Vegetables,142,20-12,"Table 20-12-: AvailableN, P and K advice for carrot crops (kg/ha)",6,4,,0,,201,,110,,,,,,,,,,,,,,,,,,,,,,
98,20 Vegetables,142,20-12,"Table 20-12-: AvailableN, P and K advice for carrot crops (kg/ha)",7,,"1. If soil P is greater than 15mg/l, no fertilizer P is necessary.",,,,,,,,,,,,,,,,,,,,,,,,,,,
98,20 Vegetables,142,20-12,"Table 20-12-: AvailableN, P and K advice for carrot crops (kg/ha)",8,,"2. If soil K is greater than 250 mg/l, no fertilizer K is necessary.",,,,,,,,,,,,,,,,,,,,,,,,,,,
99,20 Vegetables,143,20-13,"Table 20-13: AvailableN, P and K advice for celery crops (kg/ha)",1,"Table 20-13: AvailableN, P and K advice for celery crops (kg/ha)",,,,,,,,,,,,,,,,,,,,,,,,,,,,
99,20 Vegetables,143,20-13,"Table 20-13: AvailableN, P and K advice for celery crops (kg/ha)",2,Soil Index,,,N,,P,,K,,,,,,,,,,,,,,,,,,,,,
99,20 Vegetables,143,20-13,"Table 20-13: AvailableN, P and K advice for celery crops (kg/ha)",3,1,,120,,88,,375,,,,,,,,,,,,,,,,,,,,,,
99,20 Vegetables,143,20-13,"Table 20-13: AvailableN, P and K advice for celery crops (kg/ha)",4,2,,85,,65,,300,,,,,,,,,,,,,,,,,,,,,,
99,20 Vegetables,143,20-13,"Table 20-13: AvailableN, P and K advice for celery crops (kg/ha)",5,,3,,65,,55,,250,,,,,,,,,,,,,,,,,,,,,
99,20 Vegetables,143,20-13,"Table 20-13: AvailableN, P and K advice for celery crops (kg/ha)",6,4,,50,,281,,2002,,,,,,,,,,,,,,,,,,,,,,
99,20 Vegetables,143,20-13,"Table 20-13: AvailableN, P and K advice for celery crops (kg/ha)",7,Top Dress,,180,,,,,,,,,,,,,,,,,,,,,,,,,,
99,20 Vegetables,143,20-13,"Table 20-13: AvailableN, P and K advice for celery crops (kg/ha)",8,,"1. If soil P is greater than 15mg/l, no fertilizer P is necessary.",,,,,,,,,,,,,,,,,,,,,,,,,,,
99,20 Vegetables,143,20-13,"Table 20-13: AvailableN, P and K advice for celery crops (kg/ha)",9,,"2. If soil K is greater than 250 mg/l, no fertilizer K is necessary.",,,,,,,,,,,,,,,,,,,,,,,,,,,
100,20 Vegetables,144,20-14,"Table 20-14: AvailableN, P and K advice for courgette crops (kg/ha)",1,"Table 20-14: AvailableN, P and K advice for courgette crops (kg/ha)",,,,,,,,,,,,,,,,,,,,,,,,,,,,
100,20 Vegetables,144,20-14,"Table 20-14: AvailableN, P and K advice for courgette crops (kg/ha)",2,Soil Index,,,N,,P,,K,,,,,,,,,,,,,,,,,,,,,
100,20 Vegetables,144,20-14,"Table 20-14: AvailableN, P and K advice for courgette crops (kg/ha)",3,1,,140,,65,,250,,,,,,,,,,,,,,,,,,,,,,
100,20 Vegetables,144,20-14,"Table 20-14: AvailableN, P and K advice for courgette crops (kg/ha)",4,2,,125,,45,,200,,,,,,,,,,,,,,,,,,,,,,
100,20 Vegetables,144,20-14,"Table 20-14: AvailableN, P and K advice for courgette crops (kg/ha)",5,,3,,105,,35,,150,,,,,,,,,,,,,,,,,,,,,
100,20 Vegetables,144,20-14,"Table 20-14: AvailableN, P and K advice for courgette crops (kg/ha)",6,4,,90,,201,,1002,,,,,,,,,,,,,,,,,,,,,,
100,20 Vegetables,144,20-14,"Table 20-14: AvailableN, P and K advice for courgette crops (kg/ha)",7,,"1. If soil P is greater than 15mg/l, no fertilizer P is necessary.",,,,,,,,,,,,,,,,,,,,,,,,,,,
100,20 Vegetables,144,20-14,"Table 20-14: AvailableN, P and K advice for courgette crops (kg/ha)",8,,"2. If soil K is greater than 250 mg/l, no fertilizer K is necessary.",,,,,,,,,,,,,,,,,,,,,,,,,,,
101,20 Vegetables,144,20-15,"Table 20-15: AvailableN, P and K advice for leek crops (kg/ha)",1,"Table 20-15: AvailableN, P and K advice for leek crops (kg/ha)",,,,,,,,,,,,,,,,,,,,,,,,,,,,
101,20 Vegetables,144,20-15,"Table 20-15: AvailableN, P and K advice for leek crops (kg/ha)",2,Soil Index,,,N,,P,,K,,,,,,,,,,,,,,,,,,,,,
101,20 Vegetables,144,20-15,"Table 20-15: AvailableN, P and K advice for leek crops (kg/ha)",3,1,,150,,65,,250,,,,,,,,,,,,,,,,,,,,,,
101,20 Vegetables,144,20-15,"Table 20-15: AvailableN, P and K advice for leek crops (kg/ha)",4,2,,130,,45,,200,,,,,,,,,,,,,,,,,,,,,,
101,20 Vegetables,144,20-15,"Table 20-15: AvailableN, P and K advice for leek crops (kg/ha)",5,,3,,100,,35,,150,,,,,,,,,,,,,,,,,,,,,
101,20 Vegetables,144,20-15,"Table 20-15: AvailableN, P and K advice for leek crops (kg/ha)",6,4,,80,,201,,1002,,,,,,,,,,,,,,,,,,,,,,
101,20 Vegetables,144,20-15,"Table 20-15: AvailableN, P and K advice for leek crops (kg/ha)",7,Top Dress,,150,,,,,,,,,,,,,,,,,,,,,,,,,,
101,20 Vegetables,144,20-15,"Table 20-15: AvailableN, P and K advice for leek crops (kg/ha)",8,,"1. If soil P is greater than 15mg/l, no fertilizer P is necessary.",,,,,,,,,,,,,,,,,,,,,,,,,,,
101,20 Vegetables,144,20-15,"Table 20-15: AvailableN, P and K advice for leek crops (kg/ha)",9,,"2. If soil K is greater than 250 mg/l, no fertilizer K is necessary.",,,,,,,,,,,,,,,,,,,,,,,,,,,
102,20 Vegetables,145,20-16,"Table 20-16: AvailableN, P and K advice for lettuce crops (kg/ha)",1,"Table 20-16: AvailableN, P and K advice for lettuce crops (kg/ha)",,,,,,,,,,,,,,,,,,,,,,,,,,,,
102,20 Vegetables,145,20-16,"Table 20-16: AvailableN, P and K advice for lettuce crops (kg/ha)",2,Soil Index,,,N,,P,,K,,,,,,,,,,,,,,,,,,,,,
102,20 Vegetables,145,20-16,"Table 20-16: AvailableN, P and K advice for lettuce crops (kg/ha)",3,1,,100,,80,,250,,,,,,,,,,,,,,,,,,,,,,
102,20 Vegetables,145,20-16,"Table 20-16: AvailableN, P and K advice for lettuce crops (kg/ha)",4,2,,90,,60,,200,,,,,,,,,,,,,,,,,,,,,,
102,20 Vegetables,145,20-16,"Table 20-16: AvailableN, P and K advice for lettuce crops (kg/ha)",5,,3,,80,,40,,150,,,,,,,,,,,,,,,,,,,,,
102,20 Vegetables,145,20-16,"Table 20-16: AvailableN, P and K advice for lettuce crops (kg/ha)",6,4,,70,,201,,1002,,,,,,,,,,,,,,,,,,,,,,
102,20 Vegetables,145,20-16,"Table 20-16: AvailableN, P and K advice for lettuce crops (kg/ha)",7,Top Dress,,50,,,,,,,,,,,,,,,,,,,,,,,,,,
102,20 Vegetables,145,20-16,"Table 20-16: AvailableN, P and K advice for lettuce crops (kg/ha)",8,,"1. If soil P is greater than 15mg/l, no fertilizer P is necessary.",,,,,,,,,,,,,,,,,,,,,,,,,,,
102,20 Vegetables,145,20-16,"Table 20-16: AvailableN, P and K advice for lettuce crops (kg/ha)",9,,"2. If soil K is greater than 250 mg/l, no fertilizer K is necessary.",,,,,,,,,,,,,,,,,,,,,,,,,,,
103,20 Vegetables,145,20-17,"Table 20-17: AvailableN, P and K advice for onion crops (kg/ha)",1,"Table 20-17: AvailableN, P and K advice for onion crops (kg/ha)",,,,,,,,,,,,,,,,,,,,,,,,,,,,
103,20 Vegetables,145,20-17,"Table 20-17: AvailableN, P and K advice for onion crops (kg/ha)",2,Soil Index,,,N,,P,,K,,,,,,,,,,,,,,,,,,,,,
103,20 Vegetables,145,20-17,"Table 20-17: AvailableN, P and K advice for onion crops (kg/ha)",3,1,,70,,65,,230,,,,,,,,,,,,,,,,,,,,,,
103,20 Vegetables,145,20-17,"Table 20-17: AvailableN, P and K advice for onion crops (kg/ha)",4,2,,60,,45,,190,,,,,,,,,,,,,,,,,,,,,,
103,20 Vegetables,145,20-17,"Table 20-17: AvailableN, P and K advice for onion crops (kg/ha)",5,,3,,50,,35,,150,,,,,,,,,,,,,,,,,,,,,
103,20 Vegetables,145,20-17,"Table 20-17: AvailableN, P and K advice for onion crops (kg/ha)",6,4,,40,,201,,1102,,,,,,,,,,,,,,,,,,,,,,
103,20 Vegetables,145,20-17,"Table 20-17: AvailableN, P and K advice for onion crops (kg/ha)",7,Top Dress,,70,,,,,,,,,,,,,,,,,,,,,,,,,,
103,20 Vegetables,145,20-17,"Table 20-17: AvailableN, P and K advice for onion crops (kg/ha)",8,,"1. If soil P is greater than 15mg/l, no fertilizer P is necessary.",,,,,,,,,,,,,,,,,,,,,,,,,,,
103,20 Vegetables,145,20-17,"Table 20-17: AvailableN, P and K advice for onion crops (kg/ha)",9,,"2. If soil K is greater than 250 mg/l, no fertilizer K is necessary.",,,,,,,,,,,,,,,,,,,,,,,,,,,
104,20 Vegetables,146,20-18,"Table 20-18: AvailableN, P and K advice for scallion crops (kg/ha)",1,"Table 20-18: AvailableN, P and K advice for scallion crops (kg/ha)",,,,,,,,,,,,,,,,,,,,,,,,,,,,
104,20 Vegetables,146,20-18,"Table 20-18: AvailableN, P and K advice for scallion crops (kg/ha)",2,Soil Index,,,N,,P,,K,,,,,,,,,,,,,,,,,,,,,
104,20 Vegetables,146,20-18,"Table 20-18: AvailableN, P and K advice for scallion crops (kg/ha)",3,1,,90,,65,,230,,,,,,,,,,,,,,,,,,,,,,
104,20 Vegetables,146,20-18,"Table 20-18: AvailableN, P and K advice for scallion crops (kg/ha)",4,2,,80,,45,,190,,,,,,,,,,,,,,,,,,,,,,
104,20 Vegetables,146,20-18,"Table 20-18: AvailableN, P and K advice for scallion crops (kg/ha)",5,,3,,70,,35,,150,,,,,,,,,,,,,,,,,,,,,
104,20 Vegetables,146,20-18,"Table 20-18: AvailableN, P and K advice for scallion crops (kg/ha)",6,4,,60,,201,,1102,,,,,,,,,,,,,,,,,,,,,,
104,20 Vegetables,146,20-18,"Table 20-18: AvailableN, P and K advice for scallion crops (kg/ha)",7,Top Dress,,60,,,,,,,,,,,,,,,,,,,,,,,,,,
104,20 Vegetables,146,20-18,"Table 20-18: AvailableN, P and K advice for scallion crops (kg/ha)",8,,"1. If soil P is greater than 15mg/l, no fertilizer P is necessary.",,,,,,,,,,,,,,,,,,,,,,,,,,,
104,20 Vegetables,146,20-18,"Table 20-18: AvailableN, P and K advice for scallion crops (kg/ha)",9,,"2. Ifsoil K is greater than 250 mg/l, no fertilizer K is necessary.",,,,,,,,,,,,,,,,,,,,,,,,,,,
105,20 Vegetables,146,20-19,"Table 20-19: AvailableN, P and K advice for parsley crops (kg/ha)",1,"Table 20-19: AvailableN, P and K advice for parsley crops (kg/ha)",,,,,,,,,,,,,,,,,,,,,,,,,,,,
105,20 Vegetables,146,20-19,"Table 20-19: AvailableN, P and K advice for parsley crops (kg/ha)",2,Soil Index,,,N,,P,,K,,,,,,,,,,,,,,,,,,,,,
105,20 Vegetables,146,20-19,"Table 20-19: AvailableN, P and K advice for parsley crops (kg/ha)",3,1,,100,,65,,250,,,,,,,,,,,,,,,,,,,,,,
105,20 Vegetables,146,20-19,"Table 20-19: AvailableN, P and K advice for parsley crops (kg/ha)",4,2,,80,,45,,200,,,,,,,,,,,,,,,,,,,,,,
105,20 Vegetables,146,20-19,"Table 20-19: AvailableN, P and K advice for parsley crops (kg/ha)",5,,3,,60,,35,,170,,,,,,,,,,,,,,,,,,,,,
105,20 Vegetables,146,20-19,"Table 20-19: AvailableN, P and K advice for parsley crops (kg/ha)",6,4,,40,,201,,1252,,,,,,,,,,,,,,,,,,,,,,
105,20 Vegetables,146,20-19,"Table 20-19: AvailableN, P and K advice for parsley crops (kg/ha)",7,Top Dress,,150,,,,,,,,,,,,,,,,,,,,,,,,,,
105,20 Vegetables,146,20-19,"Table 20-19: AvailableN, P and K advice for parsley crops (kg/ha)",8,,"1. If soil P is greater than15mg/l, no fertilizer P is necessary.",,,,,,,,,,,,,,,,,,,,,,,,,,,
105,20 Vegetables,146,20-19,"Table 20-19: AvailableN, P and K advice for parsley crops (kg/ha)",9,,"2. If soil K is greater than 250 mg/l, no fertilizer K is necessary.",,,,,,,,,,,,,,,,,,,,,,,,,,,
106,20 Vegetables,147,20-20,"Table 20-20: AvailableN, P and K advice for parsnip crops (kg/ha)",1,"Table 20-20: AvailableN, P and K advice for parsnip crops (kg/ha)",,,,,,,,,,,,,,,,,,,,,,,,,,,,
106,20 Vegetables,147,20-20,"Table 20-20: AvailableN, P and K advice for parsnip crops (kg/ha)",2,Soil Index,,,N,,P,,K,,,,,,,,,,,,,,,,,,,,,
106,20 Vegetables,147,20-20,"Table 20-20: AvailableN, P and K advice for parsnip crops (kg/ha)",3,1,,100,,65,,250,,,,,,,,,,,,,,,,,,,,,,
106,20 Vegetables,147,20-20,"Table 20-20: AvailableN, P and K advice for parsnip crops (kg/ha)",4,2,,85,,45,,200,,,,,,,,,,,,,,,,,,,,,,
106,20 Vegetables,147,20-20,"Table 20-20: AvailableN, P and K advice for parsnip crops (kg/ha)",5,,3,,70,,35,,170,,,,,,,,,,,,,,,,,,,,,
106,20 Vegetables,147,20-20,"Table 20-20: AvailableN, P and K advice for parsnip crops (kg/ha)",6,4,,50,,201,,1252,,,,,,,,,,,,,,,,,,,,,,
106,20 Vegetables,147,20-20,"Table 20-20: AvailableN, P and K advice for parsnip crops (kg/ha)",7,Top Dress,,70,,,,,,,,,,,,,,,,,,,,,,,,,,
106,20 Vegetables,147,20-20,"Table 20-20: AvailableN, P and K advice for parsnip crops (kg/ha)",8,,"1. If soil P is greater than 15mg/l, no fertilizer P is necessary.",,,,,,,,,,,,,,,,,,,,,,,,,,,
106,20 Vegetables,147,20-20,"Table 20-20: AvailableN, P and K advice for parsnip crops (kg/ha)",9,,"2. If soil K is greater than 250 mg/l, no fertilizer K is necessary.",,,,,,,,,,,,,,,,,,,,,,,,,,,
107,20 Vegetables,147,20-21,"Table 20-21: AvailableN, P and K advice for market pea crops (kg/ha)",1,"Table 20-21: AvailableN, P and K advice for market pea crops (kg/ha)",,,,,,,,,,,,,,,,,,,,,,,,,,,,
107,20 Vegetables,147,20-21,"Table 20-21: AvailableN, P and K advice for market pea crops (kg/ha)",2,Soil Index,,,N,,P,,K,,,,,,,,,,,,,,,,,,,,,
107,20 Vegetables,147,20-21,"Table 20-21: AvailableN, P and K advice for market pea crops (kg/ha)",3,1,,0,,65,,160,,,,,,,,,,,,,,,,,,,,,,
107,20 Vegetables,147,20-21,"Table 20-21: AvailableN, P and K advice for market pea crops (kg/ha)",4,2,,0,,45,,120,,,,,,,,,,,,,,,,,,,,,,
107,20 Vegetables,147,20-21,"Table 20-21: AvailableN, P and K advice for market pea crops (kg/ha)",5,,3,,0,,35,,80,,,,,,,,,,,,,,,,,,,,,
107,20 Vegetables,147,20-21,"Table 20-21: AvailableN, P and K advice for market pea crops (kg/ha)",6,4,,0,,201,,402,,,,,,,,,,,,,,,,,,,,,,
107,20 Vegetables,147,20-21,"Table 20-21: AvailableN, P and K advice for market pea crops (kg/ha)",7,,"1. If soil P is greater than 15mg/l, no fertilizer P is necessary.",,,,,,,,,,,,,,,,,,,,,,,,,,,
107,20 Vegetables,147,20-21,"Table 20-21: AvailableN, P and K advice for market pea crops (kg/ha)",8,,"2. If soil K is greater than 250 mg/l, no fertilizer K is necessary.",,,,,,,,,,,,,,,,,,,,,,,,,,,
108,20 Vegetables,148,,"Table-20-22: AvailableN, P and K advice for rhubarb crops (kg/ha)",1,"Table-20-22: AvailableN, P and K advice for rhubarb crops (kg/ha)",,,,,,,,,,,,,,,,,,,,,,,,,,,,
108,20 Vegetables,148,,"Table-20-22: AvailableN, P and K advice for rhubarb crops (kg/ha)",2,Soil Index,,,N,,P,,K,,,,,,,,,,,,,,,,,,,,,
108,20 Vegetables,148,,"Table-20-22: AvailableN, P and K advice for rhubarb crops (kg/ha)",3,1,,100,,65,,250,,,,,,,,,,,,,,,,,,,,,,
108,20 Vegetables,148,,"Table-20-22: AvailableN, P and K advice for rhubarb crops (kg/ha)",4,2,,90,,45,,200,,,,,,,,,,,,,,,,,,,,,,
108,20 Vegetables,148,,"Table-20-22: AvailableN, P and K advice for rhubarb crops (kg/ha)",5,,3,,80,,35,,170,,,,,,,,,,,,,,,,,,,,,
108,20 Vegetables,148,,"Table-20-22: AvailableN, P and K advice for rhubarb crops (kg/ha)",6,4,,70,,201,,1252,,,,,,,,,,,,,,,,,,,,,,
108,20 Vegetables,148,,"Table-20-22: AvailableN, P and K advice for rhubarb crops (kg/ha)",7,Top Dress,,200,,,,,,,,,,,,,,,,,,,,,,,,,,
108,20 Vegetables,148,,"Table-20-22: AvailableN, P and K advice for rhubarb crops (kg/ha)",8,,"1. If soil P is greater than 15mg/l, no fertilizer P is necessary.",,,,,,,,,,,,,,,,,,,,,,,,,,,
108,20 Vegetables,148,,"Table-20-22: AvailableN, P and K advice for rhubarb crops (kg/ha)",9,,"2. If soil K is greater than 250 mg/l, no fertilizer K is necessary.",,,,,,,,,,,,,,,,,,,,,,,,,,,
109,20 Vegetables,148,20-23,"Table 20-23: AvailableN, P and K advice for spinach crops (kg/ha)",1,"Table 20-23: AvailableN, P and K advice for spinach crops (kg/ha)",,,,,,,,,,,,,,,,,,,,,,,,,,,,
109,20 Vegetables,148,20-23,"Table 20-23: AvailableN, P and K advice for spinach crops (kg/ha)",2,Soil Index,,,N,,P,,K,,,,,,,,,,,,,,,,,,,,,
109,20 Vegetables,148,20-23,"Table 20-23: AvailableN, P and K advice for spinach crops (kg/ha)",3,1,,140,,65,,250,,,,,,,,,,,,,,,,,,,,,,
109,20 Vegetables,148,20-23,"Table 20-23: AvailableN, P and K advice for spinach crops (kg/ha)",4,2,,125,,45,,200,,,,,,,,,,,,,,,,,,,,,,
109,20 Vegetables,148,20-23,"Table 20-23: AvailableN, P and K advice for spinach crops (kg/ha)",5,,3,,105,,35,,170,,,,,,,,,,,,,,,,,,,,,
109,20 Vegetables,148,20-23,"Table 20-23: AvailableN, P and K advice for spinach crops (kg/ha)",6,4,,90,,201,,1252,,,,,,,,,,,,,,,,,,,,,,
109,20 Vegetables,148,20-23,"Table 20-23: AvailableN, P and K advice for spinach crops (kg/ha)",7,Top Dress,,100,,,,,,,,,,,,,,,,,,,,,,,,,,
109,20 Vegetables,148,20-23,"Table 20-23: AvailableN, P and K advice for spinach crops (kg/ha)",8,,"1. If soil P is greater than 15mg/l, no fertilizer P is necessary.",,,,,,,,,,,,,,,,,,,,,,,,,,,
109,20 Vegetables,148,20-23,"Table 20-23: AvailableN, P and K advice for spinach crops (kg/ha)",9,,"2. If soil K is greater than 250 mg/l, no fertilizer K is necessary.",,,,,,,,,,,,,,,,,,,,,,,,,,,
110,20 Vegetables,149,,"Table20-24-: AvailableN, P and K advice for swede crops (kg/ha)",1,"Table20-24-: AvailableN, P and K advice for swede crops (kg/ha)",,,,,,,,,,,,,,,,,,,,,,,,,,,,
110,20 Vegetables,149,,"Table20-24-: AvailableN, P and K advice for swede crops (kg/ha)",2,Soil Index,,,N,,P,,K,,,,,,,,,,,,,,,,,,,,,
110,20 Vegetables,149,,"Table20-24-: AvailableN, P and K advice for swede crops (kg/ha)",3,1,,70,,70,,250,,,,,,,,,,,,,,,,,,,,,,
110,20 Vegetables,149,,"Table20-24-: AvailableN, P and K advice for swede crops (kg/ha)",4,2,,45,,60,,200,,,,,,,,,,,,,,,,,,,,,,
110,20 Vegetables,149,,"Table20-24-: AvailableN, P and K advice for swede crops (kg/ha)",5,,3,,25,,45,,170,,,,,,,,,,,,,,,,,,,,,
110,20 Vegetables,149,,"Table20-24-: AvailableN, P and K advice for swede crops (kg/ha)",6,4,,20,,351,,1252,,,,,,,,,,,,,,,,,,,,,,
110,20 Vegetables,149,,"Table20-24-: AvailableN, P and K advice for swede crops (kg/ha)",7,Top Dress,,30,,,,,,,,,,,,,,,,,,,,,,,,,,
110,20 Vegetables,149,,"Table20-24-: AvailableN, P and K advice for swede crops (kg/ha)",8,,"1. If soil P is greater than 15mg/l, no fertilizer P is necessary.",,,,,,,,,,,,,,,,,,,,,,,,,,,
110,20 Vegetables,149,,"Table20-24-: AvailableN, P and K advice for swede crops (kg/ha)",9,,"2. If soil K is greater than 250 mg/l, no fertilizer K is necessary.",,,,,,,,,,,,,,,,,,,,,,,,,,,
111,20 Vegetables,149,20-25,"Table 20-25: AvailableN, P and K advice for early swede crops (kg/ha)",1,"Table 20-25: AvailableN, P and K advice for early swede crops (kg/ha)",,,,,,,,,,,,,,,,,,,,,,,,,,,,
111,20 Vegetables,149,20-25,"Table 20-25: AvailableN, P and K advice for early swede crops (kg/ha)",2,Soil Index,,,N,,P,,K,,,,,,,,,,,,,,,,,,,,,
111,20 Vegetables,149,20-25,"Table 20-25: AvailableN, P and K advice for early swede crops (kg/ha)",3,1,,90,,70,,250,,,,,,,,,,,,,,,,,,,,,,
111,20 Vegetables,149,20-25,"Table 20-25: AvailableN, P and K advice for early swede crops (kg/ha)",4,2,,60,,60,,200,,,,,,,,,,,,,,,,,,,,,,
111,20 Vegetables,149,20-25,"Table 20-25: AvailableN, P and K advice for early swede crops (kg/ha)",5,,3,,30,,45,,170,,,,,,,,,,,,,,,,,,,,,
111,20 Vegetables,149,20-25,"Table 20-25: AvailableN, P and K advice for early swede crops (kg/ha)",6,4,,0,,351,,1252,,,,,,,,,,,,,,,,,,,,,,
111,20 Vegetables,149,20-25,"Table 20-25: AvailableN, P and K advice for early swede crops (kg/ha)",7,,"1. If soil P is greater than 15mg/l, no fertilizer P is necessary.",,,,,,,,,,,,,,,,,,,,,,,,,,,
111,20 Vegetables,149,20-25,"Table 20-25: AvailableN, P and K advice for early swede crops (kg/ha)",8,,"2. If soil K is greater than 250 mg/l, no fertilizer K is necessary.",,,,,,,,,,,,,,,,,,,,,,,,,,,
112,21 Fruit Crops,150,20-26,Table 20-26: Vegetable crops and the likelihood of response to B on deficient soils,1,Table 20-26: Vegetable crops and the likelihood of response to B on deficient soils,,,,,,,,,,,,,,,,,,,,,,,,,,,,
112,21 Fruit Crops,150,20-26,Table 20-26: Vegetable crops and the likelihood of response to B on deficient soils,2,Response,Vegetable crop,,,,,,,,,,,,,,,,,,,,,,,,,,,
112,21 Fruit Crops,150,20-26,Table 20-26: Vegetable crops and the likelihood of response to B on deficient soils,3,High,"Asparagus, beet, brassicas, carrot, celery",,,,,,,,,,,,,,,,,,,,,,,,,,,
112,21 Fruit Crops,150,20-26,Table 20-26: Vegetable crops and the likelihood of response to B on deficient soils,4,Medium,"Lettuce, onion",,,,,,,,,,,,,,,,,,,,,,,,,,,
112,21 Fruit Crops,150,20-26,Table 20-26: Vegetable crops and the likelihood of response to B on deficient soils,5,Low to none,"Beans, peas, potato",,,,,,,,,,,,,,,,,,,,,,,,,,,
113,21 Fruit Crops,151,20-27,Table 20-27: Vegetable crops and the likelihood of response to Cu on peat soils,1,Table 20-27: Vegetable crops and the likelihood of response to Cu on peat soils,,,,,,,,,,,,,,,,,,,,,,,,,,,,
113,21 Fruit Crops,151,20-27,Table 20-27: Vegetable crops and the likelihood of response to Cu on peat soils,2,Response,Vegetable Crop,,,,,,,,,,,,,,,,,,,,,,,,,,,
113,21 Fruit Crops,151,20-27,Table 20-27: Vegetable crops and the likelihood of response to Cu on peat soils,3,High,"Beet, carrot, lettuce, onion, spinach",,,,,,,,,,,,,,,,,,,,,,,,,,,
113,21 Fruit Crops,151,20-27,Table 20-27: Vegetable crops and the likelihood of response to Cu on peat soils,4,Medium,"Cabbage, cauliflower, celery, pea, turnip",,,,,,,,,,,,,,,,,,,,,,,,,,,
113,21 Fruit Crops,151,20-27,Table 20-27: Vegetable crops and the likelihood of response to Cu on peat soils,5,Low to None,"Beans, potato",,,,,,,,,,,,,,,,,,,,,,,,,,,
114,21 Fruit Crops,151,20-28,Table 20-28: Vegetable crops and the likelihood of response to Mn on peat soils,1,Table 20-28: Vegetable crops and the likelihood of response to Mn on peat soils,,,,,,,,,,,,,,,,,,,,,,,,,,,,
114,21 Fruit Crops,151,20-28,Table 20-28: Vegetable crops and the likelihood of response to Mn on peat soils,2,Response,Vegetable crop,,,,,,,,,,,,,,,,,,,,,,,,,,,
114,21 Fruit Crops,151,20-28,Table 20-28: Vegetable crops and the likelihood of response to Mn on peat soils,3,High,"Bean, lettuce, onion, pea, potato, spinach",,,,,,,,,,,,,,,,,,,,,,,,,,,
114,21 Fruit Crops,151,20-28,Table 20-28: Vegetable crops and the likelihood of response to Mn on peat soils,4,Medium,"Beet, brassicas, carrot, celery",,,,,,,,,,,,,,,,,,,,,,,,,,,
114,21 Fruit Crops,151,20-28,Table 20-28: Vegetable crops and the likelihood of response to Mn on peat soils,5,Low to none,"Asparagus, parsnip",,,,,,,,,,,,,,,,,,,,,,,,,,,
115,21 Fruit Crops,152,,Detected table 1,1,Response,,,,,,,,,,,,,,,,,,,,,,,,,,,,
115,21 Fruit Crops,152,,Detected table 1,2,High,,,,,,,,,,,,,,,,,,,,,,,,,,,,
115,21 Fruit Crops,152,,Detected table 1,3,Medium,,,,,,,,,,,,,,,,,,,,,,,,,,,,
115,21 Fruit Crops,152,,Detected table 1,4,Low to none,,,,,,,,,,,,,,,,,,,,,,,,,,,,
116,21 Fruit Crops,152,20-30,"Table 20-30: Susceptibility of the major vegetable crops to deficiency of Ca, Mg and the main micronutrients",1,"Table 20-30: Susceptibility of the major vegetable crops to deficiency of Ca, Mg and the main micronutrients",,,,,,,,,,,,,,,,,,,,,,,,,,,,
116,21 Fruit Crops,152,20-30,"Table 20-30: Susceptibility of the major vegetable crops to deficiency of Ca, Mg and the main micronutrients",2,Susceptibility key,,,,,,,,,,,,,,,,,,,,,,,,,,,,
116,21 Fruit Crops,152,20-30,"Table 20-30: Susceptibility of the major vegetable crops to deficiency of Ca, Mg and the main micronutrients",3,"+++ = very susceptible, ++ moderately susceptible, + = least susceptible",,,,,,,,,,,,,,,,,,,,,,,,,,,,
116,21 Fruit Crops,152,20-30,"Table 20-30: Susceptibility of the major vegetable crops to deficiency of Ca, Mg and the main micronutrients",4,Crop,Ca,Mg,B,Cu,Mn,Mo,Zn,,,,,,,,,,,,,,,,,,,,,
116,21 Fruit Crops,152,20-30,"Table 20-30: Susceptibility of the major vegetable crops to deficiency of Ca, Mg and the main micronutrients",5,Asparagus,-,+,+++,+,+,+,+,,,,,,,,,,,,,,,,,,,,,
116,21 Fruit Crops,152,20-30,"Table 20-30: Susceptibility of the major vegetable crops to deficiency of Ca, Mg and the main micronutrients",6,Beans,-,++,+,+,+++,++,+++,,,,,,,,,,,,,,,,,,,,,
116,21 Fruit Crops,152,20-30,"Table 20-30: Susceptibility of the major vegetable crops to deficiency of Ca, Mg and the main micronutrients",7,Beetroot,-,++,+++,+++,++,++,++,,,,,,,,,,,,,,,,,,,,,
116,21 Fruit Crops,152,20-30,"Table 20-30: Susceptibility of the major vegetable crops to deficiency of Ca, Mg and the main micronutrients",8,B. sprouts,+++,+,+++,++,++,+++,-,,,,,,,,,,,,,,,,,,,,,
116,21 Fruit Crops,152,20-30,"Table 20-30: Susceptibility of the major vegetable crops to deficiency of Ca, Mg and the main micronutrients",9,Cabbage,-,++,+++,++,++,+++,-,,,,,,,,,,,,,,,,,,,,,
116,21 Fruit Crops,152,20-30,"Table 20-30: Susceptibility of the major vegetable crops to deficiency of Ca, Mg and the main micronutrients",10,Calabrese,-,++,+++,++,++,+++,-,,,,,,,,,,,,,,,,,,,,,
116,21 Fruit Crops,152,20-30,"Table 20-30: Susceptibility of the major vegetable crops to deficiency of Ca, Mg and the main micronutrients",11,Cauliflower,-,+++,+++,++,++,+++,-,,,,,,,,,,,,,,,,,,,,,
116,21 Fruit Crops,152,20-30,"Table 20-30: Susceptibility of the major vegetable crops to deficiency of Ca, Mg and the main micronutrients",12,Carrots,-,+,+++,+++,++,+,+,,,,,,,,,,,,,,,,,,,,,
116,21 Fruit Crops,152,20-30,"Table 20-30: Susceptibility of the major vegetable crops to deficiency of Ca, Mg and the main micronutrients",13,Celery,+++,+,+++,++,++,+,,,,,,,,,,,,,,,,,,,,,,
116,21 Fruit Crops,152,20-30,"Table 20-30: Susceptibility of the major vegetable crops to deficiency of Ca, Mg and the main micronutrients",14,Courgettes,-,-,+,-,-,-,-,,,,,,,,,,,,,,,,,,,,,
116,21 Fruit Crops,152,20-30,"Table 20-30: Susceptibility of the major vegetable crops to deficiency of Ca, Mg and the main micronutrients",15,Leeks,-,+,++,-,+,-,-,,,,,,,,,,,,,,,,,,,,,
116,21 Fruit Crops,152,20-30,"Table 20-30: Susceptibility of the major vegetable crops to deficiency of Ca, Mg and the main micronutrients",16,Lettuce,+++,+++,++,+++,+++,++,-,,,,,,,,,,,,,,,,,,,,,
116,21 Fruit Crops,152,20-30,"Table 20-30: Susceptibility of the major vegetable crops to deficiency of Ca, Mg and the main micronutrients",17,Onions,,++,++,+++,+++,++,+++,,,,,,,,,,,,,,,,,,,,,
116,21 Fruit Crops,152,20-30,"Table 20-30: Susceptibility of the major vegetable crops to deficiency of Ca, Mg and the main micronutrients",18,Parsnips,,,,,+,+,,,,,,,,,,,,,,,,,,,,,,
116,21 Fruit Crops,152,20-30,"Table 20-30: Susceptibility of the major vegetable crops to deficiency of Ca, Mg and the main micronutrients",19,Peas,,++,+,++,+++,++,+,,,,,,,,,,,,,,,,,,,,,
116,21 Fruit Crops,152,20-30,"Table 20-30: Susceptibility of the major vegetable crops to deficiency of Ca, Mg and the main micronutrients",20,Potato (early),,++,+++,+,+++,+,++,,,,,,,,,,,,,,,,,,,,,
116,21 Fruit Crops,152,20-30,"Table 20-30: Susceptibility of the major vegetable crops to deficiency of Ca, Mg and the main micronutrients",21,Spinach,,++,++,+++,+++,+++,,,,,,,,,,,,,,,,,,,,,,
116,21 Fruit Crops,152,20-30,"Table 20-30: Susceptibility of the major vegetable crops to deficiency of Ca, Mg and the main micronutrients",22,Swedes,,+,+++,++,++,++,,,,,,,,,,,,,,,,,,,,,,
116,21 Fruit Crops,152,20-30,"Table 20-30: Susceptibility of the major vegetable crops to deficiency of Ca, Mg and the main micronutrients",23,Sweetcorn,,+,+,++,++,+,+++,,,,,,,,,,,,,,,,,,,,,
117,21 Fruit Crops,154,21-1,Table 21-1: Available nitrogen applications for fruit crops (kg/ha),1,Table 21-1: Available nitrogen applications for fruit crops (kg/ha),,,,,,,,,,,,,,,,,,,,,,,,,,,,
117,21 Fruit Crops,154,21-1,Table 21-1: Available nitrogen applications for fruit crops (kg/ha),2,,,Nature of Cultivated Area,,,,,,,,,,,,,,,,,,,,,,,,,,
117,21 Fruit Crops,154,21-1,Table 21-1: Available nitrogen applications for fruit crops (kg/ha),3,,CROP,Grassed*,Cultivated,,,,,,,,,,,,,,,,,,,,,,,,,
117,21 Fruit Crops,154,21-1,Table 21-1: Available nitrogen applications for fruit crops (kg/ha),4,,Apples (dessert),125,40,,,,,,,,,,,,,,,,,,,,,,,,,
117,21 Fruit Crops,154,21-1,Table 21-1: Available nitrogen applications for fruit crops (kg/ha),5,,Apples (culinary),125,70,,,,,,,,,,,,,,,,,,,,,,,,,
117,21 Fruit Crops,154,21-1,Table 21-1: Available nitrogen applications for fruit crops (kg/ha),6,,Pears,140,100,,,,,,,,,,,,,,,,,,,,,,,,,
117,21 Fruit Crops,154,21-1,Table 21-1: Available nitrogen applications for fruit crops (kg/ha),7,,Cherries,140,100,,,,,,,,,,,,,,,,,,,,,,,,,
117,21 Fruit Crops,154,21-1,Table 21-1: Available nitrogen applications for fruit crops (kg/ha),8,,Plums,140,100,,,,,,,,,,,,,,,,,,,,,,,,,
117,21 Fruit Crops,154,21-1,Table 21-1: Available nitrogen applications for fruit crops (kg/ha),9,,Blackcurrants,-,110,,,,,,,,,,,,,,,,,,,,,,,,,
117,21 Fruit Crops,154,21-1,Table 21-1: Available nitrogen applications for fruit crops (kg/ha),10,,Gooseberries,-,80,,,,,,,,,,,,,,,,,,,,,,,,,
117,21 Fruit Crops,154,21-1,Table 21-1: Available nitrogen applications for fruit crops (kg/ha),11,,Raspberries,-,80,,,,,,,,,,,,,,,,,,,,,,,,,
117,21 Fruit Crops,154,21-1,Table 21-1: Available nitrogen applications for fruit crops (kg/ha),12,,Strawberries,-,50,,,,,,,,,,,,,,,,,,,,,,,,,
117,21 Fruit Crops,154,21-1,Table 21-1: Available nitrogen applications for fruit crops (kg/ha),13,,Redcurrants,-,80,,,,,,,,,,,,,,,,,,,,,,,,,
117,21 Fruit Crops,154,21-1,Table 21-1: Available nitrogen applications for fruit crops (kg/ha),14,,Loganberries,-,80,,,,,,,,,,,,,,,,,,,,,,,,,
117,21 Fruit Crops,154,21-1,Table 21-1: Available nitrogen applications for fruit crops (kg/ha),15,,Blackberries,-,80,,,,,,,,,,,,,,,,,,,,,,,,,
117,21 Fruit Crops,154,21-1,Table 21-1: Available nitrogen applications for fruit crops (kg/ha),16,,* A hyphen in this column indicates that these crops should not be cultivated in grassed areas,,,,,,,,,,,,,,,,,,,,,,,,,,,
118,21 Fruit Crops,154,21-2,Table 21-2: Available phosphorus applications for fruit crops (kg/ha),1,Table 21-2: Available phosphorus applications for fruit crops (kg/ha),,,,,,,,,,,,,,,,,,,,,,,,,,,,
118,21 Fruit Crops,154,21-2,Table 21-2: Available phosphorus applications for fruit crops (kg/ha),2,,,P Index,,,,,,,,,,,,,,,,,,,,,,,,,,
118,21 Fruit Crops,154,21-2,Table 21-2: Available phosphorus applications for fruit crops (kg/ha),3,,CROP,1,2,3,4,,,,,,,,,,,,,,,,,,,,,,,
118,21 Fruit Crops,154,21-2,Table 21-2: Available phosphorus applications for fruit crops (kg/ha),4,,Apples (dessert),25,16,12,8,,,,,,,,,,,,,,,,,,,,,,,
118,21 Fruit Crops,154,21-2,Table 21-2: Available phosphorus applications for fruit crops (kg/ha),5,,Apples (culinary),20,12,10,8,,,,,,,,,,,,,,,,,,,,,,,
118,21 Fruit Crops,154,21-2,Table 21-2: Available phosphorus applications for fruit crops (kg/ha),6,,Pears,16,8,4,0,,,,,,,,,,,,,,,,,,,,,,,
118,21 Fruit Crops,154,21-2,Table 21-2: Available phosphorus applications for fruit crops (kg/ha),7,,Cherries,16,8,4,0,,,,,,,,,,,,,,,,,,,,,,,
118,21 Fruit Crops,154,21-2,Table 21-2: Available phosphorus applications for fruit crops (kg/ha),8,,Plums,16,8,4,0,,,,,,,,,,,,,,,,,,,,,,,
118,21 Fruit Crops,154,21-2,Table 21-2: Available phosphorus applications for fruit crops (kg/ha),9,,Blackcurrants,20,16,12,8,,,,,,,,,,,,,,,,,,,,,,,
118,21 Fruit Crops,154,21-2,Table 21-2: Available phosphorus applications for fruit crops (kg/ha),10,,Gooseberries,20,16,12,8,,,,,,,,,,,,,,,,,,,,,,,
118,21 Fruit Crops,154,21-2,Table 21-2: Available phosphorus applications for fruit crops (kg/ha),11,,Raspberries,20,16,12,8,,,,,,,,,,,,,,,,,,,,,,,
118,21 Fruit Crops,154,21-2,Table 21-2: Available phosphorus applications for fruit crops (kg/ha),12,,Strawberries,16,8,4,0,,,,,,,,,,,,,,,,,,,,,,,
118,21 Fruit Crops,154,21-2,Table 21-2: Available phosphorus applications for fruit crops (kg/ha),13,,Redcurrants,20,16,12,8,,,,,,,,,,,,,,,,,,,,,,,
118,21 Fruit Crops,154,21-2,Table 21-2: Available phosphorus applications for fruit crops (kg/ha),14,,Loganberries,20,16,12,8,,,,,,,,,,,,,,,,,,,,,,,
118,21 Fruit Crops,154,21-2,Table 21-2: Available phosphorus applications for fruit crops (kg/ha),15,,Blackberries,20,16,12,8,,,,,,,,,,,,,,,,,,,,,,,
119,21 Fruit Crops,155,21-3,Table 21-3: Available potassium applications for fruit crops (kg/ha),1,Table 21-3: Available potassium applications for fruit crops (kg/ha),,,,,,,,,,,,,,,,,,,,,,,,,,,,
119,21 Fruit Crops,155,21-3,Table 21-3: Available potassium applications for fruit crops (kg/ha),2,,,K Index,,,,,,,,,,,,,,,,,,,,,,,,,,
119,21 Fruit Crops,155,21-3,Table 21-3: Available potassium applications for fruit crops (kg/ha),3,,CROP,1,2,3,4,,,,,,,,,,,,,,,,,,,,,,,
119,21 Fruit Crops,155,21-3,Table 21-3: Available potassium applications for fruit crops (kg/ha),4,,Apples (dessert),110,70,50,30,,,,,,,,,,,,,,,,,,,,,,,
119,21 Fruit Crops,155,21-3,Table 21-3: Available potassium applications for fruit crops (kg/ha),5,,Apples (culinary),90,60,40,30,,,,,,,,,,,,,,,,,,,,,,,
119,21 Fruit Crops,155,21-3,Table 21-3: Available potassium applications for fruit crops (kg/ha),6,,Pears,80,50,40,20,,,,,,,,,,,,,,,,,,,,,,,
119,21 Fruit Crops,155,21-3,Table 21-3: Available potassium applications for fruit crops (kg/ha),7,,Cherries,80,50,40,20,,,,,,,,,,,,,,,,,,,,,,,
119,21 Fruit Crops,155,21-3,Table 21-3: Available potassium applications for fruit crops (kg/ha),8,,Plums,80,50,40,20,,,,,,,,,,,,,,,,,,,,,,,
119,21 Fruit Crops,155,21-3,Table 21-3: Available potassium applications for fruit crops (kg/ha),9,,Blackcurrants,90,60,45,30,,,,,,,,,,,,,,,,,,,,,,,
119,21 Fruit Crops,155,21-3,Table 21-3: Available potassium applications for fruit crops (kg/ha),10,,Gooseberries,120,90,70,50,,,,,,,,,,,,,,,,,,,,,,,
119,21 Fruit Crops,155,21-3,Table 21-3: Available potassium applications for fruit crops (kg/ha),11,,Raspberries,100,90,70,50,,,,,,,,,,,,,,,,,,,,,,,
119,21 Fruit Crops,155,21-3,Table 21-3: Available potassium applications for fruit crops (kg/ha),12,,Strawberries,90,60,45,30,,,,,,,,,,,,,,,,,,,,,,,
119,21 Fruit Crops,155,21-3,Table 21-3: Available potassium applications for fruit crops (kg/ha),13,,Redcurrants,120,70,60,50,,,,,,,,,,,,,,,,,,,,,,,
119,21 Fruit Crops,155,21-3,Table 21-3: Available potassium applications for fruit crops (kg/ha),14,,Loganberries,90,60,45,30,,,,,,,,,,,,,,,,,,,,,,,
119,21 Fruit Crops,155,21-3,Table 21-3: Available potassium applications for fruit crops (kg/ha),15,,Blackberries,90,60,45,30,,,,,,,,,,,,,,,,,,,,,,,
120,21 Fruit Crops,157,21-4,Table 21-4: Guidelines for nutrient solution for strawberry production using substrates,1,Table 21-4: Guidelines for nutrient solution for strawberry production using substrates,,,,,,,,,,,,,,,,,,,,,,,,,,,,
120,21 Fruit Crops,157,21-4,Table 21-4: Guidelines for nutrient solution for strawberry production using substrates,2,,Nutrient,Nutrient solution optimum mg/l in dilute feed,,,,,,,,,,,,,,,,,,,,,,,,,,
120,21 Fruit Crops,157,21-4,Table 21-4: Guidelines for nutrient solution for strawberry production using substrates,3,,Nitrogen (NO ) 3,110-140,,,,,,,,,,,,,,,,,,,,,,,,,,
120,21 Fruit Crops,157,21-4,Table 21-4: Guidelines for nutrient solution for strawberry production using substrates,4,,Nitrogen (NH ) 4,7-14,,,,,,,,,,,,,,,,,,,,,,,,,,
120,21 Fruit Crops,157,21-4,Table 21-4: Guidelines for nutrient solution for strawberry production using substrates,5,,Phosphorus (P),46,,,,,,,,,,,,,,,,,,,,,,,,,,
120,21 Fruit Crops,157,21-4,Table 21-4: Guidelines for nutrient solution for strawberry production using substrates,6,,Potassium (K),140-250,,,,,,,,,,,,,,,,,,,,,,,,,,
120,21 Fruit Crops,157,21-4,Table 21-4: Guidelines for nutrient solution for strawberry production using substrates,7,,Magnesium (Mg),30-40,,,,,,,,,,,,,,,,,,,,,,,,,,
120,21 Fruit Crops,157,21-4,Table 21-4: Guidelines for nutrient solution for strawberry production using substrates,8,,Calcium (Ca),140-180,,,,,,,,,,,,,,,,,,,,,,,,,,
120,21 Fruit Crops,157,21-4,Table 21-4: Guidelines for nutrient solution for strawberry production using substrates,9,,Sulphate (SO ) 4,50-100,,,,,,,,,,,,,,,,,,,,,,,,,,
120,21 Fruit Crops,157,21-4,Table 21-4: Guidelines for nutrient solution for strawberry production using substrates,10,,Iron (Fe),1.1-1.7,,,,,,,,,,,,,,,,,,,,,,,,,,
120,21 Fruit Crops,157,21-4,Table 21-4: Guidelines for nutrient solution for strawberry production using substrates,11,,Zinc (Zn),0.46-0.65,,,,,,,,,,,,,,,,,,,,,,,,,,
120,21 Fruit Crops,157,21-4,Table 21-4: Guidelines for nutrient solution for strawberry production using substrates,12,,Boron (B),0.11-0.17,,,,,,,,,,,,,,,,,,,,,,,,,,
120,21 Fruit Crops,157,21-4,Table 21-4: Guidelines for nutrient solution for strawberry production using substrates,13,,Manganese (Mn),0.55-1.11,,,,,,,,,,,,,,,,,,,,,,,,,,
120,21 Fruit Crops,157,21-4,Table 21-4: Guidelines for nutrient solution for strawberry production using substrates,14,,Copper (Cu),0.03,,,,,,,,,,,,,,,,,,,,,,,,,,
120,21 Fruit Crops,157,21-4,Table 21-4: Guidelines for nutrient solution for strawberry production using substrates,15,,Molybdenum (Mo),0.05,,,,,,,,,,,,,,,,,,,,,,,,,,
121,22 Energy Crops,162,22-1,Table 22-1:-Typical nutrient offtakes for miscanthus crops yielding between 10 to 15 t/ha dry matter,1,Table 22-1:-Typical nutrient offtakes for miscanthus crops yielding between 10 to 15 t/ha dry matter,,,,,,,,,,,,,,,,,,,,,,,,,,,,
121,22 Energy Crops,162,22-1,Table 22-1:-Typical nutrient offtakes for miscanthus crops yielding between 10 to 15 t/ha dry matter,2,,Nutrient,(kg ha),,,,,,,,,,,,,,,,,,,,,,,,,,
121,22 Energy Crops,162,22-1,Table 22-1:-Typical nutrient offtakes for miscanthus crops yielding between 10 to 15 t/ha dry matter,3,,N,65-100,,,,,,,,,,,,,,,,,,,,,,,,,,
121,22 Energy Crops,162,22-1,Table 22-1:-Typical nutrient offtakes for miscanthus crops yielding between 10 to 15 t/ha dry matter,4,,P,10-15,,,,,,,,,,,,,,,,,,,,,,,,,,
121,22 Energy Crops,162,22-1,Table 22-1:-Typical nutrient offtakes for miscanthus crops yielding between 10 to 15 t/ha dry matter,5,,K,85-130,,,,,,,,,,,,,,,,,,,,,,,,,,
121,22 Energy Crops,162,22-1,Table 22-1:-Typical nutrient offtakes for miscanthus crops yielding between 10 to 15 t/ha dry matter,6,,Mg,8-12,,,,,,,,,,,,,,,,,,,,,,,,,,
121,22 Energy Crops,162,22-1,Table 22-1:-Typical nutrient offtakes for miscanthus crops yielding between 10 to 15 t/ha dry matter,7,,Source Himken et al.1997. Plant and Soil 189:117-126.,,,,,,,,,,,,,,,,,,,,,,,,,,,
122,22 Energy Crops,162,22-2,Table 22-2:-Nitrogen guidance for miscanthus1based on crop removal of 13 t/hadry matter,1,Table 22-2:-Nitrogen guidance for miscanthus1based on crop removal of 13 t/hadry matter,,,,,,,,,,,,,,,,,,,,,,,,,,,,
122,22 Energy Crops,162,22-2,Table 22-2:-Nitrogen guidance for miscanthus1based on crop removal of 13 t/hadry matter,2,,Soils N index,N,P,K2,,,,,,,,,,,,,,,,,,,,,,,,
122,22 Energy Crops,162,22-2,Table 22-2:-Nitrogen guidance for miscanthus1based on crop removal of 13 t/hadry matter,3,,1,100,33,120,,,,,,,,,,,,,,,,,,,,,,,,
122,22 Energy Crops,162,22-2,Table 22-2:-Nitrogen guidance for miscanthus1based on crop removal of 13 t/hadry matter,4,,2,80,23,75,,,,,,,,,,,,,,,,,,,,,,,,
122,22 Energy Crops,162,22-2,Table 22-2:-Nitrogen guidance for miscanthus1based on crop removal of 13 t/hadry matter,5,,3,50,13,40,,,,,,,,,,,,,,,,,,,,,,,,
122,22 Energy Crops,162,22-2,Table 22-2:-Nitrogen guidance for miscanthus1based on crop removal of 13 t/hadry matter,6,,4,30,0,0,,,,,,,,,,,,,,,,,,,,,,,,
122,22 Energy Crops,162,22-2,Table 22-2:-Nitrogen guidance for miscanthus1based on crop removal of 13 t/hadry matter,7,,1. Advice for miscanthus crops from 3 years post establishment onwards.,,,,,,,,,,,,,,,,,,,,,,,,,,,
122,22 Energy Crops,162,22-2,Table 22-2:-Nitrogen guidance for miscanthus1based on crop removal of 13 t/hadry matter,8,,2. The use of Potassium (Potassium Chloride) should be avoided as the resultant high levels of,,,,,,,,,,,,,,,,,,,,,,,,,,,
122,22 Energy Crops,162,22-2,Table 22-2:-Nitrogen guidance for miscanthus1based on crop removal of 13 t/hadry matter,9,,chloride can lead to corrosion in heating boilers.,,,,,,,,,,,,,,,,,,,,,,,,,,,
123,23-25 Appendices,164,22-3,Table 22-3:- Guidance for willow1based on crop removal of 12 t/hadry matter,1,Table 22-3:- Guidance for willow1based on crop removal of 12 t/hadry matter,,,,,,,,,,,,,,,,,,,,,,,,,,,,
123,23-25 Appendices,164,22-3,Table 22-3:- Guidance for willow1based on crop removal of 12 t/hadry matter,2,,Soils N index,N,P,K2,,,,,,,,,,,,,,,,,,,,,,,,
123,23-25 Appendices,164,22-3,Table 22-3:- Guidance for willow1based on crop removal of 12 t/hadry matter,3,,1,130,44,155,,,,,,,,,,,,,,,,,,,,,,,,
123,23-25 Appendices,164,22-3,Table 22-3:- Guidance for willow1based on crop removal of 12 t/hadry matter,4,,2,100,34,135,,,,,,,,,,,,,,,,,,,,,,,,
123,23-25 Appendices,164,22-3,Table 22-3:- Guidance for willow1based on crop removal of 12 t/hadry matter,5,,3,75,24,120,,,,,,,,,,,,,,,,,,,,,,,,
123,23-25 Appendices,164,22-3,Table 22-3:- Guidance for willow1based on crop removal of 12 t/hadry matter,6,,4,40,0,0,,,,,,,,,,,,,,,,,,,,,,,,
123,23-25 Appendices,164,22-3,Table 22-3:- Guidance for willow1based on crop removal of 12 t/hadry matter,7,,1. Adjust recommended rates of P by 2 kg/t or K by 10 kg/t based on crop yield potential.,,,,,,,,,,,,,,,,,,,,,,,,,,,
123,23-25 Appendices,164,22-3,Table 22-3:- Guidance for willow1based on crop removal of 12 t/hadry matter,8,,2. The use of Potassium (Potassium Chloride) should be avoided as the resultant high levels of,,,,,,,,,,,,,,,,,,,,,,,,,,,
123,23-25 Appendices,164,22-3,Table 22-3:- Guidance for willow1based on crop removal of 12 t/hadry matter,9,,chloride can lead to corrosion in heating boilers.,,,,,,,,,,,,,,,,,,,,,,,,,,,
124,23-25 Appendices,165,22-4,Table 22-4:Nutrient guidelines for hemp1crops grown for fibre,1,Table 22-4:Nutrient guidelines for hemp1crops grown for fibre,,,,,,,,,,,,,,,,,,,,,,,,,,,,
124,23-25 Appendices,165,22-4,Table 22-4:Nutrient guidelines for hemp1crops grown for fibre,2,,Soils N index,N,P,K2,,,,,,,,,,,,,,,,,,,,,,,,
124,23-25 Appendices,165,22-4,Table 22-4:Nutrient guidelines for hemp1crops grown for fibre,3,,1,120,50,75,,,,,,,,,,,,,,,,,,,,,,,,
124,23-25 Appendices,165,22-4,Table 22-4:Nutrient guidelines for hemp1crops grown for fibre,4,,2,105,40,60,,,,,,,,,,,,,,,,,,,,,,,,
124,23-25 Appendices,165,22-4,Table 22-4:Nutrient guidelines for hemp1crops grown for fibre,5,,3,90,30,45,,,,,,,,,,,,,,,,,,,,,,,,
124,23-25 Appendices,165,22-4,Table 22-4:Nutrient guidelines for hemp1crops grown for fibre,6,,4,75,0,0,,,,,,,,,,,,,,,,,,,,,,,,
124,23-25 Appendices,165,22-4,Table 22-4:Nutrient guidelines for hemp1crops grown for fibre,7,,1. Nutrient guidelines based on a hemp crop yielding 12 t/ha dry matter.,,,,,,,,,,,,,,,,,,,,,,,,,,,
124,23-25 Appendices,165,22-4,Table 22-4:Nutrient guidelines for hemp1crops grown for fibre,8,,2. The use of Potassium (Potassium Chloride) should be avoided as the resultant high levels of,,,,,,,,,,,,,,,,,,,,,,,,,,,
124,23-25 Appendices,165,22-4,Table 22-4:Nutrient guidelines for hemp1crops grown for fibre,9,,chloride can lead to corrosion in heating boilers.,,,,,,,,,,,,,,,,,,,,,,,,,,,
125,23-25 Appendices,167,23-1,Table 23-1:Nutrient concentrations in plants,1,Table 23-1:Nutrient concentrations in plants,,,,,,,,,,,,,,,,,,,,,,,,,,,,
125,23-25 Appendices,167,23-1,Table 23-1:Nutrient concentrations in plants,2,,Nutrient,,Concentration in recently mature leaves,,,,,,,,,,,,,,,,,,,,,,,,,
125,23-25 Appendices,167,23-1,Table 23-1:Nutrient concentrations in plants,3,,,Deficient,,Low,,Sufficient,,Toxic,,,,,,,,,,,,,,,,,,,,
125,23-25 Appendices,167,23-1,Table 23-1:Nutrient concentrations in plants,4,,Major Elements,,Units: g/kg in dry matter,,,,,,,,,,,,,,,,,,,,,,,,,
125,23-25 Appendices,167,23-1,Table 23-1:Nutrient concentrations in plants,5,,Nitrogen,,< 20,,20-30,,30-40,,-,,,,,,,,,,,,,,,,,,,
125,23-25 Appendices,167,23-1,Table 23-1:Nutrient concentrations in plants,6,,Phosphorus,,< 1,,1-3,,3-4,,-,,,,,,,,,,,,,,,,,,,
125,23-25 Appendices,167,23-1,Table 23-1:Nutrient concentrations in plants,7,,Potassium,,< 20,,20-30,,30-60,,,,,,,,,,,,,,,,,,,,,
125,23-25 Appendices,167,23-1,Table 23-1:Nutrient concentrations in plants,8,,Magnesium,,< 1,,1-3,,3-6,,-,,,,,,,,,,,,,,,,,,,
125,23-25 Appendices,167,23-1,Table 23-1:Nutrient concentrations in plants,9,,Micronutrients,,Units: mg/kg in dry matter,,,,,,,,,,,,,,,,,,,,,,,,,
125,23-25 Appendices,167,23-1,Table 23-1:Nutrient concentrations in plants,10,,Boron,,< 15,,15-30,,30-60,,>200,,,,,,,,,,,,,,,,,,,
125,23-25 Appendices,167,23-1,Table 23-1:Nutrient concentrations in plants,11,,Copper,,< 4,,5-10,,10-20,,>20,,,,,,,,,,,,,,,,,,,
125,23-25 Appendices,167,23-1,Table 23-1:Nutrient concentrations in plants,12,,Manganese,,< 20,,20-30,,30-100,,>500,,,,,,,,,,,,,,,,,,,
125,23-25 Appendices,167,23-1,Table 23-1:Nutrient concentrations in plants,13,,Molybdenum,,< 0.1,,,,0.5,,-,,,,,,,,,,,,,,,,,,,
125,23-25 Appendices,167,23-1,Table 23-1:Nutrient concentrations in plants,14,,Zinc,,< 20,,20-30,,30-60,,>400,,,,,,,,,,,,,,,,,,,
126,23-25 Appendices,174,,Livestock Type,1,Livestock Type,Total Nitrogen (kg/year),,,,,,,,,,,,,,,,,,,,,,,,,,,
126,23-25 Appendices,174,,Livestock Type,2,Dairy cow,85,,,,,,,,,,,,,,,,,,,,,,,,,,,
126,23-25 Appendices,174,,Livestock Type,3,Suckler cow,65,,,,,,,,,,,,,,,,,,,,,,,,,,,
126,23-25 Appendices,174,,Livestock Type,4,Cattle (0-1 year old),24,,,,,,,,,,,,,,,,,,,,,,,,,,,
126,23-25 Appendices,174,,Livestock Type,5,Cattle (1-2 year old),57,,,,,,,,,,,,,,,,,,,,,,,,,,,
126,23-25 Appendices,174,,Livestock Type,6,Cattle > 2 years,65,,,,,,,,,,,,,,,,,,,,,,,,,,,
126,23-25 Appendices,174,,Livestock Type,7,Mountain ewe & lambs,7,,,,,,,,,,,,,,,,,,,,,,,,,,,
126,23-25 Appendices,174,,Livestock Type,8,Lowland ewe & lambs,13,,,,,,,,,,,,,,,,,,,,,,,,,,,
126,23-25 Appendices,174,,Livestock Type,9,Mountain Hogget,4,,,,,,,,,,,,,,,,,,,,,,,,,,,
126,23-25 Appendices,174,,Livestock Type,10,Lowland Hogget,6,,,,,,,,,,,,,,,,,,,,,,,,,,,
126,23-25 Appendices,174,,Livestock Type,11,Goat,9,,,,,,,,,,,,,,,,,,,,,,,,,,,
126,23-25 Appendices,174,,Livestock Type,12,Horse (>3 years old),50,,,,,,,,,,,,,,,,,,,,,,,,,,,
126,23-25 Appendices,174,,Livestock Type,13,Horse (2-3 years old),44,,,,,,,,,,,,,,,,,,,,,,,,,,,
126,23-25 Appendices,174,,Livestock Type,14,Horse (1-2 years old),36,,,,,,,,,,,,,,,,,,,,,,,,,,,
126,23-25 Appendices,174,,Livestock Type,15,Horse foal (< 1 year old),25,,,,,,,,,,,,,,,,,,,,,,,,,,,
126,23-25 Appendices,174,,Livestock Type,16,Donkey / small pony,30,,,,,,,,,,,,,,,,,,,,,,,,,,,
126,23-25 Appendices,174,,Livestock Type,17,Deer (red) 6 months-2 years,13,,,,,,,,,,,,,,,,,,,,,,,,,,,
126,23-25 Appendices,174,,Livestock Type,18,Deer (red) > 2 years,25,,,,,,,,,,,,,,,,,,,,,,,,,,,
126,23-25 Appendices,174,,Livestock Type,19,Deer (fallow) 6 months-2 years,7,,,,,,,,,,,,,,,,,,,,,,,,,,,
126,23-25 Appendices,174,,Livestock Type,20,Deer (fallow) > 2 years,13,,,,,,,,,,,,,,,,,,,,,,,,,,,
126,23-25 Appendices,174,,Livestock Type,21,Deer (sika) 6 months-2 years,6,,,,,,,,,,,,,,,,,,,,,,,,,,,
126,23-25 Appendices,174,,Livestock Type,22,Deer (sika) > 2 years,10,,,,,,,,,,,,,,,,,,,,,,,,,,,
126,23-25 Appendices,174,,Livestock Type,23,Breeding unit (per sow place),35,,,,,,,,,,,,,,,,,,,,,,,,,,,
126,23-25 Appendices,174,,Livestock Type,24,Integrated unit (per sow place),87,,,,,,,,,,,,,,,,,,,,,,,,,,,
126,23-25 Appendices,174,,Livestock Type,25,Finishing unit (per pig place),9.2,,,,,,,,,,,,,,,,,,,,,,,,,,,
126,23-25 Appendices,174,,Livestock Type,26,Laying hen per bird place,0.56,,,,,,,,,,,,,,,,,,,,,,,,,,,
126,23-25 Appendices,174,,Livestock Type,27,Broiler per bird place,0.24,,,,,,,,,,,,,,,,,,,,,,,,,,,
126,23-25 Appendices,174,,Livestock Type,28,Turkey per bird place,1,,,,,,,,,,,,,,,,,,,,,,,,,,,
127,23-25 Appendices,175,,Imperial / Traditional,1,Usage,,Metric,Imperial / Traditional,,,,,,,,,,,,,,,,,,,,,,,,,
127,23-25 Appendices,175,,Imperial / Traditional,2,,setaR,1 tonne/ha,,0.398 tons/acre,,,,,,,,,,,,,,,,,,,,,,,,
127,23-25 Appendices,175,,Imperial / Traditional,3,,,100 kg/ha,,80.9 units/acre,,,,,,,,,,,,,,,,,,,,,,,,
127,23-25 Appendices,175,,Imperial / Traditional,4,,,1 kg/tonne,,2.03 units/ton,,,,,,,,,,,,,,,,,,,,,,,,
127,23-25 Appendices,175,,Imperial / Traditional,5,,,1 m3/ha or 1000 l/ha,,89.0 gallons/acre,,,,,,,,,,,,,,,,,,,,,,,,
127,23-25 Appendices,175,,Imperial / Traditional,6,,,1 kg/m3,,9.09 units/1000 gallons,,,,,,,,,,,,,,,,,,,,,,,,
127,23-25 Appendices,175,,Imperial / Traditional,7,,,kg/tonne (w/w basis) to kg/m3(w/v,Multiply by specific gravity,Multiply by specific gravity,,,,,,,,,,,,,,,,,,,,,,,,
127,23-25 Appendices,175,,Imperial / Traditional,8,,,basis),,,,,,,,,,,,,,,,,,,,,,,,,,
127,23-25 Appendices,175,,Imperial / Traditional,9,,htgneL,1 kilometre,,0.621 mile,,,,,,,,,,,,,,,,,,,,,,,,
127,23-25 Appendices,175,,Imperial / Traditional,10,,,1 metre,,1.09 yards,,,,,,,,,,,,,,,,,,,,,,,,
127,23-25 Appendices,175,,Imperial / Traditional,11,,,1 metre,,3.28 feet,,,,,,,,,,,,,,,,,,,,,,,,
127,23-25 Appendices,175,,Imperial / Traditional,12,,,1 centimetre,,0.394 inch,,,,,,,,,,,,,,,,,,,,,,,,
127,23-25 Appendices,175,,Imperial / Traditional,13,,aerA,1 square kilometre,,0.386 square miles,,,,,,,,,,,,,,,,,,,,,,,,
127,23-25 Appendices,175,,Imperial / Traditional,14,,,1 square kilometre,,247 acres,,,,,,,,,,,,,,,,,,,,,,,,
127,23-25 Appendices,175,,Imperial / Traditional,15,,,1 hectare,,2.47 acres,,,,,,,,,,,,,,,,,,,,,,,,
127,23-25 Appendices,175,,Imperial / Traditional,16,,,1 square metre,,1.20 square yards,,,,,,,,,,,,,,,,,,,,,,,,
127,23-25 Appendices,175,,Imperial / Traditional,17,,,1square metre,,10.8 square feet,,,,,,,,,,,,,,,,,,,,,,,,
127,23-25 Appendices,175,,Imperial / Traditional,18,,,1 square centimetre,,0.155 square inches,,,,,,,,,,,,,,,,,,,,,,,,
127,23-25 Appendices,175,,Imperial / Traditional,19,,emuloV,1 cubic metre,,1.31 cubic yards,,,,,,,,,,,,,,,,,,,,,,,,
127,23-25 Appendices,175,,Imperial / Traditional,20,,,1 cubic metre,,220 gallons,,,,,,,,,,,,,,,,,,,,,,,,
127,23-25 Appendices,175,,Imperial / Traditional,21,,,1 litre,,0.220 gallons,,,,,,,,,,,,,,,,,,,,,,,,
127,23-25 Appendices,175,,Imperial / Traditional,22,,,1 litre,,0.880 quarts,,,,,,,,,,,,,,,,,,,,,,,,
127,23-25 Appendices,175,,Imperial / Traditional,23,,,1 litre,,1.76 pints,,,,,,,,,,,,,,,,,,,,,,,,
127,23-25 Appendices,175,,Imperial / Traditional,24,,thgieW,1 tonne,,0.984 tons,,,,,,,,,,,,,,,,,,,,,,,,
127,23-25 Appendices,175,,Imperial / Traditional,25,,,1 tonne,,19.7hundredweights,,,,,,,,,,,,,,,,,,,,,,,,
127,23-25 Appendices,175,,Imperial / Traditional,26,,,1 kilogram,,0.157 stones,,,,,,,,,,,,,,,,,,,,,,,,
127,23-25 Appendices,175,,Imperial / Traditional,27,,,1 kilogram,,2.20 pounds,,,,,,,,,,,,,,,,,,,,,,,,
127,23-25 Appendices,175,,Imperial / Traditional,28,,,1 kilogram,,32.3 ounces,,,,,,,,,,,,,,,,,,,,,,,,
127,23-25 Appendices,175,,Imperial / Traditional,29,,,1 kilogram,,2.00 units,,,,,,,,,,,,,,,,,,,,,,,,
128,23-25 Appendices,176,,Imperial / Traditional,1,Usage,,Imperial / Traditional,Metric,,,,,,,,,,,,,,,,,,,,,,,,,
128,23-25 Appendices,176,,Imperial / Traditional,2,,setaR,1 ton/acre,,2.51 tonnes/ha,,,,,,,,,,,,,,,,,,,,,,,,
128,23-25 Appendices,176,,Imperial / Traditional,3,,,100 units/acre,,124 kg/ha,,,,,,,,,,,,,,,,,,,,,,,,
128,23-25 Appendices,176,,Imperial / Traditional,4,,,1 unit/ton,,0.492 kg/tonne,,,,,,,,,,,,,,,,,,,,,,,,
128,23-25 Appendices,176,,Imperial / Traditional,5,,,1000 gallons/acre,,"11.2 m3/ha or 11,200 l/ha",,,,,,,,,,,,,,,,,,,,,,,,
128,23-25 Appendices,176,,Imperial / Traditional,6,,,1 unit/1000 gallons,,0.110 kg/m3,,,,,,,,,,,,,,,,,,,,,,,,
128,23-25 Appendices,176,,Imperial / Traditional,7,,,Kg/m3(w/v basis) to,Divide by specific gravity,Divide by specific gravity,,,,,,,,,,,,,,,,,,,,,,,,
128,23-25 Appendices,176,,Imperial / Traditional,8,,,kg/tonne (w/w basis),,,,,,,,,,,,,,,,,,,,,,,,,,
128,23-25 Appendices,176,,Imperial / Traditional,9,,htgneL,1 mile,,1.61 kilometres,,,,,,,,,,,,,,,,,,,,,,,,
128,23-25 Appendices,176,,Imperial / Traditional,10,,,1 yard,,0.914 metres,,,,,,,,,,,,,,,,,,,,,,,,
128,23-25 Appendices,176,,Imperial / Traditional,11,,,1 foot,,0.305 metres,,,,,,,,,,,,,,,,,,,,,,,,
128,23-25 Appendices,176,,Imperial / Traditional,12,,,1 inch,,2.54 centimetres,,,,,,,,,,,,,,,,,,,,,,,,
128,23-25 Appendices,176,,Imperial / Traditional,13,,aerA,1 square mile,,2.59 square kilometres,,,,,,,,,,,,,,,,,,,,,,,,
128,23-25 Appendices,176,,Imperial / Traditional,14,,,1 acre,,0.00405 square kilometres,,,,,,,,,,,,,,,,,,,,,,,,
128,23-25 Appendices,176,,Imperial / Traditional,15,,,1 acre,,0.405 hectares,,,,,,,,,,,,,,,,,,,,,,,,
128,23-25 Appendices,176,,Imperial / Traditional,16,,,1 square yard,,0.836 square metres,,,,,,,,,,,,,,,,,,,,,,,,
128,23-25 Appendices,176,,Imperial / Traditional,17,,,1 square foot,,0.0929 square metres,,,,,,,,,,,,,,,,,,,,,,,,
128,23-25 Appendices,176,,Imperial / Traditional,18,,,1 square inch,,6.45 square centimetres,,,,,,,,,,,,,,,,,,,,,,,,
128,23-25 Appendices,176,,Imperial / Traditional,19,,emuloV,1 cubic yard,,0.765 cubic metres,,,,,,,,,,,,,,,,,,,,,,,,
128,23-25 Appendices,176,,Imperial / Traditional,20,,,1 gallon,,0.00455 cubic metres,,,,,,,,,,,,,,,,,,,,,,,,
128,23-25 Appendices,176,,Imperial / Traditional,21,,,1 gallon,,4.55 litres,,,,,,,,,,,,,,,,,,,,,,,,
128,23-25 Appendices,176,,Imperial / Traditional,22,,,1 quart,,1.18 litres,,,,,,,,,,,,,,,,,,,,,,,,
128,23-25 Appendices,176,,Imperial / Traditional,23,,,1 pint,,0.568 litres,,,,,,,,,,,,,,,,,,,,,,,,
128,23-25 Appendices,176,,Imperial / Traditional,24,,thgieW,1 ton,,1.02 tonnes,,,,,,,,,,,,,,,,,,,,,,,,
128,23-25 Appendices,176,,Imperial / Traditional,25,,,1 hundredweight,,0.0580 tonnes,,,,,,,,,,,,,,,,,,,,,,,,
128,23-25 Appendices,176,,Imperial / Traditional,26,,,1 stone,,6.35 kilograms,,,,,,,,,,,,,,,,,,,,,,,,
128,23-25 Appendices,176,,Imperial / Traditional,27,,,1 pound,,0.454 kilograms,,,,,,,,,,,,,,,,,,,,,,,,
128,23-25 Appendices,176,,Imperial / Traditional,28,,,1 ounce,,0.0283 kilograms,,,,,,,,,,,,,,,,,,,,,,,,
128,23-25 Appendices,176,,Imperial / Traditional,29,,,1 unit,,0.500 kilograms,,,,,,,,,,,,,,,,,,,,,,,,
129,23-25 Appendices,177,,P to P O 2 5,1,P to P O 2 5,Multiply by 2.291,,,,,,,,,,,,,,,,,,,,,,,,,,,
129,23-25 Appendices,177,,P to P O 2 5,2,K to K O 2,Multiply by 1.205,,,,,,,,,,,,,,,,,,,,,,,,,,,
129,23-25 Appendices,177,,P to P O 2 5,3,Mg to MgO,Multiply by 1.658,,,,,,,,,,,,,,,,,,,,,,,,,,,
129,23-25 Appendices,177,,P to P O 2 5,4,S to SO 3,Multiply by 2.500,,,,,,,,,,,,,,,,,,,,,,,,,,,
129,23-25 Appendices,177,,P to P O 2 5,5,Na to Na O 2,Multiply by 1.348,,,,,,,,,,,,,,,,,,,,,,,,,,,
129,23-25 Appendices,177,,P to P O 2 5,6,Na to salt,Multiply by 2.542,,,,,,,,,,,,,,,,,,,,,,,,,,,
130,23-25 Appendices,177,,P O to P 2 5,1,P O to P 2 5,Multiply by 0.436,,,,,,,,,,,,,,,,,,,,,,,,,,,
130,23-25 Appendices,177,,P O to P 2 5,2,K O to K 2,Multiply by 0.830,,,,,,,,,,,,,,,,,,,,,,,,,,,
130,23-25 Appendices,177,,P O to P 2 5,3,MgO to Mg,Multiply by 0.603,,,,,,,,,,,,,,,,,,,,,,,,,,,
130,23-25 Appendices,177,,P O to P 2 5,4,SO to S 3,Multiply by 0.400,,,,,,,,,,,,,,,,,,,,,,,,,,,
130,23-25 Appendices,177,,P O to P 2 5,5,Na O to Na 2,Multiply by 0.742,,,,,,,,,,,,,,,,,,,,,,,,,,,
130,23-25 Appendices,177,,P O to P 2 5,6,Salt to Na,Multiply by 0.393,,,,,,,,,,,,,,,,,,,,,,,,,,,
131,23-25 Appendices,178,,Sand/gravel,1,,Criteria,,Texture,,,,,,,,,,,,,,,,,,,,,,,,,
131,23-25 Appendices,178,,Sand/gravel,2,,,,Sand/gravel,,Loamy,,Clayey,,Peat,,,,,,,,,,,,,,,,,,,
131,23-25 Appendices,178,,Sand/gravel,3,General,General,"Predominantly rough and gritty, porous",Predominantly,"Crumbly, neither smooth nor rough","Crumbly,",Smooth and silky or buttery,Smooth and,,Dark brown to,,,,,,,,,,,,,,,,,,,
131,23-25 Appendices,178,,Sand/gravel,4,,,,"rough and gritty,",,neither smooth,,silky or,,black colour.,,,,,,,,,,,,,,,,,,,
131,23-25 Appendices,178,,Sand/gravel,5,,,,porous,,nor rough,,buttery,,Obviously of,,,,,,,,,,,,,,,,,,,
131,23-25 Appendices,178,,Sand/gravel,6,,,,,,,,,,exclusively,,,,,,,,,,,,,,,,,,,
131,23-25 Appendices,178,,Sand/gravel,7,,,,,,,,,,organic origin.,,,,,,,,,,,,,,,,,,,
131,23-25 Appendices,178,,Sand/gravel,8,,,,,,,,,,Very low bulk,,,,,,,,,,,,,,,,,,,
131,23-25 Appendices,178,,Sand/gravel,9,,,,,,,,,,density when dry.,,,,,,,,,,,,,,,,,,,
131,23-25 Appendices,178,,Sand/gravel,10,Ease of moulding wet soil,Ease of moulding,Difficult to roll into a ball,Difficult to roll,,Moulds into a,,Moulds like,,,,,,,,,,,,,,,,,,,,,
131,23-25 Appendices,178,,Sand/gravel,11,,wet soil,,into a ball,,ball which,,"plasticine,",,,,,,,,,,,,,,,,,,,,,
131,23-25 Appendices,178,,Sand/gravel,12,,,,,,does not polish,,"polishes, and",,,,,,,,,,,,,,,,,,,,,
131,23-25 Appendices,178,,Sand/gravel,13,,,,,,or feel sticky,,feels sticky,,,,,,,,,,,,,,,,,,,,,
131,23-25 Appendices,178,,Sand/gravel,14,Mineral soil particles,Mineral soil,"Large, individual particles visible","Large, individual",Medium-sized,Medium-sized,,"Small,",Absent,Absent,,,,,,,,,,,,,,,,,,,
131,23-25 Appendices,178,,Sand/gravel,15,,particles,,particles visible,,,,individual,,,,,,,,,,,,,,,,,,,,,
131,23-25 Appendices,178,,Sand/gravel,16,,,,,,,,particles,,,,,,,,,,,,,,,,,,,,,
131,23-25 Appendices,178,,Sand/gravel,17,,,,,,,,invisible,,,,,,,,,,,,,,,,,,,,,
131,23-25 Appendices,178,,Sand/gravel,18,Water absorption capacity,Water absorption,,Low (prone to,Medium,Medium,High,High,Veryhigh,Veryhigh,,,,,,,,,,,,,,,,,,,
131,23-25 Appendices,178,,Sand/gravel,19,,capacity,,moisture deficit,,,,,,,,,,,,,,,,,,,,,,,,,
131,23-25 Appendices,178,,Sand/gravel,20,,,,in dry,,,,,,,,,,,,,,,,,,,,,,,,,
131,23-25 Appendices,178,,Sand/gravel,21,,,,conditions),,,,,,,,,,,,,,,,,,,,,,,,,
131,23-25 Appendices,178,,Sand/gravel,22,Workability,Workability,,Good in all,,Good in all,Poor in wet conditions,Poor in wet,,,,,,,,,,,,,,,,,,,,,
131,23-25 Appendices,178,,Sand/gravel,23,,,,weather,,weather,,conditions,,,,,,,,,,,,,,,,,,,,,
131,23-25 Appendices,178,,Sand/gravel,24,,,,conditions,,conditions,,,,,,,,,,,,,,,,,,,,,,,
