Source PDF Page,Chapter,Extracted Page Text
27,6 Soil Index System,"6. The Soil Index System for Major and Micro Nutrients
6.1 Introduction
Advice on major and micro nutrient application rates must depend on the quantity of the
element in the soil that is available to the crop. Apart from N and S, this is determined by soil
analysis. For most elements, the soil is extracted with a suitable reagent and the amount
extracted is deemed to be or is related to the amount available to the plant. For elements that
are extracted, the analysis unit is milligrams per litre of soil (mg/l). For elements that are
digested in strong reagents, the analysis units are mg/kg. These include cobalt, total
manganese, sulphur and iodine.
In order to simplify advice tables, it is normal to classify soil available levels of major and
micro nutrients into classes. The class is referred to as the Soil Index. At Johnstown Castle,
soil analysis levels are classified into Index levels 1 – 4. The exact interpretation of the Soil
Index varies somewhat with the element and the crop but the definitions in Table 6-1 apply in
most circumstances.
Table 6-1: The Soil Index system
Soil Index Index description Response to fertilizers
1 Very low Definite
2 Low Likely
3 Medium / Adequate Unlikely / Tenuous
4 Sufficient / High None
6.2 Nitrogen
There is, as yet, no satisfactory Irish laboratory test for N in soils at farm level. Therefore, the
nutrient N advice for grassland systems (grazing and conservation) depends mainly on land
use and farming system, and particularly on the stocking rate. Consideration is given to native
soil N supply in the advice for individual crops and grassland systems through the N index
system and in the research that underpins these recommendations.
For crops requiring cultivation, the available soil N can be deduced from the previous
cropping and manurial history, and the type of soil. Thus, N fertilizer advice is determined by
the soil N supply status. This depends in turn on the previous cropping history. The supply
status is categorised into an Index system for grass establishment and tillage crops. Account is
also taken of previous applications of livestock manure N, the requirement of the crop and the
likely crop yield.
25"
28,6 Soil Index System,"Tables 6-2 and 6-3 show how the N Index takes into account the past farm management
history and reflects the likely rate of release of N from the soil.
Table 6-2: N Index for tillage crops that follow short leys or tillage. This table can also be
used for grass establishment.
Index 1 Index 2 Index 3 Index 4
------------------------------------------------------- Previous crop -------------------------------------------------------
Cereals, Maize Sugar beet, Fodder
beet, Potatoes,
Mangels, Kale,
Oil seed rape
Peas, Beans,
Leys (1 - 4 years) Swedes grazed in situ.
grazed or cut and
grazed.
Swedes removed.
Vegetables receiving Vegetables receiving
less than 200 kg/ha N. more than 200 kg/ha N.
In continuous tillage it is usually only necessary to consider the last crop grown to estimate N
Index (Table 6-2). However, where long leys or permanent pasture occur in the rotation, it is
necessary to consider the field history for longer than one year (Table 6-3). Previous
applications of animal manures must also be taken into account.
Table 6-3: N Index for pasture establishment or tillage crops that follow long leys (5 years or
more) or permanent pasture
Index 1 Index 2 Index 3 Index 4
------------------------------------------------------- Previous crop -------------------------------------------------------
Any crop sown as the Any crop sown as the Any crop sown as the Any crop sown as
5th tillage crop 3rd or 4th tillage crop 1st or 2ndtillage crop the 1st or 2nd tillage
following long leys or following long leys or following long leys or crop following very
permanent pasture. permanent pasture. If permanent pasture (see good long leys or
original long ley or also Index 4). If original permanent pasture
permanent pasture was long ley or permanent which was grazed
For subsequent tillage
cut only use Index 1. pasture was cut only only.
crops use Table 6-2.
use Index 2.
6.3 Phosphorus
The P Index depends on the level of available P in soil. This is determined by measuring the
amount of the element that is extracted by Morgan’s solution (10% sodium acetate at pH 4.8).
The ranges are shown in Table 6-4. The ranges for grassland crops are different from other
crops as many tillage and vegetable crops require higher P levels for optimum production.
In the past, similar ranges were used for grassland and crops. The agronomic optimum range
for grassland (Index 3) was revised downwards in 2006. However, recent research across a
more complete range of Irish soil types indicates that somewhat higher critical soil test P
levels may be warranted on certain soils types depending on their inherent soil properties. To
minimise possible losses of nutrients to the environment, the NAP regulations requires that
26"
29,6 Soil Index System,"the fertilization rates for soils which have more than 20% organic matter shall not exceed the
amounts permitted for Index 3 soils. P tends to be leached or washed out of peat soils. This
was particularly important in deep peats where the P could be lost to the drainage water
instead of being trapped by the mineral layer underneath as happens in shallow peats. The
effect of this is that a peat soil at P Index 1 or 2 should be fertilized as if it were at soil
P Index 3 (i.e. P requirements of the crop should be applied annually).
Table 6-4: The P Index system
Soil P ranges (mg/l)
Soil P Index
Grassland crops Other crops
1 0.0 – 3.0 0.0 – 3.0
2 3.1 – 5.0 3.1 – 6.0
3 5.1 – 8.0 6.1 – 10.0
4 Above 8.0 Above 10.0
6.4 Potassium
The K Index depends on the available level of potassium in soil which is determined by
measuring the amount of K extracted by Morgan’s solution. Because peat soils do not contain
clay minerals they do not store or buffer fertilizer K, so the level at each Index point is greater
than for mineral soils. The K Index system for mineral soils is shown in Table 6-5.
Table 6-5: The K Index system
Soil K Index Soil K ranges (mg/l)
1 0 – 50
2 51 – 100
3 101 – 150
4 Above 150
6.5 Magnesium
The Mg Index depends on the available level of those elements in soil as determined by the
amount of the element that is extracted by Morgan’s solution. The Index system for Mg is
given in Table 6-6.
Table 6-6: The Mg Index system
Soil Mg Index Soil Mg ranges (mg/l)
1 0 – 25
2 26 – 50
3 51 – 100
4 Above 100
27"
30,6 Soil Index System,"6.6 Copper, zinc and easily reducible manganese
The available levels of Cu, Zn in soil are determined by EDTA extraction. The level of easily
reducible manganese (ER-Mn) is determined in EDTA/quinnol reagent. The Index systems
for Cu, Zn and ER-Mn are given in Tables 6-7 to 6-9.
Table 6-7: The Cu Index system
Soil Cu Index Soil Cu ranges (mg/l)1
11 < 1.00
2 1.01 – 1.50
3 1.51 – 3.00
4 > 3.00
1. Extractant for Cu: 0.5 M EDTA – pH 7.0.
Table 6-8: The Zn Index system
Soil Zn Index Soil Zn ranges (mg/l)1
11 < 1.00
2 1.01 – 1.502
3 1.51 – 3.00
4 > 3.00
1. Extractant for Zn: 0.5 M EDTA – pH 7.0.
2. At soil pH greater than 7.0, Zn deficiency may be severe when the soil contains less than
1.50 mg/l Zn.
Table 6-9: The ER-Mn Index system
Soil ER-Mn Index Soil ER-Mn ranges (mg/l)1
11 < 90.0
2 90.1 – 120
3 > 120
1. Extractant for ER-Mn: 0.5 M EDTA – pH 7.0
28"
31,6 Soil Index System,"6.7 Cobalt
Cobalt is not an essential element for crops, and testing for Co is mainly relevant to animal
nutrition, particularly to sheep. Cobalt is measured by dissolving soil in aqua regia. Total Mn
is measured at the same time. The effect on sheep of Co deficiency in the soil depends also on
the total Mn in soil; (Micronutrients for grassland). Table 6-10 is given only for completeness.
Table 6-10: The Co Index system1
Soil Co Index Soil Co ranges (mg/kg)
1 0 – 3.0
2 3.1 – 5.0
3 5.1 – 10.0
4 Above 10
1. See Table 11-2 for Co/total Mn treatment options for sheep on grassland
6.8 Boron
Soil B is measured after extraction in boiling water. The B Index (Table 6-11) applies only to
boron-responsive crops, i.e. swedes, turnips, oil seed rape, sugar beet, fodder beet, mangels,
all horticultural brassicae, carrots and celery. Boron can be toxic to other crops. Potatoes and
legumes are particularly sensitive to high soil B and high B levels should be avoided for
cereals.
Table 6-11: The B Index system
Soil B Index Soil B ranges (mg/kg)1
1 < 0.5
2 0.5 – 1.0
3 1.1 – 1.5
4 1.6 – 2.0
1. Extractant for B is boiling water
29"
32,7 Peats & 8 Liming,"7. Peats
For a soil sample to be treated as a peat it must be organic, i.e. there should be no mineral soil
in the upper 10 cm throughout the sampled area. From a legal point of view, peat is defined as
soil having more than 20% organic matter to a depth of more than 100 mm throughout the
sample. Shallow peatland has a variable and high mineral content and must be treated
differently from deep peat.
Nitrogen
As in the case of mineral soils, the amount of N to use depends mainly on stocking rate and
potential yield. Peat releases N on liming, consequently N rates should be reduced on limed
peats. The amount of N released varies from 80 kg/ha on deep peat to none on very shallow
peat. Generally N rates should be reduced by 40 kg/ha on limed peat soil.
Phosphorus
The minimum amounts of P necessary for crop growth should be applied on peats to reduce
the risk of loss to water. This is because peats have little capacity to retain P, unlike mineral
soils in which P can bond with iron and aluminium compounds in the clay mineral structure.
Because P tends not to accumulate in peats but is washed out in late autumn, winter or early
spring, building up the soil P level is not advised. Therefore, P fertilizer should be applied
only when the crop needs it, i.e. in the growing season and then preferably in a number of
small applications.
The NAP regulations require that the fertilization rates for peat soils shall not exceed the
amounts permitted for Index 3 soils. There is currently no soil P index for peats, so on soil
with OM > 20%, it is more efficient to apply maintenance rates only of P fertilizer to meet
crop requirement annually.
Potassium and magnesium
The K and Mg Index levels for peats and the corresponding soil test ranges are shown in
Table 7-1. The soil test ranges are different than those for mineral soils. This is because K and
Mg are released easily from peat to Morgan’s extract, so the Index relates more to the total
content than to the available fraction in contrast with mineral soils.
Table 7-1: The Index system for K and Mg in peats
Soil Index K (mg/l) Mg (mg/l)
1 0 – 100 0 – 50
2 101 – 175 51 – 100
3 176 – 250 101 – 150
4 > 250 > 150
30"
33,7 Peats & 8 Liming,"The nutrient advice for crops grown on mineral soils may be used for peats, using the Indices
and nutrient ranges shown in Table 7-1 and 7-2. However, if the crop yields are expected to
be lower than those expected from mineral soils, the rates should be reduced proportionally
and pro rata.
Copper, zinc and easily reducible manganese
Copper and ER-Mn deficiencies are common in crops grown on peats. This is because these
nutrients have inherently lower concentrations in peats. Moreover, the organic matter binds
Cu in forms that plants cannot utilise. The Cu, Zn and ER-Mn Index for peats and the
corresponding soil test ranges are shown in Table 7-2.
The Index System on peats is different from that in mineral soils. There are several reasons
for this, e.g. the lower pH values of peats, the presence of antagonists to trace element uptake
or absorption, and the higher buffer capacity of mineral soils to Cu and Zn adsorption
(Coulter et al., 1999).
Table 7-2: The Index system for Cu, Zn and ER-Mn in peats
Soil Index Cu (mg/l) Zn (mg/l) ER-Mn (mg/l)
1 0 – 3 0 – 2.5 0 – 60
2 3.1 – 6.5 2.5 – 4.0 61 – 100
3 6.6 – 10 4.1 – 5.0 101 – 150
4 > 10 > 5 > 150
Mn is freely available in peat due to its high organic matter content, but becomes increasingly
unavailable to crops at pH values above 5.5. Shallow peats and fen peat types usually have a
high pH and require a high soil concentration of Mn. In deep peat (more than 1 m), the Mn
concentration ranges from 10 to 100 mg/kg. In shallow peat (less than 0.5 m), soil Mn is
typically between 60 and 320 mg/kg.
31"
38,9 Organic Materials,"The effect of soil pH on different crops is summarised in table 8-1.
Table 8-1: Soil acidity effects on grassland and tillage crops
36
rezilitref
K
&
P
,N
fo
esu
tneiciffe
rof
egnar
mumitpO
pH Effect
8.0 Over limed: low availability of micronutrients, especially of Mg, Mn and B
7.2 Top of optimum range for efficient use of N, P and K fertilizer
7.0 Optimum pH for white clover, beet (sugar and fodder), beans, peas, and oil
seed rape.
6.5 Optimum pH for cereals.
6.3 Optimum pH for grass.
Maximum pH for grass on high Mo soils
6.2 Bottom of optimum range for efficient use of N, P and K fertilizer for most
crops
6.0 Optimum pH for potatoes.
5.5 Optimum pH for peats.
5.0 Very acid. Possibility of Al and Mn toxicity.
8.5 Liming peats
Peats have a high pH buffering capacity and require twice the lime rate to achieve the same
increase in pH compared with mineral soils. A dressing of 2.5 t/ha of lime will usually
increase the pH of peat soil by 0.1 units. The ideal pH for peat soil is 5.5. The pH of unlimed
peat ranges from 3.8 to 4.5, and therefore to achieve a target pH of 5.5, a large quantity of
lime may be required initially on unlimed peat with a depth greater than 1 m. In shallow peat
(less than 450 mm), the pH may be variable, ranging from more than 8.0 on mineral outcrops
down to 4.5 in deeper peat areas. The rate of lime application must be carefully adjusted in
these situations. Many fen soils have a pH in excess of 5.5 and do not require lime. It is
important to classify soils correctly in order to calculate the correct lime advice. This is
especially true for peats as there optimum soil pH level is lower compared to mineral soils. In
peatland, liming will cause the pH value to rise sharply over a period of 4-5 years. Lime is
less likely to be leached from peat soils than from mineral soils because of the high cation
exchange capacity of peat. Once the pH has been increased to the required level, additional
applications of lime are not normally required as a result."
40,9 Organic Materials,"9. Nutrients from Organic Materials
9.1 Introduction
There are many forms of organic fertilizer that can be land spread to supply nutrients to crops.
The most common of these are animal manures, with over 40 million tonnes available
nationally. Another organic fertilizer is spent mushroom compost which is often used to
provide N, P and K. Organic materials from industrial and municipal sources may also be
considered, under certain circumstances, as these can have a valuable nutrient contribution
when applied to land. The aim when land spreading organic fertilizer is to optimise nutrient
uptake by the crop and to minimise losses to water and air resources. Understanding the
manure composition and timing of application are critical to achieving these objectives.
The storage and application of organic fertilizers should be managed in accordance with the
legal requirements specified in the NAP regulations.
9.2 Livestock Manures
Livestock manures are the product of the animal production systems. Slurries, litters and
farmyard manures are common forms of animal manures. These manures are typically
concentrated in areas of animal housing. Redistribution of livestock manures onto lands from
which feed is produced is a key part of optimising how these manures are recycled in
agricultural systems.
Information on the N, P and K content of the organic fertilizer is a pre-requisite for optimising
crop uptake of the nutrients. This information, combined with soil test results and the details
of the crop to be grown, are critical to ensuring that crop nutrient demands are met and
legislation is complied with.
The nutrient content of organic fertilizers can vary considerably. Nutrient content is affected
by the animal type, the diet fed, the bedding material and the extent of dilution with water.
Surveys on manure composition suggest that the dry matter and nutrient contents of manure
may vary up to tenfold even from the same type of animal. The typical dry matter and nutrient
content of cattle slurry are shown in table 9-1.
Table 9-1: Dry Matter and N, P and K levels in cattle slurry samples from Irish farms1,2
Cattle slurry DM % N kg/t NH -N kg/t P kg/t K kg/t
4
Average values 6.3 2.4 1.4 0.5 3.5
Range in values 0.4 - 11.9 0.2 -5.2 0.2 -3.4 0.1 -1.1 0.5 – 7.7
1. Surveys of cattle slurry (dairy and beef farms) conducted by Berry et al., 2013.
2. 1 tonne slurry = 1000 litres = 1 m3. 1000 gallons = 4.5 tonnes. 1000 gallons/acre = 11
tonnes/ha. (See Appendix 1).
38"
42,9 Organic Materials,"2. Slurry management to reduce N losses:
 Slurry dry matter: slurries with lower dry matter contents will percolate and wash
into the soil more quickly than material with higher dry matter, thus reducing the
duration of exposure to the air. Dilution of slurry with soiled water increases the
volume to be managed; however, a 1% decrease in slurry DM% will decrease
ammonia losses by approximately 5 - 8%.
 Slurry application method: ‘low emission’ application methods, have been shown
to increase the N fertilizer replacement value of slurry under Irish conditions (Lalor
et al., 2010). Methods such as band spreading and trailing shoe, place the slurry in
bands or lines rather than on the entire surface of the soil or crop as with the
conventional splashplate method. Slurry applied with a low emission method has
reduced ammonia losses compared to splashplate applied slurry. For example,
≥25% reduction in ammonia losses for a trailing shoe technique compared to
splashplate under Irish grassland conditions.
 Speed of incorporation: where organic fertilizers are applied to tillage land prior to
or during the cultivation process, incorporation is beneficial for reducing ammonia
losses, as this will reduce the length of time for which the manure is exposed to the
air. Immediate incorporation (or at least within 3 - 6 hours of application) is
recommended.
Table 9-2: Nitrogen fertilizer replacement value (NFRV)1 in cattle slurry according to
application timing and method
Timing Method NFRV (%)2
Splashplate 30
Spring
Trailing shoe 40
Splashplate 15
Summer
Trailing shoe 25
1. Nitrogen fertilizer replacement values (NFRV) is the percentage of the total slurry N
available for plant uptake from Lalor et al., 2014.
2. Refers to the total NFRV in the year of application, and is the sum of the short term
NFRV after slurry application and the residual NFRV over the remainder of the year.
Across the whole farm it is mandatory that any strategy devised for organic manure
management should comply with the NAP regulations (Tables 9-9 and 9-10).
40"
44,9 Organic Materials,"9.7 Available N, P and K in cattle slurry
Tables 9-3 and 9-4 shows the average N, P and K levels available in cattle slurry applied to
low soil fertility soils (Index 1 & 2) and medium to high fertility soils (Index 3 & 4),
respectively. The timing of cattle slurry application and application method used will affect
the NFRV which is also reflected in table 9-3 and 9-4. For soils with very low and low soil P
and K fertility (Index 1 and 2) use the N, P and K availability values from cattle slurry shown
in table 9-3.
Table 9-3: Average available N, P and K in cattle slurry applied to soils
with low P and K Index (1 or 2) in either spring or summer1,2
------------N kg/t2 ------------
Slurry application timing P kg/t2 K kg/t2
Spring Summer
Splashplate 0.7 0.4 0.3 3.2
Trailing shoe / hose 1.0 0.6 0.3 3.2
1. Values based on average cattle slurry nutrient concentrations as shown in table 9-1. Dry
matter and nutrient contents of slurry can vary widely between farms and testing of slurry is
advised to determine actual nutrient content (See section 9.10 and Table 9-8).
2. 1 tonne slurry = 1000 litres = 1 m3. 1000 gallons = 4.5 tonnes. 1000 gallons/acre = 11
tonnes/ha. (See Appendix 1).
For soils with medium and high P and K fertility (Index 3 and 4) use the cattle slurry N, P and
K availability values shown in table 9-4.
Table 9-4: Average available N, P and K in cattle slurry applied to soils
with medium or high P and K Index (3 or 4) in either spring or summer1,2,3
------------- N kg/t3 ------------
Slurry application timing P kg/t2,3 K kg/t3
Spring Summer
Splashplate 0.7 0.4 0.5 3.5
Trailing shoe / hose 1.0 0.6 0.5 3.5
1. Values based on average cattle slurry nutrient concentrations as shown in table 9-1. Dry
matter and nutrient contents of slurry can vary widely between farms and testing of slurry is
advised to determine actual nutrient content (See section 9.10 and Table 9-8).
2. No slurry should be applied to P Index 4 soils where other land is available on a farm to
receive slurry and in compliance with the NAP.
3. 1 tonne slurry = 1000 litres = 1 m3. 1000 gallons = 4.5 tonnes. 1000 gallons/acre = 11
tonnes/ha. (See Appendix 1).
Across the whole farm it is mandatory that any strategy devised for organic manure
management should comply with the NAP regulations (Tables 9-9 and 9-10).
42"
45,9 Organic Materials,"9.8 Available N, P and K in other organic manures
Table 9-5 shows the average N, P and K levels available in other organic fertilizers applied to
low soil fertility soils (P & K Index 1 and 2).
Table 9-5: Average available N, P and K in organic fertilizers
applied to soils with low P and K Index (1 or 2)
Organic Fertilizer Type DM %1 N kg/t2,3 P kg/t2 K kg/t2
Pig slurry 3.2 2.1 0.4 2.0
Sheep slurry 5.1 0.8 4.9
Dungstead manure (cattle) 17 1.1 0.5 3.6
Farmyard manure 20 1.4 0.6 5.4
Poultry: Slurry (layers) 30 6.9 1.5 5.4
Broilers / deep litter 60 14 3.0 16.0
Layers 55 11.5 2.8 11.0
Turkeys 14 6.9 11.0
Spent mushroom compost 35 1.6 0.8 6.9
1. Dry matter and nutrient contents can vary widely between farms and testing of manures is
advised to determine actual nutrient content.
2. 1 tonne slurry = 1000 litres = 1 m3. 1000 gallons = 4.5 tonnes. 1000 gallons/acre = 11
tonnes/ha. (See Appendix 1).
3. Apply manures in a manner to maximise NFRV at time of application as discussed in
section 9.4.
On soils with medium and high P and K fertility soils (Index 3 and 4) use organic manure N,
P and K availability values shown in table 9-6.
Table 9-6: Average available N, P and K in organic fertilizers applied to soils
with medium to high P and K Index (3 or 4)
Organic Fertilizer Type DM %1 N kg/t2,2 P kg/t2 K kg/t2
Pig slurry 3.2 2.1 0.8 2.2
Sheep slurry 5.1 0.8 5.4
Dungstead manure (cattle) 17 1.1 0.9 4.0
Farmyard manure 20 1.4 1.2 6.0
Poultry: Slurry (layers) 30 6.9 3.0 6.0
Broilers / deep litter 60 14 6.0 18.0
Layers 55 11.5 5.5 12.0
Turkeys 14 13.8 12.0
Spent mushroom compost 35 1.6 1.5 7.7
1. Dry matter and nutrient contents can vary widely between farms and testing of manures is
advised to determine actual nutrient content.
2. 1 tonne slurry = 1000 litres = 1 m3. 1000 gallons = 4.5 tonnes. 1000 gallons/acre = 11
tonnes/ha. (See Appendix 1).
3. Apply manures in a manner to maximise NFRV at time of application as discussed in
section 9.4.
43"
46,9 Organic Materials,"Across the whole farm it is mandatory that any strategy devised for organic manure
management should comply with the NAP regulations (Tables 9-9 and 9-10).
9.9 Sulphur & magnesium in organic manures
Manures are a useful source of sulphur and magnesium. Table 9-7 below shows guideline
total values for a range of manures. Manure analysis will provide a better indication of the
nutrient actual content of such nutrients.
Table 9-7: Total Sulphur and Magnesium levels in organic fertilizers
Organic Fertilizer Type S kg/t1 Mg kg/t1
Cattle slurry 0.3 0.4
Pig slurry 0.4 0.4
Sheep slurry -- --
Dungstead manure (cattle) -- --
Farmyard manure 0.9 1.1
Poultry: Slurry (layers 30% DM) 1.4 1.3
Broilers / deep litter 3.2 2.6
Layers (55% DM) 2.5 2.5
Turkeys -- --
Spent mushroom compost (35% DM) 6.6 2.1
1. 1 tonne slurry = 1000 litres = 1 m3. 1000 gallons = 4.5 tonnes. 1000
gallons/acre = 11 tonnes/ha. (See Appendix 1).
Source: (DEFRA, 2006)
44"
48,9 Organic Materials,"Table 9-8: Typical available N, P, and K applied (kg/ha)1, 2, 3, 4 depending on cattle
slurry dry matter content and application rate4
Slurry 4% DM 6 % DM 8% DM 10% DM
Application
Slurry Slurry Slurry Slurry
Rate
--------------------------------------------kg/ha--------------------------------------------
N2 P3 K3 N2 P3 K3 N2 P3 K3 N2 P3 K3
11 t/ha 5 4 23 8 5 32 10 7 40 12 8 49
22 t/ha 11 7 47 15 10 64 20 13 80 24 16 97
33 t/ha 16 11 70 23 15 95 30 20 121 37 25 146
44 t/ha 21 15 93 31 21 127 40 27 161 49 33 195
55 t/ha 27 18 116 38 26 159 50 33 201 61 41 244
1. Cattle slurry nutrient values are based on Table 9-1 from an on-farm survey of cattle
slurry on Irish dairy and beef farms (Berry et al., 2013). Note that total nutrient
content in slurry can vary between farms.
2. N availability values are based on spring application using splashplate assuming
30% NFRV as per table 9-2.
3. P and K are calculated at 100% availability (i.e. fertilizer replacement value) as per
soil P Index 3. However, where slurry is applied to low P and K fertility soils (Index 1
and 2) the P fertilizer replacement value can be assumed to be 50% and K fertilizer
replacement value can be assumed to be 90% and application rates should be
adjusted accordingly.
4. 1 tonne slurry = 1000 litres = 1 m3. 1000 gallons = 4.5 tonnes. 1000 gallons/acre =
11 tonnes/ha. Kg/ha x 0.8 = units/ac (See Appendix 1).
46"
49,9 Organic Materials,"9.11 Total N and P content of animal manures as specified in the NAP regulations
The total N and P contents specified by the NAP of common animal manure types and spent
mushroom compost are shown in Table 9-9. The total N and P contents shown here are those
tabulated in the NAP regulations.
Table 9-9: Total N and P levels in organic fertilizers as specified under the NAP
regulatons1,2
Organic Fertilizer Type N kg/t3 P kg/t3
Cattle slurry 5.0 0.8
Pig slurry 4.2 0.8
Sheep slurry 10.2 1.5
Dungstead manure (cattle) 3.5 0.9
Farmyard manure 4.5 1.2
Poultry: Slurry (layers 30% DM) 13.7 2.9
Broilers / deep litter 11.0 6.0
Layers (55% DM) 23.0 5.5
Turkeys 28.0 13.8
Spent mushroom compost 8.0 1.5
1. Values shown for N and P content are those specified in the NAP regulations (SI 605 of
2017).
2. Dry matter and nutrient contents can vary widely between farms.
3. 1 tonne slurry = 1000 litres = 1 m3. 1000 gallons = 4.5 tonnes. 1000 gallons/acre = 11
tonnes/ha. (See Appendix 1).
The values for the percentage fertilizer replacement value (availability) of the total nutrient
content of each manure type that are set out in the NAP are shown in Table 9-9. These values
must be used when calculating the contribution of organic fertilizers to available fertilizer
supply for compliance with the regulations.
The standard fertilizer replacement value of P in manures, assigned in the NAP, is 100% for
soils with a P Index ≥3 but reduced to 50% for soils with P index 1 & 2. This is to facilitate
better utilization and distribution of organic manure P (and K) resources across the farm and
on the soils that require them the most. This emphasises the importance of regular soil testing
in order to ensure that the fertilizer value of organic manures are not over-estimated on soils
that are P Index 1 and 2. The standard fertilizer replacement value of N in manures, assigned
in the NAP, varies according to manure type (Table 9-10). Farmers need to adopt strategies
that improve the uptake of N from organic fertilizers as a result.
47"
50,9 Organic Materials,"While it is legally required to base the calculation of slurry nutrient (N & P) fertilizer
replacement value on the values shown in Table 9-10, the achievable fertilizer replacement
value will often be lower.
Table 9-10-Nutrient availability in organic fertilizers according to the NAP regulations
Fertilizer replacement value %1
Organic Fertilizer Type Nitrogen Phosphorus
Soil test P Soil test P
Index 1 & 2 Index ≥3
Pig and poultry manure 50 50 100
Farmyard manure 30 50 100
Spent mushroom compost 20 50 100
Cattle and other livestock manure (including
40 50 100
that produced on the holding)
1. Fertilizer replacement value % refers to the percentage of the total nutrient content
that will potentially replace chemical fertilizer application to the crop following
application.
48"
51,10 Chemical Fertiliser,"9.12 Biosolids
Sewage sludges (commonly called biosolids) from waste water treatment plants can be treated
in various ways to produce a material which can be used as a soil conditioner and as a source
of plant available nutrients. The rules and requirements set out in the ‘Code of Good Practice
for the use of Biosolids in Agriculture’ must be followed where biosolids are applied to
agricultural land. This code of practice was developed to ensure the proper use of biosolids so
as to prevent the build-up of heavy metals in soils and to reduce the risk to human and
livestock health. Table 9-11 below indicates the typical characteristics and nutrient values of
biosolids which have received different treatment processes. The quantity of available N in
biosolids is low compared to the total N content. Typically, up to 50% of the total P in
biosolids is available to the crop in the first year after application with the remainder
becoming available over future years. Application of lime stabilised biosolids also have the
potential to increase soil pH.
Table 9-11: Typical characteristics and total nutrient values of differently treated
biosolids1,2
Type of biosolids DM% pH N kg/t NH -N kg/t3 P kg/t K kg/t
4
Anaerobically digested liquid 4 - 2 1.2 1.2 -
Anaerobically digested solid 24-25 8 7-13 0.8-1 6-14 0.5
Thermally dried 87-94 7 35-45 0.5 15-35 1.8
Lime stabilised 34-60 13 4-6 0.2 1.3-2.4 0.8
Composted4 65 - 10.4 13 6.5 -
1. Nutrient values shown are a combination of data from Peyton et al., 2016 and the ‘Code
of Good Practice for the use of Biosolids in Agriculture’.
2. Nutrient contents may vary widely between biosolid sources.
3. Immediately available form of N (ammonium).
4. Woodchips used as a bulking agent.
9.13 Composts
Composts made from green waste and source separated domestic and commercial
biodegradable inputs are valuable sources of plant available nutrients and organic matter.
Composts termed ‘green wastes’ are generally composed of feedstocks such as landscaping
and gardening wastes, whereas composts with a significant proportion of their feedstock
being derived from catering/food/kitchen combined with a green waste component are
generally termed biowastes.
Composts that are made from source separated biodegrable materials must conform to a
compost quality Irish standard (IS) 441(NSAI, 2011) which incorporate a number of
specifications the compost must comply with before it can be termed a ‘compost’ and spread
onto land. IS 441 is a specification that controls which materials may be used as primary
feedstocks, as well as specific temperature, microbiological and stability thresholds which the
material must achieve before it is deemed in compliance with the quality standard. The
standard defines the point when the material ceases to be categorised as a waste and becomes
49"
52,10 Chemical Fertiliser,"a definable product. Before application to land, it is advisable that users consult their produce
purchasers and refer to their quality produce schemes; to ensure there are no possible crop
specific restrictions which may need to be taken into consideration.
9.13.1 Nutrient content of compost
Composts are a valuable source of stable organic matter and crop available nutrients, which
can be used by growers to meet crop nutrient requirements and to maintain soil fertility. With
the advent of domestic source separation and collection of biodegradable waste, it is
envisaged that increasing amounts of green and food waste composts will be produced and
available for use. Composts, by their nature are variable, depending on their feedstock and
composting process. Some typical nutrient contents of composts are displayed in the table
below, however composts should be supplied with specific nutrient content data. Typical total
nutrient concentrations in fresh compost are shown in table 9-12.
Table 9-12: Typical total nutrient values of compost,1
Type of biosolids DM% N kg/t NH -N kg/t2 P kg/t K kg/t
4
Green 60 7.5 <0.2 1.3 4.6
Green/food 60 11 0.6 1.7 6.6
1. Source Teagasc and DEFRA 2010. Nutrient contents may vary widely between biosolid
sources.
2. Immediately available form of N (ammonium).
9.13.2 Nutrient supply from compost
Available field data indicates that only small amounts of crop available nitrogen are supplied
by green composts (approx. 2% of total N). In general, during the composting process, readily
plant available forms of N are converted to less available forms of N. For composts with a
significant food waste feedstock, available data indicates that between 5 and 8% of the total N
is available to the next crop. It should also be noted that the physical presence of compost
applied to soil can also result in a significant increase in plant biomass, particularly with
shallow rooting horticultural crops. Repeated applications of composts can, increase soil N
supply and soil organic matter levels over time.
In general the availability of P to crops from compost sources is extrapolated from work
conducted with livestock manures and sewage sludge. This suggests that approx. 50% of the P
will be available within the year of application, with the remainder released over time.
Compost also contains other agronomically important nutrients such as K (80% in soluble
form) as well as calcium, magnesium and sulphur. Teagasc research indicates that, in general
green/food waste composts have a significantly higher sulphur and calcium content than green
waste only composts.
50"
54,11 Mg S Micronutrients,"Sulphate of Ammonia
Sulphate of ammonia can be granular or cystaline and contains 21% N and 24% sulphur (S)
and is often formed by mixing of ammonia and sulphuric acid. It is useful in areas where S
deficiency is expected or for high S demanding crops such as brassicas. Sulphate of ammonia
is often used for blending with other fertilizers, including urea, to produce fertiliser products
containing S. The sulphate form of S is available for plant uptake. However, like nitrate, S as
sulphate is susceptible to leaching loss.
Ammonium sulphate nitrate (ASN) contains 26% N and 14% S. It is a mixture of
ammonium nitrate and ammonium sulphate. ASN provides ammonium, nitrate and sulphate
all of which are readily plant available.
10.2 Phosphorus (P) Fertilizers
There are two types of P fertilizer available depending on the degree of chemical processing
that has been done on the original rock phosphate. These types can be described as ""fast
acting"" and ""slow acting"" (Table 10-1).
Table 10-1: Phosphate fertilizer types
Fast Acting Slow Acting
Super Phosphate,
Rock Phosphate,
Triple Super Phosphate
Basic Slag
Mono & Diammonium Phosphate
'Fast Acting' means water soluble. Water soluble phosphorus is the most readily available to
plants. The phosphorus in ""Super Phosphate"" is all soluble in water. 'Slow Acting' means the
phosphorus needs to be dissolved by some other method, e.g. by soil acids or soil micro-
organisms. Historically basic slag a by-product of ore production was a good source of P
(~7%) and widely used to improve soil P levels, the basic slag of today is now more refined
and contains less P (~1%).
Superphosphate is produced by treating rock phosphate with acid. Depending on the level of
treatment, Single Super Phosphate (8% P) or Triple Super Phosphate (16% P) is produced. It
is highly water soluble (over 90%) and is quick acting. Agronomic trials have shown that
there is no significant difference in P nutrition from various “fast acting” phosphate fertilizers
under most conditions.
52"
56,11 Mg S Micronutrients,"11. Magnesium, Sulphur and Micronutrients
When advising on micronutrients for crops and animals, their concentration in the soil cannot
be considered in isolation. Many soil properties and the levels of major and micro nutrients in
soil and herbage can interact with the availability of the element in question. These effects can
also vary with the crop or animal being considered. Table 11-1 illustrates some of these
interactions. It should also be noted that use of proprietary micronutrient mixtures when only
one element is required is not advisable; both because it represents a waste of money and
because the one that is required may not be supplied in adequate amounts by the mixture.
Table 11-1. Mutual interactions of major nutrients, micronutrients and soil characteristics for
agricultural crops
Cause of Interaction:
++ Indicates high levels, -- indicates low level Crops
Sandy ++ ++ ++ ++ ++ ++ ++ ++ ++ ++ -- ++ affected
Soils OM2 pH Al Fe K Mn Mo N P S Zn Zn
54
detceffa
tnemelE
beet,
B – – –
brassicas
Co – – – grass
cereals,
Cu – – – – – –
grass
grass,
Mg – + – – beet,
potatoes
cereals,
Mn – – – beet,
potatoes
grass,
Mo +
legumes
N – all crops
P – – all crops
grass,
S – – arable
crops
Se – – grass
grass,
arable
Zn – – – –
crops,
maize
1. A hyphen indicates a negative effect on the element in the second column; a plus symbol
indicates an elevating effect
2. OM = soil organic matter content
The soil texture can be important factor in trace element availability. Appendix A2 gives a
quick guide to determining texture (Diamond, 2001)."
58,11 Mg S Micronutrients,"of may be require for 2nd or subsequent silage cuts on lighter textured soils only. For grazing,
one dressing of 20 kg/ha S should suffice.
It is important not to oversupply S where it is not required, as excess S can depress the uptake
of Se in herbage and reduce the absorption of Cu by animals.
Cobalt
Soils giving rise to low Co in herbage are typically formed from granite and sandstones.
However, low herbage Co levels can occur even on soils rich in Co, if the total Mn content of
the soil is high. Hence, when determining the level of Co in a soil, it is also necessary to
analyse for total Mn in order to determine whether Co deficiency can occur. It also determines
whether Co can be applied to the soil, or if it must be fed directly to the animals.
Most of the soils which respond to pasture treatments are located in Mayo and Kerry; and to a
lesser extent in Limerick, Carlow, Waterford and Galway. Cobalt deficiency causes pine and
poor thrift in sheep. A concentration of 0.1 mg/kg Co in herbage is required to supply
sufficient Co for animal needs. Total Mn concentrations in soil greater then 600 mg/kg can
reduce the plant uptake of Co by pasture species to below 0.1 mg/kg. Investigations have
shown that up to 25% of the stomach contents of sheep may be ingested soil. Cobalt
deficiency rarely occurs in pastures with soil Co greater than 6 mg/kg and total Mn above 600
mg/kg, due to Co intake by soil ingestion.
The Index system for Co (Table 6-10) is given in column 2 of Table 11-2. However, the risk
table for Co deficiency in sheep on soils with different levels of cobalt and total Mn is shown
in the remaining columns of Table 11-2. Only in two soil categories are animals at high risk;
category-1 soils are those with less than 3.0 mg/kg Co and less than 600mg/kg total Mn and
category-2 soils are those with 3-6 mg/kg Co and 600-1000 mg/kg total Mn.
Table 11-2: Risk assessment and remedial procedures for sheep on grassland based on Co
and total Mn levels in soil
Soil Co Total Mn (mg/kg)
Soil Co
range 0 - 600 601 - 1000 > 1000
Index
(mg/kg) Risk Remedy Risk Remedy Risk Remedy
Soil
1 0.0 – 3.0 High - - - -
Treatment1
Soil Animal
2 3.1 – 5.0 Low High - -
Treatment2 Treatment
Animal
3 5.1 – 10.0 None None None None Low
Treatment
4 > 10.0 None None None None None None
1. Apply 3 kg/ha cobalt sulphate (21% Co) to 25% of grassland area every 4 years
2. Apply 2 kg/ha cobalt sulphate (21% Co) to 25% of grassland area every 4 years
56"
63,12 Grassland Nitrogen,"which deficiency or toxicity of Cu occurs in tillage crops is largest for peat and smallest for
sandy loam soils.
There is considerable variation between the cultivars of the different cereals in their
susceptibility to deficiency and toxicity. The variation between cultivars is usually greater
than the variation between the different cereal types. The concentration of Cu in the foliage of
healthy cereal crops varies from 5-10 mg/l.
Concentrations of less than 3 mg/l are too low for healthy growth and good yields. Foliar
concentrations of greater than 20 mg/l are excessive. Grain size is reduced when the
concentration in the foliage is excessive.
Table 11-3: The effect of soil texture and soil type on the critical soil concentrations of copper
in spring barley
Critical copper concentrations (mg/l)
Texture class
Low High
Peat < 6.0 > 50.0
Sandy loam < 2.5 > 15.0
Loam < 1.5 > 20.0
Clay loam < 1.0 > 30.0
Copper deficiency in cereals may be treated by soil application or by foliar sprays. Soil
application offers the most long-term solution to a copper deficiency problem. The
application of copper sulphate at 20 to 40 kg/ha gives good control of Cu deficiency for up to
5 to 10 years. However, Cu has poor mobility in soil and several cultivations are required
before the soil application is fully effective. Consequently, foliar applications are required for
1-2 years following the soil dressing to obtain satisfactory control of the deficiency.
The spreading of the copper sulphate presents a problem. Pneumatic spreaders are the most
successful type of implement for uniform distribution of the copper sulphate because this
machine is designed to spread small quantities of material. The copper sulphate may be mixed
with compound fertilizers at spreading but the finer powder is not distributed as widely as the
fertilizer prills and the bout width of the spreader must be reduced to obtain a uniform spread.
As a result of the finer texture, the Cu powder falls to the base of the distributor and is fully
ejected before the fertilizer prills. In some countries, Cu prills are manufactured to facilitate
spreading and blending with other fertilizers. Foliar application of Cu gives more short-term
control of the deficiency. The recommended rate of application for Copper sulphate is 2.0
kg/ha. Rates greater than 2.0 kg/ha can cause severe foliar scorch. Early application of copper
sulphate reduces the risk of foliar scorch. Chelated compounds and inorganic formulations
cause less foliar scorch, are more compatible with other spray materials and may be applied in
smaller volumes of water.
61"
67,12 Grassland Nitrogen,"N fertilizer for Dairy
Table 12-1 gives guideline rates for N applications on grazed swards used for dairy
production. The N timetable depends on several factors including overall farm system, soil,
climatic conditions, livestock turnout and housing dates, sward clover content etc.
Table 12-1: Suggested timing of available N applications for grass swards, with low levels
(<15%) or, no, clover present, grazed by dairy cows at various stocking rates
------------------------ N rates1 (kg/ha) for approximate application dates ----------------------
Stocking rate Total N
Jan4, 5
March April May June July Aug Sept4, 5 Rate1,6
LU/ha2 kg/ha N3 / Feb
(kg/ha)
<1.0 ≤85 25 15 40
1.25 106 15 28 15 15 73
1.5 128 28 35 25 23 111
1.75 149 29 26 26 17 142
2.0 170 34 53 42 42 31 202
2.12 180 32 32 48 38 38 28 216
2.25 191 31 41 54 37 37 37 237
3.35 200 30 53 53 37 37 37 27 275
2.47 210 31 54 54 56 37 37 37 306
>2.47 ≥210 32 49 55 38 38 38 28 2796
1. Rates shown above refer to recommended application of available fertilizer. Chemical fertilizer
rates should be calculated by deducting the available N contained in organic fertilizer
applications from the rates shown in the table above.
2. Livestock unit (LU) per ha refers to a mature dairy cow.
3. Total annual organic nitrogen (kg) excreted by grazing livestock averaged over the net grassland
area (grazing and silage area). Stocking rate refers to grassland area only.
4. Rates shown above refer to grazed swards only, and are not suitable as a guideline value of the
N requirement for the entire grassland area. The N requirement for the entire grassland area will
depend on the proportions of the area that are grazed, or cut as silage or hay.
5. Chemical or organic fertilizers cannot be applied during periods when application is prohibited by
NAP regulations.
6. At stocking rates above 210 kg/ha organic N, fertiliser N advice is constrained by the NAP
regulations.
7. Total N use on the farm must comply with NAP regulations.
65"
69,12 Grassland Nitrogen,"Suckler calf to weaning
Table 12-3 gives guideline rates for N applications on grazed swards used for calf to beef
production with normal to low clover content for a range of stocking rates. The
recommendations provided below are based on a production system where: 1) mean calving
date is mid-March with cows and calves turned out to pasture shortly thereafter, 2) closing up
of grassland for silage harvest occurs in early April with 1st cut silage harvest taking place at
the end of May and 2nd cut silage harvest in late July, 3) cattle are sold for slaughter at 20
months of age for heifers and 24 months of age for steers and, 4) housing of animals for
winter feeding occurs in November. The suggested timetable of N application assumes low
concentrates feeding rates (<0.3 t/LU) at pasture. The N timetable also depends on several
factors including overall farm system, soil, climatic conditions, clover content etc.
Table 12-2: Suggested timing of available N applications for swards grazed by suckler calf to
weaning production systems (weaned within 9 months of age) at various stocking rates
---------------------- N rates1 (kg/ha) for approximate application dates ---------------------
Stocking rate Total N
Jan4,5
March April May June July Aug Sept4,5 Rate1,6
LU/ha2 kg/ha N3 / Feb
(kg/ha)
≤1.0 ≤ 80 20 15 35
1.25 92 15 17 15 47
1.5 110 20 23 23 66
1.75 129 23 26 13 26 17 105
2.0 148 25 34 17 42 31 149
2.25 166 28 39 25 20 28 25 165
2.5 185 34 44 25 30 33 31 197
2.75 218 37 48 29 37 33 33 217
3.0 238 42 53 39 37 37 37 245
1. Rates shown above refer to recommended application of available fertilizer. Chemical fertilizer
rates should be calculated by deducting the available N contained in organic fertilizer
applications from the rates shown in the table above.
2. Livestock unit (LU) per ha: 1 suckler cow plus calf weaned within 9 months = 1.1 LU/ha
3. Total annual nitrogen (kg) excreted by grazing livestock averaged over the net grassland area
(grazing and silage area). Stocking rate refers to grassland area only.
4. Rates shown above refer to grazed swards only, and are not suitable as a guideline value of the
N requirement for the entire grassland area. The N requirement for the entire grassland area will
depend on the proportions of the area that are grazed, or cut as silage or hay.
5. Chemical or organic fertilizers cannot be applied during periods when application is prohibited by
NAP regulations.
6. Total N use on the farm must comply with NAP regulations.
67"
70,12 Grassland Nitrogen,"Suckler calf to beef
Table 12-3 gives guideline rates for N applications on grazed swards used for calf to beef
production with normal to low clover content for a range of stocking rates. The
recommendations provided below are based on a production system where: 1) mean calving
date is mid-March with cows and calves turned out to pasture shortly thereafter, 2) closing up
of grassland for silage harvest occurs in early April with 1st cut silage harvest taking place at
the end of May and 2nd cut silage harvest in late July, 3) cattle are sold for slaughter at 20
months of age for heifers and 24 months of age for steers and, 4) housing of animals for
winter feeding occurs in November. The suggested timetable of N application assumes low
concentrates feeding rates (<0.3 t/LU) at pasture. The N timetable also depends on several
factors including overall farm system, soil, climatic conditions, clover content etc.
Table 12-3: Suggested timing of available N applications for swards grazed by suckler calf to
beef production systems (steers finished at 24 months of age and heifers finished at 20
months of age) at various stocking rates
--------------------- N rates1 (kg/ha) for approximate application dates -------------------
Stocking rate Total N
Jan4,5
March April May June July Aug Sept4,5 Rate1,6
LU/ha2 kg/ha N3 / Feb
(kg/ha)
≤1.0 ≤ 80 23 12 35
1.25 99 23 15 15 53
1.5 118 25 23 10 17 75
1.75 138 34 25 10 15 19 103
2.0 158 42 30 20 20 20 132
2.25 176 13 45 32 20 26 26 162
2.5 196 15 49 36 25 22 24 22 193
2.75 215 15 53 42 25 26 28 26 215
3.0 235 20 57 46 30 28 32 28 241
1. Rates shown above refer to recommended application of available fertilizer. Chemical fertilizer
rates should be calculated by deducting the available N contained in organic fertilizer
applications from the rates shown in the table above.
2. Livestock unit (LU) per ha: suckler cow = 0.9 LU; calf (0-12 months of age = 0.3 LU; yearling (13-
24 months of age) = 0.7 LU; adult cattle (>24 months of age) = 1.0 LU..
3. Total annual nitrogen (kg) excreted by grazing livestock averaged over the net grassland area
(grazing and silage area). Stocking rate refers to grassland area only.
4. Rates shown above refer to grazed swards only, and are not suitable as a guideline value of the
N requirement for the entire grassland area. The N requirement for the entire grassland area will
depend on the proportions of the area that are grazed, or cut as silage or hay.
5. Chemical or organic fertilizers cannot be applied during periods when application is prohibited by
NAP regulations.
6. Total N use on the farm must comply with NAP regulations.
68"
71,12 Grassland Nitrogen,"Calf to beef
Table 12-4 gives guideline rates for N applications on grazed swards used for calf to beef
production with normal to low clover content for a range of stocking rates. The
recommendations provided below are based on a production system where: 1) spring-born
dairy bred calves are purchased at 2 weeks of age, 2) calves are turned out to pasture for their
first grazing season in May, 3) closing up of grassland for silage harvest occurs in early April
with 1st cut silage harvest taking place at the end of May and 2nd cut silage harvest in late July,
4) cattle are sold for slaughter as steers at 24 months of age and, 5) housing of animals for
winter feeding occurs in November. The suggested timetable of N application assumes low
concentrates feeding rates (<0.3 t/LU) at pasture. The N timetable depends on several factors
including overall farm system, soil type, climatic conditions, clover content etc.
Table 12-4: Suggested timing of available N applications for swards grazed by calf to beef
production systems (finishing steers at 24 months or age) at various stocking rates
------------------------- N rates1 (kg/ha) for approximate application dates -------------------------
Stocking rate Total N
Jan4,5
March April May June July Aug Sept4,5 Rate1,6
LU/ha2 kg/ha N3 / Feb
(kg/ha)
≤1.0 ≤ 80 12 12 24
1.25 99 15 15 15 45
1.5 118 15 20 15 17 67
1.75 138 17 23 15 15 20 90
2.0 158 20 25 20 23 23 111
2.25 176 13 20 25 22 28 26 134
2.5 196 15 25 30 25 15 26 20 156
2.75 215 15 30 30 28 22 30 23 178
3.0 235 20 35 35 30 25 30 25 200
1. Rates shown above refer to recommended application of available fertilizer. Chemical fertilizer
rates should be calculated by deducting the available N contained in organic fertilizer
applications from the rates shown in the table above.
2. Livestock unit (LU) per ha: calf (0-12 months of age = 0.3 LU; yearling (13-24 months of age) =
0.7 LU.
3. Total annual nitrogen (kg) excreted by grazing livestock averaged over the net grassland area
(grazing and silage area). Stocking rate refers to grassland area only.
4. Rates shown above refer to grazed swards only, and are not suitable as a guideline value of the
N requirement for the entire grassland area. The N requirement for the entire grassland area will
depend on the proportions of the area that are grazed, or cut as silage or hay.
5. Chemical or organic fertilizers cannot be applied during periods when application is prohibited by
NAP regulations.
6. Total N use on the farm must comply with NAP regulations.
69"
72,12 Grassland Nitrogen,"N Fertilizer for Sheep
Table 12-5 gives guideline rates for N applications on sheep pasture with normal to low
clover content for a range of stocking rates. The suggested timetable applies to ewes with high
productivity assuming that no concentrates are offered at pasture. The N timetable is for early
to mid-March lambing, but depends on several factors including overall farm system, soil,
climatic conditions, clover content etc.
The N requirements for sheep grazing are generally lower than for dairy cows or cattle. This
is because:
 Less silage is required for sheep than for cattle due to the shorter in-wintering
period
 Sheep recycle dung/urine more uniformly to pasture and hence there is less
herbage waste around dung-pats and, consequently, more efficient herbage
utilisation (more uniform post-grazing height and less high grass left ungrazed)
 There is a better match between feed demand and herbage growth because feed
demand is highest from lambing to weaning (March to early July). It decreases
post weaning as lambs are drafted for sale and ewes can be restricted to
maintenance feeding
 Clover survival can be encouraged by rotational grazing rather than continuous
sheep grazing as sheep preferentially graze clover plants
Table 12-5: Suggested timing of available N applications for swards grazed by sheep and lamb
production systems (mid-March lambing) at various stocking rates
with low to and normal clover content
----------------------- N rates1 (kg/ha) for approximate application dates ------------------------
Stocking rate Total N
Jan4,5
Ewes March April May June July Aug Sept4,5 Rate1,6
/ Feb
/ha2 kg/ha N3 (kg/ha)
6 ≤ 80 13 13 13 39
8 99 23 19 18 60
10 118 25 20 15 21 81
12 138 13 28 23 15 23 102
14 158 13 33 23 13 15 26 123
16 176 13 41 25 13 22 30 144
1. Rates shown above refer to recommended application of available fertilizer. Chemical fertilizer
rates should be calculated by deducting the available N contained in organic fertilizer
applications from the rates shown in the table above.
2. Livestock unit (LU) per ha refers to a ewe plus lambs to weaning.
3. Total annual nitrogen (kg) excreted by grazing livestock averaged over the net grassland area
(grazing and silage area). Stocking rate refers to grassland area only.
4. Rates shown above refer to grazed swards only, and are not suitable as a guideline value of the
N requirement for the entire grassland area. The N requirement for the entire grassland area will
depend on the proportions of the area that are grazed, or cut as silage or hay.
5. Chemical or organic fertilizers cannot be applied during periods when application is prohibited by
NAP regulations.
6. Total N use on the farm must comply with NAP regulations.
70"
74,12 Grassland Nitrogen,"N fertilizer for productive Grass -White Clover swards
Table 12-6 gives guideline rates for N applications on productive grass-clover swards (>20%
average sward clover content) used for grazing at various stocking rates. The N timetable
depends on several factors including overall farm system, soil, climatic conditions, livestock
turnout and housing dates, and ryegrass and sward clover content etc.
Table 12-6: Suggested timing of available N applications for productive grass-clover swards
used for grazing at various stocking rates
------------------------ N rates1 (kg/ha) for approximate application dates ----------------------
Stocking rate Total N
Jan4, 5
March April May June July Aug Sept4, 5 Rate1,6
LU/ha2 kg/ha N3 / Feb
(kg/ha)
<1.75 <149 0
1.75 149 †28 28 56
2.0 170 †28 28 28 84
2.25 191 †28 33 33 14 *28 136
>2.5 ≥210 †28 33 33 28 *28 150
1. Rates shown above refer to recommended application of available fertilizer. Chemical fertilizer
rates should be calculated by deducting the available N contained in organic fertilizer
applications from the rates shown in the table above.
Grass-white clover swards must contain an annual average sward clover content of at least 20% to
be considered productive. This level of white clover is necessary to ensure N fixation to replace
chemical N fertiliser. Swards should be reseeded or over sown with white clover seed when
average sward clover content drops below 20%.
2. Livestock unit (LU) per ha refers to a mature dairy cow.
3. Total annual organic nitrogen (kg) excreted by grazing livestock averaged over the net grassland
area (grazing and silage area). Stocking rate refers to grassland area only.
4. Rates shown above refer to grazed swards only, and are not suitable as a guideline value of the
N requirement for the entire grassland area. The N requirement for the entire grassland area will
depend on the proportions of the area that are grazed, or cut as silage or hay.
5. Chemical or organic fertilizers cannot be applied during periods when application is prohibited by
NAP regulations.
6. At stocking rates above 210 kg/ha organic N, fertiliser N advice is constrained by the NAP
regulations.
7. Total N use on the farm must comply with NAP regulations.
†Application of chemical N fertiliser may be unnecessary in paddocks that received slurry in mid-
January/early February
*Application might not be necessary in paddocks with above average clover contents and warmer
weather conditions favourable for clover growth and biological N fixation.
72"
76,12 Grassland Nitrogen,"(2) Available N fertilizer for cut swards
The amount of fertilizer N to apply to cut swards is influenced by many factors, especially by
whether it is a new ley, and by the number of cuts taken each year and by the grazing history.
Table 12-7 shows N advice for cut swards.
Table 12-7: Available N rates for cut swards.
Crop N application rate (kg/ha)1
Silage: first cut 1252,3,4
Silage: second or subsequent cut5 1002,3,4
Hay6 65 - 80
1. Rates shown above refer to application of available N. Chemical fertilizer rates should
be calculated by deducting the available N contained in organic fertilizer applications
from the rates shown in the table above.
2. If N is applied for early grazing, assume that 20% of this remains available for first cut
silage.
3. An extra 25 kg/ha may be used where necessary for establishment of a good ryegrass
sward if pasture is less than 4 years old, provided that the maximum N allowance
prescribed in the NAP regulations is complied with.
4. Where silage fields were grazed rather than cut in the previous year, apply 100 kg/ha for
first cut, and 85 kg/ha for second and subsequent cuts.
5. Where multiple cuts are taken the total N use on the farm must comply with NAP
regulations.
6. Less N is advised when there is a high risk of crop loss due to high rainfall.
74"
77,13 Grassland Phosphorus,"12.2 Available N for Pasture Establishment
Nitrogen advice for pasture establishment is shown in Table 12-8. Considerable amounts of N
may be released by mineralization, particularly in cases where conventional ploughing and
cultivation is carried out for seedbed preparation. The amount of N released will depend on
the previous crop. Thus, the N required depends on the soil N Index;
Table 12-8: Nitrogen for pasture establishment without a cover crop1 (kg/ha)
Tillage soil N Index2 Grass only3 Grass / legume3
1 75 60
2 65 50
3 55 40
4 55 40
1. For undersown crops, reduce the N rates for the cereal by 50 kg/ha to
promote good pasture establishment. Immediately after harvesting the
cereal apply 40 kg/ha of N.
2. See Tables 6-2 and 6-3 for N Index system.
3. Establish the crop before the end of August, especially for grass/clover. Apply half the N
at sowing and the remainder shortly after grass emergence if there are signs of N
deficiency in the sward. For all applications of chemical fertilizers or livestock manure,
the periods during which application is prohibited under the NAP regulations must be
observed.
(3) Take account of available N in slurry and farmyard manure
To calculate the available N contained in slurry and farmyard manure, multiply the quantity
of each material that is applied to grassland by the content of available N that is contained in
the material (cf Chapter 9, Tables 9-3,9-4 & 9-5).
The N fertilizer replacement value of organic fertilizers, particularly slurry, will depend to a
large extent on minimizing the potential for gaseous losses of N as ammonia gas at the time of
application (cf Chapter 9).
(4) Calculate chemical fertilizer N
The application rate of chemical fertilizer N can be calculated as follows:
Chemical fertilizer N available N applied
= Available N -
(kg/ha) in organic fertilizers
75"
78,13 Grassland Phosphorus,"(5) Determine maximum N fertilizer allowed and compliance with the NAP regulations
Once the application of chemical N fertilizer for the grassland area has been calculated, it
must be cross checked to ensure that it complies with the NAP regulations. The application
rates of N, as either chemical or organic fertilizer, cannot exceed the maximum available N
rates specified in the NAP regulations across the farm (Tables 12-9 and 12-10). It is advised
that the lower of the two rates (advised rate or maximum rate allowed) should be used.
For the purposes of checking compliance with the NAP regulations, it is best to calculate both
the advised N application and the maximum N allowance on a whole farm basis. In situations
where the N advised exceeds the maximum amount of N allowed, it will be necessary to
adjust the N application rates in order to comply with the regulations. The application rates of
‘available nitrogen’ prescribed in the NAP refer to the total inputs of N as organic fertilizer
(including slurry and farmyard manure), in addition to chemical fertilizer. Therefore, the rates
per hectare shown in Table 12-9 should be adjusted to account for all sources of N in order to
determine the maximum amount of chemical fertilizer N that can be used on a holding.
Table 12-9 shows the maximum total available N that can be applied to grassland on a
holding on which grazing livestock are kept. The rates shown are maxima for all the grassland
on such a holding, irrespective of whether the area is used for grazing or silage.
Table 12-9: Annual maximum fertilization rates of available N for grassland on holdings
on which grazing livestock are kept, as specified in the NAP regulations
Grassland stocking rate 1 Available nitrogen2
(kg/ha/year) (kg/ha)
≤ 170 206
Grassland stocking rate > 170 kg/ha/yr3.4
171-210 282
211-250, 250
and ≥ 250 2505
1. Total annual nitrogen (kg) excreted by grazing livestock averaged over the net grassland
area (grazing and silage area). Stocking rate refers to grassland area only.
2. The maximum nitrogen fertilization of grassland shall not exceed that specified for
stocking rates less than or equal to 170 kg/ha/year unless a minimum of 5% of the net
area of the holding is used to grow crops other than grass or a derogation applies in
respect of the holding.
3. This table does not imply any departure from Article 20(1) which prohibits the application
to land on a holding of livestock manure in amounts which exceed 170kg Nitrogen per
hectare per year, including that deposited by the animals themselves (or 250kg in the
case of a holding to which a derogation has been granted, in accordance with the
Nitrates Directive).
4. From 1st January 2021 these fertilisation rates are only applicable where the fertiliser
type specified by the Minister of Agriculture, Food and the Marine is used.
5. The application of Nitrogen from livestock manure (including that deposited by the
animals themselves) to the eligible grassland area shall not exceed 250 kg Nitrogen per
hectare per year.
Source: (NAP, S.I.605of 2017)
76"
79,13 Grassland Phosphorus,"Table 12-10 shows the maximum total available N application that can be applied to grassland
that is cut only, and where there are no grazing livestock on the holding.
Table 12-10: Annual maximum fertilization rates of available N for grassland (cut only,
no grazing livestock on holding) as specified in the NAP regulations
Available nitrogen
Grassland cutting regime
(kg/ha)
First cut 125
Subsequent cuts 100
Hay 80
Source: (NAP, S.I. 605 of 2017)
77"
81,13 Grassland Phosphorus,"Soil P Index
The Morgan’s soil P test (see Chapter 6) is used to estimate “plant available” P levels in the
soil. Soil testing is advised at least once every five years so that soil P levels can be
monitored. The Soil Index system for nutrient levels is explained in Chapter 6 and the P Index
Table (6-4) is reproduced as Table 13-1 below.
Soil P levels at Index 1 will not achieve optimum sward productivity throughout the year
without additional P fertilizer above the rate required for soil P maintenance. Soil P levels at
Index 2 may restrict grass growth in spring. Where grass demand is low early in the season P
index 2 soils may achieve sufficient dry matter (DM) yields, but the herbage P concentration
may not meet the dietary requirements of some grazing animals. In general, soil P levels at
Index 3 are advised to ensure that the grass sward will achieve optimum DM yield, encourage
growth of clover and early grass, and contain a P concentration that is adequate to meet the
dietary requirements of grazing animals.
A recent study of Irish soil types showed that aluminium (Al) in soil had a strong influence on
the soil’s ability to supply available P for plant uptake (Daly et al., 2015). At high Al to P
ratios P fixation occurred and soils had difficulty supplying P. For these soils the critical
range of Morgan’s P at which P was plant available fell between 5.9 and 8.7 mg/l. The current
grassland P Index 3 range (5.1 – 8.0 mg/l Morgan’s extractable P) may not capture all these
high P fixing soils. Therefore, soils within the current Index 3 and Index 4 categories may
show additional P responses beyond the generalised recommended rates of P fertilizers.
In addition, the Morgan’s soil test may overestimate the available soil P on calcareous soils
and those with high soil pH (>7.0) as it was developed for naturally acidic soils where a large
proportion of P is bonded to Al, Iron and Manganese in the mineral matter. These high pH
soils may require additional P fertilizer, even at optimum soil test P levels, for intensive
grassland production to maintain an adequate P supply throughout the growing season
Grassland soils with P levels at Index 4 may pose an increased risk of P loss to the
environment, and no P fertilizer is advised until the soil P level reverts to the Index 3 range.
Table 13-1:P Index for grassland
Comments
Soil P Soil P range
Index (Morgan’s mg/l)
Index description Response to fertilizer
1 0.0 – 3.0 Very Low Definite
2 3.1 – 5.0 Low Likely
3 5.1 – 8.0 Medium / Adequate Unlikely / Tenuous
4 > 8.0 Sufficient / High None
79"
82,13 Grassland Phosphorus,"Phosphorus for grazing and silage
P-fertilizer advice for grazing is based on the following 5 steps:
1. Determine P required for soil P build-up (Table 13-2)
2. Determine P required for soil P maintenance (Tables 13-3, 13-4, 13-5)
3. Take account of P in slurry and farmyard manure (Chapter 9)
4. Calculate chemical fertilizer P requirements
5. Determine maximum P allowance, and confirm that the P fertilizer requirement of the
holding is compliant with the NAP regulations
(1) Soil P build-up
P fertilizer rates advised for build-up to soil P Index 3 are presented in Table 13-2. Note that
application of build-up rates may be required over a number of years (Until next soil sample)
for P-deficient soils or higher P fixing soils to move from Index 1 to 2, and from Index 2 to 3.
At very extensive stocking rates, or in areas governed by specific legislation such as national
heritage areas (NHAs) or special areas of conservation (SACs), it may be appropriate to
fertilize soils to a level such that Index 2 is maintained. Therefore maintenance P applications
would be applied to these areas only and no build-up where soils are already at index 2.
Table 13-2: Available P rates (kg/ha) for build-up on mineral soils
Soil P Index Mineral soils1,2
1 20
2 10
3 0
4 0
1. Mineral soils are defined as soils with less than or equal to 20% organic matter
2. Peat soils (i.e. soils with more than 20% organic matter) receive only maintenance
rates of P
(2) Soil P maintenance
Grazing livestock
Each year, P is removed in either animal produce (meat, milk) or as silage or hay. This P must
be replaced by applying “maintenance rates” of P as recycled P from concentrate feeds used,
recycled animal manures or chemical fertilizer P.
For soil P maintenance, no distinction is made between mineral soils or peat soils. However,
higher P fixing mineral soils, with higher aluminium concentrations and low ratios of Al to P,
will require somewhat higher P inputs (than replacement) to maintain soil test P levels over
time.
80"
83,13 Grassland Phosphorus,"Table 13-3 shows example soil P maintenance rates for grazing that are required for dairy and
drystock production systems.
Soil P maintenance rates advised for grazed pasture should, at least, be equal to the amount of
P that leaves the holding as product. In general, 1kg of P is required to replace the P removed
in either 1000 litres of milk, or 100 kg of liveweight gain (LWG). The soil P maintenance rate
will therefore be determined by the milk production or liveweight gain (LWG) being achieved
per hectare.
Table 13-3: Grazing: Maintenance rates of available soil P to replace offtakes
(kg/ha)1,2,3
System4
Grassland stocking rate
(kg/ha) of Org N5
Dairy Drystock
≤ 100 6 4
130 10 7
170 14 10
210 19 13
≥ 210 23 16
1. Rates of P fertilizer are based on concentrate feed usage level of zero.
2. P for soil P build-up, as determined by soil Index, should be added to the rates shown
above.
3. Rates shown above refer to maintenance requirements for the grazing area only. P
requirements for the whole farm depend on the proportion of grazing, silage and hay
areas on the farm.
4. Where a holding contains a mixture of dairy and drystock enterprises, it is advised that
the P rate for all the grazing area should be based on the requirements of the more
dominant enterprise.
5. Total annual nitrogen (kg) excreted by grazing livestock averaged over the net
grassland area (grazing and silage area). Stocking rate refers to grassland area only
81"
84,13 Grassland Phosphorus,"P maintenance for silage and hay
Soil P maintenance rates advised for silage and hay crops are shown in Table 13-4. Where
two or more cuts of silage are taken in one year on soils with soil P levels at Index 1 or 2, the
additional ‘soil P build-up’ portion of the fertilizer should be applied prior to the first cut.
Table 13-4: Silage and hay: Soil P maintenance requirement to replace offtakes
(kg/ha)1 5t/ha
Soil P Index First cut1 Second or subsequent cut
1 - 3 20 10
4 Do not apply chemical P Do not apply chemical P
1. P for soil P build-up, as determined by soil Index, should be added to the rates
shown above.
2. Add or subtract 4 kg/t of DM above or below a yield of 5 t/ha
13.2 P Fertilization for Pasture Establishment
Table 13-5 shows the P rates advised for pasture establishment sown without a cover crop.
For under-sown cereal crops at soil P Index 1, 20 kg/ha P should be broadcast in addition to
the P applied for the cereal crop. For pasture establishment on peat soils, the P fertilization
rates should not exceed that advised for Index 3 soils.
Table 13-5: P rates (kg/ha) required for pasture establishment without a cover crop
Soil P Index P application rate1
1 60
2 40
3 30
4 0
1. Establishment of grass/clover Rates of P fertilizer applied for pasture establishment must
not result in the fertilizer P allowance for the holding, as determined from NAP regulations
being exceeded.
(3) Take account of P in slurry and farmyard manure
To calculate the P contained in slurry and farmyard manure, multiply the quantity of each
material that is applied to grassland by the P-content of the material (see Table 9-3 or 9-4). In
situations where total P contained in slurry and farmyard manure produced on the holding
exceeds the total P application advised, they may be applied to Index 4 soils, but only after all
the P requirements of soils in Indices 1, 2 and 3 have been met by slurry and farmyard manure
produced on the farm. Where such a necessity arises, organic fertilizer applications that
exceed the advised P rates should be confined to areas where the risk of overland flow is
small and risk of P loss to water is low.
82"
86,14 Grass K & Horses,"Table 13-6: Annual maximum fertilization rates of available P for grassland (grazing plus
silage) on holdings on which grazing livestock are kept, as specified in the NAP regulations
Grassland stocking rate Phosphorus Index
(kg/ha) of Org N1 1 2 3 4
Available Phosphorus (kg/ha)2,3,6
< 85 27 17 7 0
86 - 130 30 20 10 0
131 - 170 33 23 13 0
Grassland stocking rate > 170 kg/ha4,5
171 - 210 36 26 16 0
211 - 250 39 29 19 0
≥ 250 39 29 19 0
1. Total annual nitrogen (kg) excreted by grazing livestock averaged over the net grassland
area (grazing and silage area). Stocking rate refers to grassland area only.
2. The fertilization rates for soils which have more than 20% organic matter (peat soils) shall
not exceed the amounts permitted for Index 3 soils.
3. Manure produced by grazing livestock on a holding may be applied to Index 4 soils on that
holding in a situation where there is a surplus of such manure remaining after the
phosphorus fertilization needs of all crops on soils at P Indices 1, 2 or 3 on the holding
have been met by the use only of such manure produced on the holding.
4. The maximum phosphorus fertilization of grassland shall not exceed that specified for
stocking rates less than or equal to 170 kg/ha/year unless a minimum of 5% of the net area
of the holding is used to grow crops other than grass or a derogation applies in respect of
the holding.
5. This table does not imply any departure from Article 20(1) which prohibits the application to
land on a holding of livestock manure in amounts which exceed 170kg Nitrogen per
hectare per year, including that deposited by the animals themselves (or 250kg in the case
of a holding to which a derogation has been granted in accordance with the Nitrates
Directive).
6. An additional 15 kg of phosphorus per hectare may be applied on soils at phosphorus
indices 1, 2, or 3 for each hectare of pasture establishment undertaken.
Source: (NAP, S.I. 605 of 2017,)
The application rates of ‘available phosphorus’ prescribed in the NAP refer to the total inputs
of P as either concentrate feeds or imported organic fertilizers onto the holding (including
slurry and farmyard manure), in addition to chemical fertilizer. These annual maximum
fertiliser rates of P do not include the recycled nutrient P in organic manures deemed to be
produced during the required winter storage period on the holding. Therefore, the rates per
hectare shown in Table 13-6 should be adjusted to account for concentrate feed P or imported
organic sources of P onto the holding in order to determine the maximum amount of chemical
P fertilizer that can be used on a holding.
Note that Table 13-6 shows the maximum total available P application that can be applied to
grassland on a holding on which grazing livestock are kept. The rates shown are maxima for
all the grassland on such a holding, irrespective of whether the area is used for grazing or
silage.
84"
87,14 Grass K & Horses,"Table 13-7 shows the maximum total available P application that can be applied to grassland
that is cut only, and where there is no grazing livestock on the holding.
Table 13-7: Annual maximum fertilization rates of available P for grassland (cut only, no
grazing livestock on holding) as specified in the NAP regulations
Phosphorus Index
1 2 3 4
Available Phosphorus (kg/ha)1,2
First cut 40 30 20 0
Subsequent cuts 10 10 10 0
1. The fertilization rates for soils which have more than 20% organic matter (peat soils) shall
not exceed the amounts permitted for Index 3 soils.
2. The fertilization rates in this table apply to those areas of farms where hay or silage is
produced for sale off the holding on farms stocked at < 1 LU/ha (equivalent to < 85 kg
organic N grassland stocking rate).
Source: (NAP, S.I. 605 of 2017)
85"
88,14 Grass K & Horses,"14. Potassium for Grassland
Regular soil analysis should be used to monitor the soil K levels because the K status can
drop quite rapidly in some soils. Only regular monitoring, at least every five years, will ensure
that the K Index (Table 6-5) is optimal. The appropriate K application rates for grazing and
silage are shown in Tables 14-1 and 14-2, respectively. For K fixing soils such as the Athy
soil series, K should be applied in the spring and/or throughout the growing season. Potassium
fixation is more likely to occur in conditions when organic matter content is low and during
reseeding.
14.1 Potassium for Grazing
Table 14-1 gives the available K advice for a grazed sward. Unless the soil is at K Index 1,
fertilizer K can be applied in autumn to reduce the risk of hypomagnesaemia i.e. to avoid Mg
deficiency in animals arising from luxury uptake of K by grass in the spring.
Table 14-1: Available K for grazing at stocking rate of 2 LU/ha1,2
K Advice (kg/ha)3
Soil K Index
Dairy Drystock
1 90 75
2 60 45
3 30 15
4 none none
1. For stocking rates greater than 2 LU/ha (>170 kg/ha Org N), increase rates by 5 kg/ha for
each increase in stocking rate of 40 kg/ha.
2. For stocking rates less than 2 LU/ha (170 kg/ha Org N), decrease rates by 5 kg/ha for each
decrease in stocking rate of 40 kg/ha.
3. Chemical K application rates can be calculated by deducting the quantity of K applied in
organic fertilizers.
14.2 Potassium for Silage and Hay
Table 14-2 gives the available K required for silage and hay crops i.e. K applied both as
chemical and organic fertilizers. The chemical K required can be calculated from Table 14-2
by subtracting the amount in applied organic fertilizer using Table 9-1.
Luxury amounts of K may be taken up by grass where more than 90 kg/ha K are applied. This
can reduce fertilizer K efficiency and may upset the K:Mg:Na balance in herbage. Where
more than 90 kg/ha is advised; only 90 kg should be applied in spring, and the remainder to
the aftermath or in late autumn.
86"
89,16 Cereals,"Table 14-2: Available K for silage and hay (kg/ha). The advice assumes a dry matter yield
of 5 t/ha for first cut and 3 t/ha for 2nd or subsequent cuts1
Soil K Index First cut silage / hay 2nd and 3rd cut2,3
1 1854 75
2 1554 75
3 1254 75
4 05 05
1. Increase K by 25 kg/ha for each extra t/ha of dry matter (or each 5 t/ha of fresh weight).
2. Note that the advice in this column is per cut.
3. Where K build up has already been applied for previous grass silage crop (i.e. first cut)
apply K based on crop offtake (i.e. Index 3).
4. Typically no more than 90 kg/ha K should be applied at closing for silage and the
remainder should be applied at least 3 months in advance or after silage harvest.
5. No K is required in the year of sampling. For subsequent years use Index 3 advice
pending a further soil test.
Table 14-3 gives the calculated chemical K advice for first cut silage, on the assumption that a
typical application of 33 t/ha of slurry is applied to the silage ground.
Table 14-3: Chemical K fertilizer advice for silage (kg/ha) where 33 t/ha of cattle slurry is
applied to the first cut1. The advice assumes a herbage dry matter yield of 5 t/ha2
Soil K Index First cut
1 79
2 49
3 10
4 03
1. Adjust chemical K fertiliser rates based slurry nutrient content and application rate (see
table 9-3, 9-4 and 9-8). See Table 9-5 & 9-6 for other types of livestock manures.
2. Increase K by 25 kg/ha for each extra t/ha of dry matter produced (i.e. for each 5 t/ha of
fresh weight).
3. No K is required in the year of sampling. For subsequent years use Index 3 advice
pending a further soil test.
4. Note the K content in cattle slurry can be variable and lower rates of K than specified in
this table may be applied especially where cattle slurry is more dilute i.e. lower dry matter
(see table 9-8).
87"
90,16 Cereals,"14.3 Potassium for Pasture Establishment
Table 14-4 shows the K rates advised for pasture establishment sown without a cover crop.
For under sown crops at soil K Index 1, 40 kg/ha K should be broadcast in addition to cereal
requirements.
Table 14-4: Potassium for pasture establishment without a cover crop1
Grass only Grass/legume
Soil K Index1
kg K/ha kg K/ha
1 110 120
2 75 90
3 50 60
4 30 40
1. See Table 6-5 for K Index system.
88"
91,16 Cereals,"15. Soil Fertility for Horse Production
Good grassland management is a key component of horse production as it will ensure good
quality grass during the grazing season and the production of quality forage to meet winter
feed requirements.
Nitrogen
Low levels of N are required for swards grazed by horses only. Good soil fertility levels (pH,
P & K) are required to ensure good grass palatability and persistency of the productive grass
species. An application of 25-30 kg/ha N may be sufficient for most horse production
systems. Available N advice is shown in table 15-1.
Table 15-1: Available N, advice and P and K (kg/ha) for maintainance on swards grazed
by horses at at various stocking rates
Stocking rate
N2,3 P K
LU/ha1
1.0 25-40 3 4
1.5 25-40 5 6
2.0 25-40 7 8
1. 1 horse = 1 LU/ha
2. Apply 25kgN/ha in springtime
3. Apply additional N based on grass demand during the growing season.
Phosphorus (P) and Potassium (K)
The maintenance requirement for P and K on grazing swards tends to be low compared to
other livestock enterprises (Table 15-1). Where there is a high demand for grass on a horse
farm aim to maintain soil P and K in the optimum Index 3 range for good grass production.
Depending on grass demand maximizing grass production may not be required and
maintaining soil Index 2 may be sufficient depending on the annual grass requirements for the
production system. Where soils are Index 1 or 2, additional P and K for build-up will be
required see table 13-2 and 14-1 for build up rates. Apply build rates of P and K until the
next soil test.
89"
93,16 Cereals,"Wheat
Table 16-1 shows available N fertilizer rates for wheat having yields classed as moderate or
where proof of higher yields is not available.
Table 16-1: Available N1 for wheat (kg/ha) having moderate yields2 or where proof of higher
yields is not available
Soil N Index3 Winter wheat4,5 Spring wheat4,5,6
1 210 160
2 180 130
3 120 95
4 80 60
1. N rates shown above refer to application rates of available fertilizer. Chemical fertilizer rates
should be calculated by deducting the available N contained in organic fertilizer applications
from the rates shown in the above table.
2. Winter Wheat up to 9.0 tonnes/ha, Spring Wheat up to 7.5 tonnes/ha.
3. See Tables 6-2 and 6-3 for Soil N Index.
4. Where proof of higher yields is available, an additional 20kg/ha N may be applied for every
1 tonne above reference yield see table 16-2. The higher yields shall be based on the best
yield achieved in any of the three previous harvests at 20% moisture content.
5. Where milling wheat is grown under a contract to a purchaser of milling wheat an extra 30
kg/ha N may be applied.
6. To reduce the risk of poor establishment in spring cereals, not more than 75 kg/ha N
should be combined drilled.
91"
94,16 Cereals,"If proof of higher wheat yields is available (as defined in the NAP regulations) then the N
rates from Table 16-2 may be used.
Table 16-2: Available N1 for wheat (kg/ha) where proof of higher yields is available
Winter wheat3,4
Soil N
Index2
9 t/ha 10 t/ha 11 t/ha 12 t/ha
1 210 230 250 270
2 180 200 220 240
3 120 140 160 180
4 80 100 120 140
Spring wheat3,4,5
7.5 t/ha 8.5 t/ha 9.5 t/ha 10.5 t/ha
1 160 180 200 220
2 130 150 170 190
3 95 115 135 155
4 60 80 100 120
1. N rates shown above refer to application rates of available fertilizer. Chemical fertilizer rates
should be calculated by deducting the available N contained in organic fertilizer applications
from the rates shown in the above table.
2. See Tables 6-2 and 6-3 for Soil N Index.
3. Rates shown above are equal to the maximum allowed rates in the NAP regulations. The
higher yields shall be based on the best yield achieved in any of the three previous harvests,
at 20% moisture content.
4. Where milling wheat is grown under a contract to a purchaser of milling wheat an extra 30
kg/ha N may be applied.
5. To reduce the risk of poor establishment in spring cereals, not more than 75 kg/ha N should
be combined drilled.
Timing of application
Nitrogen should not be applied to winter wheat at sowing time. Nitrogen should be applied to
winter wheat at the onset of significant growth in early to mid-March. As a general rule,
where more than 100 kg/ha N is to be applied, the N should be split into two applications.
Where more than 150 kg/ha N is to be applied, three applications can be considered.
For winter wheat the average application timings will be at late tillering to GS 30 for the first
application, GS 30- 31 for the second application and GS 37 where a third application is being
made. The application at GS 30-31 is the most important application, as it is at the beginning
of the rapid uptake phase, and generally 50% or more of the total dose will be applied at this
timing.
Where high protein is required application of 40 kg/ha N at GS 37 as CAN can increase
protein content by approximately 0.5%. Alternatively foliar application of 30-40 kg/ha N,
applied as a 10% urea solution spray at the grain milky ripe stage can be used but there is a
risk of leaf scorching. Optimum timing for foliar applied urea is generally 28-42 days after
flag leaf emergence (GS 39) for winter wheat and 25-28 days after flag leaf (GS 39)
emergence for spring wheat.
92"
95,16 Cereals,"Barley
Table 16-3 shows available N fertilizer rates for barley having moderate yields.
Table 16-3: Available N1 for barley (kg/ha) for moderate yields2 or where proof of higher
yields is not available
Soil N Index3 Winter barley4 Spring barley4,5,6
1 180 135
2 155 100
3 120 75
4 80 40
1. N rates shown above refer to application rates of available fertilizer. Chemical fertilizer rates
should be calculated by deducting the available N contained in organic fertilizer applications
from the rates shown in the above table.
2. Winter Barley up to 8.5 tonnes/ha, Spring Barley up to 6.5 tonnes/ha.
3. See Tables 6-2 and 6-3 for Soil N Index.
4. Where proof of higher yields is available, an additional 20kg/ha N may be applied for
every 1 tonne above reference yield see table 16-4. The higher yields shall be based on
the best yield achieved in any of the three previous harvests at 20% moisture content.
5. To reduce the risk of poor establishment in spring cereals, not more than 75 kg/ha N
should be combined drilled.
6. Where malting barley is grown under a contract to a purchaser of malting barley an extra
20 kg/ha N may be applied where it is shown on the basis of agronomic advice that
additional N is required to address a proven low protein content in the grain.
If proof of higher barley yields is available (as defined in the NAP regulations) then the
available N rates from Table 16-4 may be used.
Timing of application
Nitrogen should not be applied to winter barley at sowing. For winter barley the first
application will be made at the onset of significant growth between late February and mid-
March when the crop is at the late tillering stage, before GS 30. Generally, 25-30% of the
total should be applied at this timing. The second application should be made at around GS
31, which will typically be in late March/early April. In general, a third application will not be
required.
For spring barley the initial fertilizer N can be applied at sowing, either broadcast before
sowing or combine drilled, or alternatively, particularly for early drilled crops (i.e. February
sown crops), the initial N application can be made as soon as the crop has emerged. Research
has shown little difference between applying the first N at sowing compared to applying the
first N at emergence to spring barley. Since the crop demand is very low in the early stages
of growth approximately 25-30% of the total planned N application is sufficient at the first
application. The second application should be made during tillering (GS22-25). At this stage
the remainder of the fertilizer N can be applied, or, particularly if there is a risk of high
rainfall after application, a portion of the total N to be applied (typically <20%) can be
retained and applied as a third application at GS 31.
93"
96,16 Cereals,"Table 16-4: Available N1 for barley (kg/ha) where proof of higher yields is available
Winter barley3
Soil N
Index2
8.5 t/ha 9.5 t/ha 10.5 t/ha
1 180 200 220
2 155 175 195
3 120 140 160
4 80 100 120
Spring barley3,4,5
6.5 t/ha 7.5 t/ha 8.5 t/ha
1 135 155 175
2 100 120 140
3 75 95 115
4 40 60 80
1. N rates shown above refer to application rates of available fertilizer. Chemical fertilizer rates
should be calculated by deducting the available N contained in organic fertilizer applications
from the rates shown in the above table.
2. See Tables 6-2 and 6-3 for Soil N Index.
3. Rates shown above are equal to the maximum allowed rates in the NAP regulations. The
higher yields shall be based on the best yield achieved in any of the three previous
harvests, at 20% moisture content.
4. To reduce the risk of poor establishment in spring cereals, not more than 75 kg/ha N
should be combined drilled.
5. Where malting barley is grown under a contract to a purchaser of malting barley an extra
20 kg/ha N may be applied where it is shown on the basis of agronomic advice that
additional N is required to address a proven low protein content in the grain.
94"
97,16 Cereals,"Oats
Table 16-5 shows available N fertilizer rates for oats having moderate yields, as defined in the
NAP regulations.
Table 16-5: Available N1 for oats (kg/ha) for moderate yields2 or where proof of higher
yields is not available
Soil N Index3 Winter Oats4 Spring Oats4,5
1 145 110
2 120 90
3 85 60
4 45 30
1. N rates shown above refer to application rates of available fertilizer. Chemical fertilizer rates
should be calculated by deducting the available N contained in organic fertilizer applications
from the rates shown in the above table.
2. 7.5 t/ha winter oats, 6.5 t/ha spring oats.
3. See Tables 6-2 and 6-3 for Soil N Index.
4. Where proof of higher yields is available, an additional 20 kg/ha N may be applied for
every 1 tonne above reference yield see Table 16-6.
5. To reduce the risk of poor establishment in spring cereals not more than 75 kg/ha N
should be combined drilled.
Table 16-6 shows available N fertilizer rates for oats where proof of higher yields (as per the
NAP regulations) is available.
Table 16-6: Available N1 for oats (kg/ha) where proof of higher yields is available
Winter Oats3
Soil N
Index2
7.5 t/ha 8.5 t/ha 9.5 t/ha
1 145 165 185
2 120 140 160
3 85 105 125
4 45 65 85
Spring Oats3,4
6.5 t/ha 7.5 t/ha 8.5 t/ha
1 110 130 150
2 90 110 130
3 60 80 100
4 30 50 70
1. N rates shown above refer to application rates of available fertilizer. Chemical fertilizer rates
should be calculated by deducting the available N contained in organic fertilizer applications
from the rates shown in the above table.
2. See Tables 6-2 and 6-3 for Soil N Index.
3. Rates shown above are equal to the maximum allowed rates in the NAP. The higher yields
shall be based on the best yield achieved in any of the three previous harvests, at 20%
moisture content.
4. To reduce the risk of poor establishment in spring cereals not more than 75 kg/ha N
should be combined drilled.
95"
99,16 Cereals,"16.2 Phosphorus and Potassium for Cereals
Advice for P and K is based on maintaining the soil test levels of these elements at the
agronomic optimum level of Index 3. This is achieved by applying enough of the nutrient to
replace the anticipated crop off-take, based on the expected yield of the crop to be fertilized.
Where the Soil Index is below Index 3, build-up levels are required in addition to anticipated
crop off-take in order to raise the Soil Index to Index 3. Regular soil tests should be carried
out to ensure that soils are maintained within the agronomic optimum soil Index.
P and K offtakes in cereal crops
Table 16-7 shows offtakes per tonne of grain yield of P and K by cereal crops. While grain
yield is used to calculate offtakes provision is made in the values for offtake in the straw
where applicable. Note that higher K offtakes are likely in straw that is less mature (i.e.
slightly green).
Table 16-7: P and K offtakes in cereal crops (kg/ha) per tonne of grain yield
Straw Removed Straw not removed
Crop
P K P K
Winter Wheat / Barley 3.8 9.8 3.4 4.7
Spring Wheat / Barley 3.8 11.4 3.4 4.7
Oats 3.8 14.4 3.4 4.7
Source: (DEFRA, 2006)
Table 16-8 shows total P and K offtakes in high-yielding crops.
Table 16-8: Typical P and K offtakes in cereal crops (kg/ha)
Straw Removed Straw not removed
Crop Yield (t/ha)
P K P K
Winter Wheat1 11.0 42 108 37 52
Spring Wheat2 8.5 32 97 29 40
Winter Barley1 10.0 38 98 34 47
Spring Barley2 7.5 29 86 26 35
Winter Oats3 9.0 34 130 31 42
Spring Oats3 7.5 29 108 25 35
1. For winter wheat and winter barley crops where straw is also removed: increase or decrease
P by 3.8 kg/ha and K by 9.8 kg/ha for every 1 tonne grain yield increase or decrease
respectively from the yield indicated.
2. For spring wheat and spring barley crops where straw is also removed: increase or
decrease P by 3.8 kg/ha and K by 11.4 kg/ha for every 1 tonne grain yield increase or
decrease respectively from the yield indicated.
3. For oat crops where straw is also removed: increase or decrease P by 3.8 kg/ha and K by
14.4 kg/ha for every 1 tonne grain yield increase or decrease respectively from the yield
indicated.
Source: (DEFRA, 2006)
97"
100,16 Cereals,"Phosphorus advice
Yields from soils at Index 3 will normally be higher than from similar soils at Index 1 or 2,
irrespective of the amount of P applied to the lower index soils. Therefore, advice for P
fertilization of crops is based on maintaining soil test P levels at Index 3 by replacing
anticipated offtakes and where necessary (i.e. where the soil is at Index 1 or 2 for P) applying
P in addition to anticipated offtake so as to achieve Index 3. Maximum rates of P allowed by
law are specified in the NAP regulations, and shown in table 16-9. Phosphorus can be
supplied to cereal crops either as fertilizer or as organic manure.
Table 16-9: Annual maximum fertilization rates of P on cereal crops (kg/ha), as specified in
the NAP regulations
Soil P Index Available P (kg/ha)1,2,3
1 45
2 35
3 25
4 04
1. The fertilization rates for soils which have more than 20% organic matter shall not exceed
the amounts permitted for Index 3 soils.
2. P rates shown above refer to recommended application rates of available fertilizer.
Chemical fertilizer rates should be calculated by deducting the P contained in organic
fertilizer applications from the rates shown in the above table.
3. Where proof of higher yields is available, an additional 3.8 kg P/ha may be applied on soils
at phosphorus indices 1, 2, or 3 for each additional tonne above a yield of 6.5 tonnes/ha
(refer to Table 16-10) The higher yields shall be based on the best yield achieved in any of
the three previous harvests, at 20% moisture content.
4. Where pH is greater than or equal to 7, 20 kg P/ha may be applied on soils at phosphorus
Index 4.
Table 16-10: Available phosphorus advice for cereals based on crop yield (kg/ha)
Grain yield (t/ha) 2
Soil P
Index1
6.5 7.52 8.52 9.52 10.52 11.52
1 45 49 52 56 60 64
2 35 39 42 46 50 54
3 25 29 32 36 40 44
4 03 03 03 03 03 03
1. The table above shows the levels of P for cereal crops based on soil P index and crop yield.
2. Additional P can be applied on the basis of proof of higher grain achieved yields in anyone
of the previous 3 years at 20% MC. An additional 3.8 kg P/ha for each extra one tonne
above the base yield of 6.5t/ha can be applied.
3. Where pH is greater than or equal to 7, 20 kg P/ha may be applied on soils at phosphorus
index 4.
98"
102,16 Cereals,"Potassium advice
Advice for K fertilization of high-yielding cereals crops are shown in tables 16-11 and 16-12.
Soils, with a similar soil Index, may vary in their capacity to supply K to a crop. This will
largely depend on the mineralogy of the soil. Local knowledge of the ability of a soil to
supply K to a crop should be taken into account when determining the fertilizer K
requirements. In addition, a comparison of soil test results over time will give an indication
of the soils ability to supply K.
On sandy or organic soils, K levels will not build up, and it is necessary to apply adequate
levels of K each year. This is also true for K fixing soils, in which, for winter cereals, it may
be worthwhile to apply some of the K to the seedbed and the remainder the following spring.
Table 16-11: Available K advice for cereals where straw is removed (kg/ha)
CROP1
Soil K
Index Winter Winter Barley2 Spring Barley2 Winter Oats3 Spring Oats3
Wheat2 Spring Wheat3
1 140 130 115 160 140
2 125 115 100 145 125
3 110 100 85 130 110
4 0 0 0 0 0
:
1. Assumed crop yields
Winter wheat = 11 t/ha Spring wheat = 8.5 t/ha
Winter Barley = 10 t/ha Spring Barley = 7.5 t/ha
Winter oats = 9.0 t/ha Spring Oats = 7.5 t/ha
Rates above assume no release of K from the soil.
2. For winter wheat and barley crops increase or decrease K rate by 9.8 kg/ha per tonne
increase or decrease in grain yield.
3. For spring wheat and barley crops increase or decrease K rate by 11.4 kg/ha per tonne
increase or decrease in grain yield.
4. For oat crops increase or decrease K rate by 14.4 kg/ha per tonne increase or decrease in
grain yield.
At soil K Index 1 it is advisable that at least a portion of the total K be incorporated at or
before sowing. At soil K Indices 2-3, K can be incorporated prior to sowing or surface applied
after sowing. If compounds are used, restricted periods for P fertilizer application as set out in
the NAP must be observed.
100"
103,16 Cereals,"Table 16-12: Available K advice for cereals where straw is not removed (kg/ha)
CROP1
Soil K
Index Winter Wheat2 Spring Spring Winter Oats2 Spring Oats2
Winter Barley2 Wheat2 Barley2
1 80 70 65 75 65
2 65 55 50 60 50
3 50 40 35 45 35
4 0 0 0 0 0
1. Assumed crop yields:
Winter wheat = 11 t/ha Spring wheat = 8.5 t/ha
Winter Barley = 10 t/ha Spring Barley = 7.5 t/ha
Winter oats = 9.0 t/ha Spring Oats = 7.5 t/ha
Rates above assume no release of K from the soil.
2. For wheat, barley and oat crops: increase or decrease K rate by 4.7 kg/ha per tonne
increase or decrease in grain yield.
101"
105,17 Root Crops,"Table 16-13: Available Mg for cereal crops (kg/ha)
Soil Mg Index Available Mg (kg/ha)1,2
1 60
2 30
3 0
4 0
Source (DEFRA, 2010)
Copper
Copper deficiency is common in cereal crops. The availability of Cu is not greatly affected by
soil pH. Soil analysis is a reliable measure of soil available copper levels. High organic matter
e.g. in peats, can markedly reduce the availability of Cu. Copper deficiency occurs most
frequently in coarse-textured or sandy soils. In heavy textured soils, Cu deficiency is not
likely unless the soil Cu level falls below 1 mg/l (see Table 6-7) whereas on light textured
soils, deficiency may occur in soils containing up to 2.5 mg/l Cu.
Control of Cu deficiency in cereals can be achieved by soil application of 20 to 40kg/ha of
copper sulphate. The benefits will last for 5 to 10 years depending on soil type. Foliar
application of commercial Cu formulations (chelates / flowable / suspension concentrates)
will correct a deficiency in the year of application. The application rate will depend on
product Cu concentration. Frequently, more than one Cu spray is required because of the
relative immobility of Cu within the plant. Typically for a spring barley crop once a
deficiency is anticipated or identified, a foliar application should be applied at crop GS 14 –
15 and a follow up application where required at GS 30 – 31.
Manganese
Manganese deficiency is one of the most widespread deficiencies in cereals, especially at high
pH or with recently limed soils. Yield responses to Mn are found with cereals growing in soils
of pH 7 or more when the easily reducible Mn level in soil test falls below 50 mg/l (see table
6-9). Soil analysis (easily reducible manganese) is an indicator to soil Mn availability,
however, this is not fully reliable for predicting the occurrence of Mn deficiency. However,
leaf analysis is more reliable than soil analysis for diagnosis of possible Mn deficiencies.
Transitory Mn deficiency can also occur as a result of the conversion of Mn++, the plant
available form that is found in the soil solution, to manganese oxides and hydroxides which
are unavailable to plants, a process that occurs when it comes in contact with oxygen and is
more likely during periods of drying weather conditions or low soil moisture levels.
Conditions which increase the amount of air in the soil such as loose seedbeds or dry soils can
induce manganese deficiency. Seedbed consolidation plays an important role in increasing
Mn availability by increasing root to soil contact and reducing Mn oxidation. Manganese
deficiency that occurs as a result of dry soils will often be corrected by rainfall. Manganese
103"
107,17 Root Crops,"17. Root Crops
17.1 Potatoes
Lime
Although potatoes can grow very well below pH 6.0 it is necessary to maintain the soil at a
pH suitable for the other crops in the rotation. In a crop rotation with cereals on mineral soils
target soil pH levels of 6.3 for oats and 6.5 for most cereals will be required. Lime can take
years for full reaction with soil, and therefore needs to be applied in good time. Common scab
is caused by the organism Streptomyces scabies which is endemic in soils, and infection can
be exacerbated by fresh applications of lime. Therefore, lime should not be applied within the
two years preceding a potato crop because of the increased risk of common scab. At least 4
years should intervene between liming and sowing a seed potato crop.
Nitrogen
Potato cultivars differ in their N requirement and there is no correct standard rate of N for all
cultivars. Deep rooting varieties with very long haulm longevity such as Kerrs Pink and
Markies are effective nitrogen scavengers and may require lower application rates in certain
circumstances compared to those with medium or long haulm longevity. Varieties can be
divided into four distinct groups according to the haulm longevity (Table 17-1).
Table 17-1: Classification of varieties according to haulm longevity1 or maturity
Group
1 2 3 4
Partially determinate
Determinate varieties Intermediate varieties
varieties
Short haulm Medium haulm Long haulm Very long haulm
longevity1 longevity1 longevity1 longevity1
Premiere British Queen Rooster Markies
Home Guard Lady Rosetta Maris Piper Kerr’s Pink
Lady Claire Golden Wonder Cara
Nectar, Record
Maris Peer Electra
Charlotte
1. Haulm longevity assessed from 50% emergence to haulm death.
The main effect of N is to increase canopy size and prolong its duration. Yield increases from
higher nitrogen rates will only result if harvest is delayed to take advantage of the extended
canopy duration and consequent solar interception. However, this is more likely up to
September as yield increases are small from mid-September onwards due to reduced solar
radiation intensity. Also harvesting prior to canopy maturity may result in reduced dry
matter/specific gravity and after cooking blackening in some cultivars. Where sowing date is
delayed, nitrogen rates should be reduced accordingly. Thus, where tuber quality is important
105"
108,17 Root Crops,"it is essential not to use high amounts of N in the event of a restricted growing season. The
recommended available N rates are shown in Table 17-2. For most crops apply the nitrogen
to the seedbed prior to planting. However, where the risks of leaching are high (light or
shallow soils) a top dressing of no more than one third of the total can be considered but
should be applied well before canopy closure.
For early, second early and late maturing cultivars high N delays maturity therefore it is
important to avoid over-use. The recommendations below take into account the length of
growing period from planting to burn off. Where planting is delayed or early burn off is
predicted to meet early market demands N use should be reduced accordingly.
Table 17-2: Available N advice for potatoes (kg/ha)2
Length of Variety Soil N Index1
growing determinacy
Index 1 Index 2 Index 3 Index 4
season group
---------------------- Available N ----------------------
1 100 -140 80 -120 60 -100 40 -60
< 60 days
2 80 -120 60 -100 40 -70 0 - 40
3 60 -100 50 - 80 30 - 60 0 - 30
4 N/A N/A N/A N/A
1 160 - 210 140 – 170 120 - 150 90 - 120
60-90 days
2 100 – 160 70 – 130 50 - 110 40 - 80
Earlies
3 60 – 140 50 – 110 30 – 90 0 – 60
4 40 – 80 30 – 50 10 – 40 0- 40
1 220 - 270 200 – 230 180 – 210 150 – 180
90-120 days
2 150 – 220 120 – 170 100 – 150 80 – 120
Maincrop/Seed
3 110 – 180 90 – 110 70 – 90 40 – 60
4 80 – 140 50 – 70 40 -50 0 - 40
1 N/A N/A N/A N/A
>120 days
2 190 – 250 160 – 190 140 – 170 120- 140
Maincrop
3 150 – 210 130 – 150 110 – 130 80 – 100
4 100 – 180 70 – 90 50 – 70 20 – 40
1. See Tables 6-2 and 6-3 for soil N Index.
2. Note higher levels of available N than are currently allowable under the NAP regulations
are recommended for potato crops when growing season length by variety determinacy
group are considered.
3. Available N rate will need to be considered with crop factors such as soil type, field
history, sowing date, and market requirements etc.
106"
109,17 Root Crops,"Examples of recommended N for potato crop types are as follows Table 17-3 and Table 17-5.
Table 17-3: Example 1. Main Crop Rooster planted into long term tillage land (Index 1)
Length of growing Variety determinacy Available N
Index 1
season group (kg/ha)
>120 days
3 1 170 kg/ha1
Main crop
1. Recommended maximum N rate – for Rooster which has high soil N utilisation is not
recommended to apply more than 170 kg/ha N.
Table 17-4: Example 2. British Queen planted into long term tillage land (Index 1)
Length of growing Variety determinacy Available N
Index 1
season group (kg/ha)
90 -120 days
2 1 150 kg/ha1
Second early
1. Recommended maximum N rate – for British Queen which has medium soil N utilisation is not
recommended to apply more than 150 kg/ha N as a second early.
Salad potatoes are grown at higher seed densities, for smaller tuber sizes and for a very short
growing season and hence require less N. Most salad potato varieties fall into haulm longevity
group 1 or 2.
Table 17-5: Available N advice for salad / baby potatoes (kg/ha)
Length of Variety Soil N Index1
growing determinacy
Index 1 Index 2 Index 3 Index 4
season group
1 60-100 50-90 40-80 30 -60
< 60 days
Salads 2 50-90 40-80 30 -70 0 - 40
1 80-120 60-100 40-80 30-70
60-90 days
Salads 2 70-110 50-100 40-90 30-70
1. See Tables 6-2 and 6-3 for soil N Index.
Phosphorus and Potassium
Potatoes are very responsive to P and K and it is necessary to apply these nutrients even at
Index 4 (Table 17-6). All the P should be applied at sowing time but some of the K can be
applied the previous autumn. Adequate supplies of available phosphorus are necessary to
promote high tuber numbers per plant. Phosphorus will play an important part in the
formation of tubers, especially for salad and seed crops where high tuber numbers are
required to achieve economic marketable yield.
Potassium regulates the amount of water in the plant, where there is insufficient potassium,
crops will not use water efficiently. Potassium will also help the crops to withstand stress
caused by drought, heat, waterlogging, etc. The use of potassium sulphate is associated with
higher dry matter crops. Lower dry matter when using potassium chloride can result due to
higher plant water caused by increased chloride supply. Excessive chloride uptake can also
107"
110,17 Root Crops,"reduce starch content of the tubers. However, these potential effects of potassium chloride can
be mitigated by using lower application rates or applying 6-8 weeks ahead of planting.
The most efficient method of application of fertilizers to potatoes is by placing it in bands
about 50 mm to the side and 50 mm below the level of the seed. Avoid high rates of placed
potassium chloride as this can result in damage to the emerging sprouts. Apply the
phosphorus and potassium to the seedbed and work into the soil prior to planting or placed at
planting.
Table 17-6: P and K broadcast rates for potatoes1 (kg/ha)
Soil P, K
P K
Index2
Maincrop
1 125 305
2 100 245
3 75 185
4 503 120
Earlies
1 125 170
2 115 140
3 100 110
4 503 80
Salad
1 125 245
2 115 185
3 100 120
4 853 65
Seed
1 125 170
2 115 140
3 100 110
4 853 80
1. Where all the fertilizer is band-placed, or broadcast on the open drills, the
recommended rates can be reduced by 20%.
2. Table 6-4 for soil P Index, and Table 6-5 for soil K Index.
3. Where soil P test is above 15 mg/l, no fertilizer P is necessary.
108"
112,17 Root Crops,"Maximum chemical fertilizer N and P allowed for potatoes in compliance with the NAP
regulations.
Maximum chemical fertilizer N and P rates allowed under the NAP regulations are shown in
Table 17-7.
Table 17-7: Annual maximum fertilisation rates of available N and P for potatoes1 (kg/ha)
as specified in the NAP regulations
Soil N, P, K
N P
Index
Main crop
1 170 125
2 145 100
3 120 75
4 95 503
Early
1 155 125
2 130 115
3 105 100
4 80 503
Seed
1 155 125
2 130 115
3 105 100
4 80 853
1. See Tables 6-2 and 6-3 for soil N Index and Table 6-4 for soil P Index.
110"
113,17 Root Crops,"17.2 Fodder Beet and Sugar Beet
Soil pH
The pH for beet should be at or above 6.8. Apply lime as recommended on the soil test report
and incorporate into the seedbed before sowing the crop.
Nitrogen
N advice for fodder beet and sugar beet is shown in Table 17-8. Note that in higher summer
rainfall areas, more N is required to achieve optimum yields. Nitrogen, phosphorus and
potassium fertilizers should be applied during soil cultivations and worked in to the top 5 to
10cm of soil. Of the total N to be applied, it is recommended that 30 to 40 kg N/ha is applied
at the 2 to 4 leaf stage of the beet crop.
Table 17-8: Available N for fodder beet and sugar beet subject to different rainfall
amounts1(kg/ha)
Rainfall (mm) April-June
Soil N Index2
140 200 260
1 165 175 185
2 135 145 155
3 95 105 115
4 60 70 80
1. For late-sown crops, reduce N by 20% if sown after April.
2. See Tables 6-2 and 6-3 for Soil N index.
Phosphorus, Potassium, Sodium and Magnesium
The P, K and Mg nutrient and trace element advice for fodder beet are given in Table 1-9 and
the accompanying footnotes. Although uptake of P by fodder beet and sugar beet is low
compared with N and K, fertilizer P inputs are important because of high response by the beet
crop.
Table 17-9 relates to non-K fixing soils of average clay content with adjustments for K-fixing
and clayey soils. Beet has a high K requirement, in common with other carbohydrate-
producing root crops. Although Na can substitute for K, it cannot completely replace the K
requirement. There is no detrimental effect from using Na at levels found in beet compounds.
Take account of the nutrient (N, P & K) inputs from organic manures (refer to chapter 9
organic manures) and adjust fertilizer advice in table 17-8 and 17-9 accordingly.
Where the soil test for Mg is 50 mg/l or less (see Table 6-6), a response to Mg application is
possible, although there is very little experimental evidence for such a response. Magnesium
limestone should be used when lime is required on soils of Mg indices 1 or 2.
111"
114,18 Other Arable Crops,"Table 17-9: P, K, Na and Mg advice for fodder beet and sugar beet for non-K fixing
soils1of average clay content2(kg/ha)
Soil P, K, Mg
P K Mg
Index3
1 70 320 100
2 55 240 50
3 40 160 0
4 204 80 0
1. Add 70kg/ha K for K fixing Athy soil series.
2. Subtract 50 kg /ha K for micaceous, clayey east Cork soils.
3. See Table 6-4 for soil P Index, Table 6-5 for soil K Index, and Table 6-6 for soil Mg
Index.
4. Where soil P test is above 15 mg/l, no fertilizer P is necessary.
Sulphur
A response to S has been observed on sandy loam. This element is included in beet
compounds. If not included it should be supplied at 20 kg/ha on S responsive soils.
Magnesium
A magnesium deficiency maybe observed on light sandy soils during dry / cold periods. Mg is
advisable if soil Mg is less than about 50 mg/l (Index 1 & 2). On such soils, use magnesium
limestone when liming is necessary. Where there is no lime requirement, Mg should be
supplied with Mg-containing fertilizers once every 3 to 4 years as per table 17-9. If a crop
deficiency appears, Mg chelate or other recommended inorganic formulation can be applied
by spraying. Magnesium sulphate (epsom salts) is widely used to correct Mg deficiency and
comes with the benefit of additional small quantity of S. Magnesium deficiency symptoms
can be transitory in nature, often occurring early in the season when root growth is restricted
but disappearing again as root growth resumes.
Boron
Boron leaches readily from all soils. This effect is severe in light sandy soils and less so in
heavy soils but B application is generally necessary for all beet crops and especially for sugar
beet. Boron uptake is severely restricted during periods of drought in all soil types. Thus, even
when soil concentrations are above the critical level, B deficiency can still occur in sensitive
crops. Where deficiency is likely to occur, a source of B may be included in the fertilizer to
supply 3.0 kg/ha of B, preferably applied to the seedbed. Where the soil test results (hot water
extractable B) are less than 1 mg/l B, it may be worthwhile to supplement the soil application
with one or more foliar sprays. Foliar applications of boron should be made according to the
product manufacturer’s recommendations which will normally be once there is sufficient
ground cover for absorption, typically the 4-6 leaf stage. Repeat applications may be required
where deficiency is severe.
112"
116,18 Other Arable Crops,"17.3 Swedes / Turnips
Soil pH
The pH for swedes should be above 6.5. Apply lime as recommended on the soil test report
and incorporate into the seedbed before sowing the crop.
Nitrogen, Phosphorus and Potassium
In general, the N, P and K fertilizer applications for Swedes and turnips (Table 17-10) should
be broadcast after the land has been cultivated and just before ridging, thus ensuring that it is
concentrated in the centre of the ridge and near to the developing roots.
Table 17-10: N, P and K for swedes and turnips (kg/ha)
Soil N, P, K
N3 P K
Index1
1 90 70 250
2 70 60 200
3 40 40 170
4 20 402 125
1. See Tables 6-2 and 6-3 for soil N Index, Table 6-4 for soil P Index, and Table 6-5 for
soil K Index.
2. If soil P value is above 15 mg/l, no fertilizer P is necessary.
3. Top-dressings are not usually required, however, following wet seasons where crops
are backward, top dress with up to 30 kg/ha N.
Take account of the nutrient (N, P & K) inputs from organic manures (refer to chapter 9
organic manures and adjust fertiliser advice in table 17-10 accordingly).
Sulphur
Swedes and turnips respond to the application of S on sandy soils. A dressing of 25 kg/ha S
should be adequate.
Boron
Swedes / turnips have a similar requirement for B as sugar beet (see Boron for Sugar Beet
remarks). Boronated compounds should be used.
114"
117,18 Other Arable Crops,"18. Other Crops
18.1 Oil Seed Rape
Soil pH
The soil pH for oil seed rape should be above 6.5.
Nitrogen management for winter oilseed rape
 For backward crops or crops grazed extensively by pigeons a light dressing (30kg
N/ha) should be applied at the onset of spring growth (late Feb to early March), a third
of the remainder should be applied 10 days later and the final dressing in early April.
 On moderate crops, one third of the N should be applied in mid -March with the rest
applied in early April.
 On large crops with lots of leaf area post winter, early N will encourage excessive
vegetative growth and applications should be delayed with the first third of the total
applied in late March/early April and the remainder applied as late as possible whilst
still allowing a uniform spread pattern between the tramlines (before the crop gets too
tall).
This approach can be further refined by assessing the extent of green or leaf area development
post winter using image analysis (mobile phone apps). A green area index (GAI) of 0.5 or
less can be considered ‘backward’ or grazed. 0.5 to 1.5 would be normal, while anything in
excess of 1.5 at the end of February would be considered large.
Nitrogen management for spring oilseed rape
For spring oilseed rape some nitrogen will normally be applied to the seedbed, but no more
than 50 kg/ha N should be applied to reduce the risk of poor establishment. The remainder of
the nitrogen will be applied between the two true leaf stage and the early stem extension
stage.
Nitrogen, P and K advice for oil seed rape is shown in Table 18-1
Table 18-1: Available N, P and K (kg/ha) for oil seed rape yielding 5t/ha
Soil N, P, K
N2 P K
Index1
1 225 55 105
2 180 45 90
3 160 35 75
4 140 0 0
1. See Tables 6-2 and 6-3 for soil N Index, Table 6-4 for soil P Index, and Table 6-5 for
soil K Index.
2. Crop N fertilizer requirements may be limited by the NAP regulations, where available N
is calculated based on crop Green Area Index (GAI) system for backward / intensively
grazed crops.
115"
118,18 Other Arable Crops,"Sulphur
Oil seed rape responds to the application of S on most soils but particularly on those that are
not frequently receiving organic manures are light or low in organic matter. Application of 20
to 30 kg/ha S will normally be adequate, with the higher rates being applied on lighter soils.
The timing is not critical and Sulphur should be applied with the nitrogen.
Magnesium
If the soil Mg is Index 1 (see Table 6-6), apply a source of Mg. Use magnesium limestone if
the pH is low. Where there is no lime requirement, Mg should be supplied with Mg-
containing fertilizers once every 3 to 4 years as per table below. If a crop deficiency appears,
Mg chelate or other recommended inorganic formulation can be applied by spraying.
Magnesium sulphate (epsom salts) is widely used to correct Mg deficiency and comes with
the benefit of additional small quantity of S.
Table 18-2: Available Mg for oilseed rape crops (kg/ha)
Soil Mg Index Available Mg (kg/ha)
1 60
2 30
3 0
4 0
Source (DEFRA, 2010)
Boron
Boron should be routinely applied to oil seed rape especially when the soil test is below 1
mg/l. Severe B deficiency causes stunting and brittle petioles, but relatively mild deficiency
results in poor seed set and a reduction in seed numbers per pod and seed weight. These
conditions can also be induced by severe summer drought.
Normally B should be applied to winter oilseed rape at the onset of spring growth either in a
compound fertilizer or more commonly as a foliar application. In situations where there is a
high risk of deficiency e.g. low soil B levels, high pH, sandy soil, an autumn application
should be applied. For spring oilseed rape an application should be made soon after
emergence when there is good crop cover or alternatively it may be applied as a component of
a compound fertilizer before sowing. Boron applications should be completed before the
onset of flowering.
116"
119,18 Other Arable Crops,"18.2 Field Peas and Beans
pH
The optimum soil pH for field peas and beans is around 6.8.
Nitrogen
Nitrogen is not required for field peas or beans. Research at Oak Park has shown no benefit of
nitrogen application at sowing.
Phosphorus and Potassium
Phosphorus and K advice for field peas and beans is given in Table 18-3. On low P soils
(Index 1 and 2) combined drilling some P at sowing time with beans has shown to increase
crop vigour, pod number and overall bean yield. If combine drilling P-K compounds care
should be taken to keep K levels low (< 60 kg/ha) to avoid the risk of adversely affecting
germination.
Table 18-3: P and K for field peas and beans(kg/ha)
Peas Beans
Soil P, K Index1
P K P K
1 40 125 502 125
2 25 60 402 60
3 20 40 203 40
4 None None None None
1. See Table 6-4 for soil P Index and Table 6-5 for soil K Index.
2. For P Index 1 and 2 soils P should be placed at sowing time.
3. For Index 3 soils fertilizer should be broadcast after ploughing and cultivated deeply into
the seedbed.
Magnesium
Field peas and beans may respond to the application of Mg at soil Index 1 (see Table 6-6).
Boron
Field peas and beans should not be drilled in soils that have been treated with B; i.e. they
should not follow cases of crop failure that have been treated with B.
117"
121,18 Other Arable Crops,"Table 18-4: Available N, P and K for maize (kg/ha), assuming a dry matter yield of
15 t/ha and not accounting for slurry application1
Soil N, P, K
N P K
Index2
1 180 70 250
2 140 50 225
3 110 40 190
4 75 203 1204
1. N, P and K rates shown above refer to application rates of available fertilizer.
Chemical fertilizer rates should be calculated by deducting the available N, P
and K contained in organic fertilizer applications from the rates shown in the
above table.
2. See Tables 6-2 and 6-3 for Soil N Index, Table 6-4 for soil P Index, and Table
6-5 for soil K Index.
3. Must be incorporated prior to or during sowing.
4. No fertilizer K is required when soil K is above 250 mg/l.
Magnesium
The Index system for Mg is given in Table 6-6. Magnesium deficiency can be a problem
when the soil Mg is less than Index 2. Magnesium limestone is the most common form of Mg
fertilizer. Where soil pH is already optimal, other fertilizers containing Mg such as Kieserite
(magnesium sulphate) may be used once every 3 to 4 years as per table 18-5. Crops deficient
in Mg should be treated with Mg chelate or a recommended inorganic formulation. During
cold weather in April/May, most maize crops will show deficiency symptoms. These will
often be evident even where Mg levels are adequate. Always check soil analysis results before
applying nutrients.
Table 18-5: Available Mg for maize (kg/ha)
Soil Mg Index Available Mg (kg/ha)1,2
1 60
2 30
3 0
4 0
Source (DEFRA, 2010)
Zinc
Maize is very sensitive to Zn deficiency during May and June. When deficiency is identified
(see Table 6-8), spray with Zn Sulphate (5 kg/ha), Zn chelate or inorganic formulation as
required. Foliar applications of zinc will normally be made after the 3-8 leaf stage. Repeat
applications may be required if the deficiency is severe.
119"
123,19 Organic Farming,"18.4 Kale
Advised N, P and K rates for kale are shown in Table 18-6.
Generally all fertilizer will be applied before sowing and incorporated into the soil.
Brassicas have a requirement for sulphur and an application of 15-20 kg S/ha should be made,
particularly on light soils or soils with low organic matter where sulphur deficiency is more
likely.
Brassicas can benefit from an application of boron particularly on light sandy soils where soil
boron levels can be low.
Trace element applications should be made based on soil test results or where deficiencies
have been experienced previously.
Table 18-6: Available N, P and K for kale1,2(kg/ha)
Soil Index3 N P K
1 150 60 220
2 130 50 210
3 100 30 170
4 70 0 0
1. For late-sown crops, reduce N by 20% if sown after April.
2. Advice assumes a yield of 40 tonnes/ha per cut, fresh weight. If yields are expected
to be smaller, reduce the P and K application by 0.5 and 4 kg/ha for each tonne
below 40.
3. See Tables 6-2 and 6-3 for soil N Index, Table 6-4 for soil P Index, and Table 6-5 for
soil K Index.
121"
124,19 Organic Farming,"18.5 Linseed
Advised N, P and K rates for kale are shown in Table 18-7.
Table 18-7: N, P and K for linseed (kg/ha)
Soil P, K Index1 N P K
1 75 35 75
2 50 30 60
3 35 20 40
4 20 None None
1. See Tables 6-2 and 6-3 for soil N Index, Table 6-4 for soil P Index, and Table 6-5 for
soil K Index.
18.6 Forage Rape
Nitrogen, Phosphorus and Potassium
The N, P and K requirements for forage rape are shown in Tables 18-8. Normally all the N, P
and K requirements should be applied before sowing and incorporated into the soil. Forage
rape will normally be sown from mid-May to mid-August and fertilizer guidance in Table 18-
8 relates to these crops.
Where forage rape is sown after harvest of a cereal crop, with the intention of providing
livestock grazing, sowing can be delayed until after the optimum sowing window (e.g. when
sown after a spring cereal crop) and yields will be considerably reduced. Research has
indicated that yield of forage rape sown at the end of August is less than 30% of that sown at
the beginning of August. Nutrient inputs, particularly nitrogen, should therefore be reduced.
Brassicas have a requirement for sulphur and an application of 15-20 kg S/ha should be made,
particularly on light soils or soils with low organic matter where sulphur deficiency is more
likely.
Brassicas can benefit from an application of boron particularly on light sandy soils where soil
boron levels can be low. Trace element applications should be made based on soil test results
or where deficiencies have been experienced previously.
Table 18-8: Available N, P and K for forage rape (kg/ha)
Soil Index1 N P K
1 130 40 100
2 120 30 75
3 110 20 50
4 90 0 0
1. See Tables 6-2 and 6-3 for soil N Index, Table 6-4 for soil P Index, and Table 6-5 for
soil K Index.
122"
125,19 Organic Farming,"18.7 Cover crops, catch crops, green manures
Vegetation established in the fallow period between two cash crops is variously referred to as
cover crops, catch crops or green manures, with the principle functions of reducing nutrient
loss from the soil, reducing soil erosion and/or improving soil characteristics such as organic
matter levels. Unlike crops being grown as fodder/forage crops these crops are generally not
harvested and therefore don’t have a direct economic value (i.e. no harvested product for
sale). Therefore, while cover/catch crops may respond to fertilizer application in terms of
biomass production, it is difficult economically to justify the application of fertilizer to these
crops (crops being grown for forage/fodder e.g. fodder rape and kale, do have a direct
economic value and therefore can give a direct economic return on fertilizer application).
Applying fertilizer to a cover/catch crop with the aim of benefiting from that fertilizer
addition in the subsequent cash crop is likely to significantly reduce economic benefit from
fertilizer use compared to where fertilizer is applied directly to the cash crop.
123"
129,19 Organic Farming,"There are two main approaches to using legumes, either as a two or more year mixed pasture
or as short term green manure crops. A multi-year pasture containing white or more especially
red clover can fix large amounts of N and will always consistently and considerably out-
perform shorter term green manures. The N is stored in biological material which is released
by mineralisation. This N release is a temperature dependent process, which means that more
N is released in the warmer summer months than cooler winter months. This pattern of N
release reasonably corresponds with crop requirements, the exception being in early spring.
Leguminous crops can fix considerable amounts of N. While the majority of the fixed N is
likely to be removed in the crop, a considerable quantity of N can also be returned to the soil
which can potentially benefit the following crop in the rotation (Table 19-1).
Table 19-1. Typical amount of N fixed in one year by different crops, and of the amount
remaining after harvest.
Amount of N Amount of N remaining after
Crop
fixed kg/yr1 harvest kg/yr1
Red clover silage 160 to 450 50 to 150
White clover & grass silage 70 to 420 20 to 180
White clover & grass grazed 60-250 50 to 210
Forage peas (summer crop) 80 to 290 40 to 110
Field been grain crop (summer crop) 200-380 90-150
1. These figures were obtained from international sources and may not be fully
representative of Irish agriculture.
For permanent grazing pastures, white clover is the best option as it survives regular
defoliation by grazing. White clover is quite versatile as it is suited to both silage (1 cut) and
grazing systems and it can persist for a reasonably long period (5 -10 years). For shorter term
silage only and stockless systems, red clover is preferred as this will fix more atmospheric N
and produce a higher yield and protein crop although it is less persistent than white clover. To
maximise productivity from newly sowed white and red clover-grass pastures, white clover
should comprise 15-20% of the seed weight for the former, while red clover should comprise
30-50% of the seed weight for the latter. Clover populations are also self-regulating: as soil N
builds up they become less competitive with grass and so populations reduce, while in low N
soils they will dominate. This is known as the ‘clover cycle’.
Due to the large amounts of N fixed under pasture, great care must be taken when terminating
leys to avoid large N losses. Practices that minimise N loss are minimum-tillage and
cultivating either when the soil is dry as this prevents leaching, and/or during cold periods as
this minimises mineralisation. Practices that will cause large N losses are ploughing and other
deep loosening cultivations and tilling the soil when it is both warm and when water is
draining from the soil, i.e., during typical autumn conditions. Losses of over 120 kg N/ha
from inappropriate termination of leys have been recorded which represents a large financial
loss to the farmer and significant loss to the environment.
127"
136,20 Vegetables,"Organic Manures
The fertilizer advice given in Tables 20-1 to 20-40 is based on the assumption that livestock
manure is not used. However, fertilizer application may be reduced where organic manures
are available, with the extent of the reduction based on manure type and nutrient values - see
chapter 9 - organic manures. However, the nutrients in different organic manures vary widely
with dry matter content and season of application, thus it is suggested that fertilizer dressings
be modified to take these factors into account. It is good practice to test organic manures in
advance of application to determine their actual nutrient values. Although the use of livestock
manures can be very beneficial for vegetable crops, it is essential under the NAP that the
quantities of N and P nutrients they contain are accounted for in deciding on the nutrition of
the crop.
20.2 Specific Advice for Vegetables
Asparagus
Available N, P and K recommendations for establishing and maintaining asparagus crops are
shown in tables 20-1 and 20-2.
Table 20-1: Available N, P and K advice for establishing asparagus crops (kg/ha)
Soil Index N P K
1 140 65 250
2 115 45 200
3 95 35 170
4 70 201 1252
1. If soil P is greater than 15 mg/l, no fertilizer P is necessary.
2. If soil K is greater than 250 mg/l, no fertilizer K is necessary.
Nitrogen
Apply 70 – 140 kg/ha N as a base dressing for establishing asparagus crops.
Table 20-2: Available N, P and K advice for maintaining asparagus crops (kg/ha)
Soil Index N P K
1 0 27 100
2 0 22 75
3 0 15 50
4 0 101 502
1. If soil P is greater than 15 mg/l, no fertilizer P is necessary.
2. If soil K is greater than 250 mg/l, no fertilizer K is necessary.
Nitrogen
For top dressing, apply 30 - 70 kg/ha N at the end of the cutting period.
134"
137,20 Vegetables,"Broad Beans
Available N, P and K recommendations for broad bean crops are shown in table 20-3.
Table 20-3: Available N, P and K advice for broad bean crops (kg/ha)
Soil Index N P K
1 0 65 160
2 0 45 120
3 0 35 80
4 0 201 402
1. If soil P is greater than 15 mg/l, no fertilizer P is necessary.
2. If soil K is greater than 250 mg/l, no fertilizer K is necessary.
Nitrogen
No N required as broad beans are a nitrogen fixing crop.
French Beans
Available N, P and K recommendations for french bean crops are shown in table 20-4.
Table 20-4: Available N, P and K advice for French bean crops (kg/ha)
Soil Index N P K
1 90 65 160
2 85 45 120
3 75 35 80
4 70 201 402
1. If soil P is greater than 15 mg/l, no fertilizer P is necessary.
2. If soil K is greater than 250 mg/l, no fertilizer K is necessary.
Boron
Beans are sensitive to high levels of boron so boronated compound fertilizers should not be
used.
135"
138,20 Vegetables,"Beetroot
Available N, P and K recommendations for beetroot crops are shown in table 20-5.
Table 20-5: Available N, P and K advice for beetroot crops (kg/ha)
Soil Index N P K
1 140 65 250
2 125 45 200
3 105 35 170
4 90 201 1252
1. If soil P is greater than 15 mg/l, no fertilizer P is necessary.
2. If soil K is greater than 250 mg/l, no fertilizer K is necessary.
Nitrogen
Apply 90 – 140 kg/ha N as a base dressing.
Boron
Beet is subject to a disorder known as 'Canker' caused by boron deficiency. Boronated
compound fertilizer should be used or 11 – 22 kg/ha Solubor DF (17.5% B) can be applied.
Monitor crops and apply foliar B during the growing season if required.
136"
139,20 Vegetables,"Brussels Sprouts
Available N, P and K recommendations for brussels sprouts crops are shown in table 20-6.
Table 20-6: Available N, P and K advice for brussels sprouts crops (kg/ha)
Soil Index N P K
1 120 65 250
2 115 45 200
3 105 35 170
4 100 201 1252
Top Dress 180
1. If soil P is greater than 15 mg/l, no fertilizer P is necessary.
2. If soil K is greater than 250 mg/l, no fertilizer K is necessary.
Nitrogen
Depending on soil fertility, apply a base dressing of 100 – 120 kg/ha N. Top dressings of N
can be applied up to 180 kg/ha.
Boron
Use a boronated compound fertilizer or 11 – 22 kg/ha Solubor DF (17.5% B) can be applied.
Monitor crops and apply foliar B during the growing season if required.
Broccoli
Available N, P and K recommendations for broccoli crops are shown in table 20-7.
Table 20-7: Available N, P and K advice for broccoli crops (kg/ha)
Soil Index N P K
1 120 65 250
2 115 45 200
3 100 35 170
4 90 201 1252
Top Dress 120
1. If soil P is greater than 15 mg/l, no fertilizer P is necessary.
2. If soil K is greater than 250 mg/l, no fertilizer K is necessary.
Nitrogen
Depending on soil fertility, apply 90 – 120 kg/ha N as a base dressing. If top dressings are
required apply up to 120 kg/ha.
Boron
Use a boronated compound fertilizer or 11 kg/ha Solubor DF (17.5% B) can be applied.
Monitor crops and apply foliar B during the growing season if required.
137"
140,20 Vegetables,"Cabbage
Available N, P and K recommendations for spring cabbage and other cabbage crops are
shown in table 20-8 and 20-9.
Table 20-8: Available N, P and K advice for spring cabbage crops (kg/ha)
Soil Index N P K
1 50 65 250
2 35 45 200
3 15 35 170
4 0 201 1252
Top Dress 250
1. If soil P is greater than 15 mg/l, no fertilizer P is necessary.
2. If soil K is greater than 250 mg/l, no fertilizer K is necessary.
Nitrogen
Depending on soil fertility apply 0 to 50 kg/ha N as a base dressing. If the crop follows early
potatoes little or no N base dressing will be required. Heavy top dressings are required in the
January to March period. Apply up to 250 kg/ha N in 2 split applications.
Table 20-9: Available N, P and K advice for other cabbage crops (kg/ha)
Soil Index N P K
1 150 65 250
2 135 45 200
3 115 35 170
4 100 201 1252
Top Dress 100
1. If soil P is greater than 15 mg/l, no fertilizer P is necessary.
2. If soil K is greater than 250 mg/l, no fertilizer K is necessary.
Nitrogen
Depending on soil fertility apply 100 to 150 kg/ha N as a base dressing. Top dressings can be
applied up to 100 kg/ha.
138"
141,20 Vegetables,"Cauliflower
Available N, P and K recommendations for winter and spring cauliflower crops are shown in
table 20-10.
Table 20-10: Available N, P and K advice for winter and spring cauliflower crops
(kg/ha)
Soil Index N P K
1 75 65 250
2 50 45 200
3 25 35 170
4 0 201 1252
Top Dress 150
1. If soil P is greater than 15 mg/l, no fertilizer P is necessary.
2. If soil K is greater than 250 mg/l, no fertilizer K is necessary.
Nitrogen
Depending on soil fertility apply 0 – 75 kg/ha N as a base dressing. Top dressings can be
applied up to 150 kg/ha.
Available N, P and K recommendations for summer and autumn cauliflower crops are shown
in table 20-11.
Table 20-11: Available N, P and K advice for summer and autumn cauliflower crops
(kg/ha)
Soil Index N P K
1 120 65 250
2 85 45 200
3 65 35 170
4 40 201 1252
Top Dress 120
1. If soil P is greater than 15 mg/l, no fertilizer P is necessary.
2. If soil K is greater than 250 mg/l, no fertilizer K is necessary.
Nitrogen
Depending on soil fertility apply 0 – 120 kg/ha N as a base dressing. If top dressings are
required apply up to 120 kg/ha.
139"
142,20 Vegetables,"Carrots
Available N, P and K recommendations for carrot crops are shown in table 20-12.
Table 20-12-: Available N, P and K advice for carrot crops (kg/ha)
Soil Index N P K
1 90 65 250
2 70 45 200
3 40 35 150
4 0 201 110
1. If soil P is greater than 15 mg/l, no fertilizer P is necessary.
2. If soil K is greater than 250 mg/l, no fertilizer K is necessary.
Nitrogen
Depending on soil fertility, apply 0 – 90 kg/ha N as a base dressing. Top dressings are usually
not required.
Potassium
Sulphate of potash is the preferred form of K for carrots.
Boron
The disorder known as ‘5 o’clock shadow’ is caused by a deficiency of B, so the use of a
boronated compound is recommended. Alternatively, 11 - 22 kg/ha Solubor DF (17.5% B)
can be applied. Monitor crops and apply foliar B during the growing season if required.
140"
143,20 Vegetables,"Celery
Available N, P and K recommendations for celery crops are shown in table 20-13.
Table 20-13: Available N, P and K advice for celery crops (kg/ha)
Soil Index N P K
1 120 88 375
2 85 65 300
3 65 55 250
4 50 281 2002
Top Dress 180
1. If soil P is greater than 15 mg/l, no fertilizer P is necessary.
2. If soil K is greater than 250 mg/l, no fertilizer K is necessary.
Nitrogen
Depending on soil fertility, apply 50 – 120 kg/ha N as a base dressing. Celery has a high N
requirement and a top dressing of up to 180 kg/ha N as required depending on the N status of
the soil.
Potassium
Celery has a high demand for K, so care should be taken to ensure that adequate levels are
applied to the crop.
Boron
Celery is sensitive to B deficiency which causes the disorder known as ‘Cat’s Claw’. Use a
boronated compound fertilizer or 11 kg/ha Solubor DF (17.5% B) can be applied. Monitor
crops and apply foliar B during the growing season if required.
Blackheart (Calcium deficiency)
Use calcium nitrate as a N top dressing material and ensure that the crop is irrigated whenever
necessary. Additional foliar applications with calcium nitrate at 3-4 kg/ha could also be
considered.
141"
144,20 Vegetables,"Courgettes
Available N, P and K recommendations for courgette crops are shown in table 20-14.
Table 20-14: Available N, P and K advice for courgette crops (kg/ha)
Soil Index N P K
1 140 65 250
2 125 45 200
3 105 35 150
4 90 201 1002
1. If soil P is greater than 15 mg/l, no fertilizer P is necessary.
2. If soil K is greater than 250 mg/l, no fertilizer K is necessary.
Nitrogen
Depending on soil fertility 90 – 140 kg/ha should be applied as a base dressing.
Leeks
Available N, P and K recommendations for leek crops are shown in table 20-15.
Table 20-15: Available N, P and K advice for leek crops (kg/ha)
Soil Index N P K
1 150 65 250
2 130 45 200
3 100 35 150
4 80 201 1002
Top Dress 150
1. If soil P is greater than 15 mg/l, no fertilizer P is necessary.
2. If soil K is greater than 250 mg/l, no fertilizer K is necessary.
Nitrogen
Hybrid varieties of leeks require more nitrogen than the older open pollinated varieties.
Depending on soil fertility 80 - 150 kg/ha should be applied as a base dressing. Up to 150
kg/ha may be applied as a top dressing.
142"
145,20 Vegetables,"Lettuce
Available N, P and K recommendations for lettuce crops are shown in table 20-16.
Table 20-16: Available N, P and K advice for lettuce crops (kg/ha)
Soil Index N P K
1 100 80 250
2 90 60 200
3 80 40 150
4 70 201 1002
Top Dress 50
1. If soil P is greater than 15 mg/l, no fertilizer P is necessary.
2. If soil K is greater than 250 mg/l, no fertilizer K is necessary.
Nitrogen
Depending on soil fertility 70 – 100 kg/ha N should be applied as a base dressing. Up to 50
kg/ha N may be applied as a top dressing.
Potassium
The preferred form of K for lettuce is sulphate of potash.
Onions
Available N, P and K recommendations for onion crops are shown in table 20-17.
Table 20-17: Available N, P and K advice for onion crops (kg/ha)
Soil Index N P K
1 70 65 230
2 60 45 190
3 50 35 150
4 40 201 1102
Top Dress 70
1. If soil P is greater than 15 mg/l, no fertilizer P is necessary.
2. If soil K is greater than 250 mg/l, no fertilizer K is necessary.
Nitrogen
Depending on soil fertility, apply 40 – 70 kg/ha N as a base dressing. Top dressings can be
applied up to 70 kg/ha but not later than mid-June.
Potassium
The preferred form of K for onions is sulphate of potash.
143"
146,20 Vegetables,"Scallions (Salad Onions)
Available N, P and K recommendations for scallion crops are shown in table 20-18.
Table 20-18: Available N, P and K advice for scallion crops (kg/ha)
Soil Index N P K
1 90 65 230
2 80 45 190
3 70 35 150
4 60 201 1102
Top Dress 60
1. If soil P is greater than 15 mg/l, no fertilizer P is necessary.
2. If soil K is greater than 250 mg/l, no fertilizer K is necessary.
Nitrogen
Apply 60 – 90 kg/ha N as a base dressing and up to 60 kg/ha as a top dressing. If over-
wintering use 30 kg/ha as a base dressing and up to 60 kg/ha as a top dressing.
Parsley
Available N, P and K recommendations for parsley crops are shown in table 20-19.
Table 20-19: Available N, P and K advice for parsley crops (kg/ha)
Soil Index N P K
1 100 65 250
2 80 45 200
3 60 35 170
4 40 201 1252
Top Dress 150
1. If soil P is greater than 15 mg/l, no fertilizer P is necessary.
2. If soil K is greater than 250 mg/l, no fertilizer K is necessary.
Nitrogen
Apply 40 – 100 kg/ha as a base dressing and up to 50 kg/ha N after each cut but top dressings
should not exceed 150 kg/ha in total.
144"
147,20 Vegetables,"Parsnips
Available N, P and K recommendations for parsnip crops are shown in table 20-20.
Table 20-20: Available N, P and K advice for parsnip crops (kg/ha)
Soil Index N P K
1 100 65 250
2 85 45 200
3 70 35 170
4 50 201 1252
Top Dress 70
1. If soil P is greater than 15 mg/l, no fertilizer P is necessary.
2. If soil K is greater than 250 mg/l, no fertilizer K is necessary.
Nitrogen
Depending on soil fertility 50 – 100 kg/ha N should be applied as a base dressing and up to 70
kg/ha N may be applied as a top dressing.
Market Peas
Available N, P and K recommendations for market pea crops are shown in table 20-21.
Table 20-21: Available N, P and K advice for market pea crops (kg/ha)
Soil Index N P K
1 0 65 160
2 0 45 120
3 0 35 80
4 0 201 402
1. If soil P is greater than 15 mg/l, no fertilizer P is necessary.
2. If soil K is greater than 250 mg/l, no fertilizer K is necessary.
Nitrogen
No N required as peas are a nitrogen fixing crop.
145"
148,20 Vegetables,"Rhubarb
Available N, P and K recommendations for rhubarb crops are shown in table 20-22.
Table -20-22: Available N, P and K advice for rhubarb crops (kg/ha)
Soil Index N P K
1 100 65 250
2 90 45 200
3 80 35 170
4 70 201 1252
Top Dress 200
1. If soil P is greater than 15 mg/l, no fertilizer P is necessary.
2. If soil K is greater than 250 mg/l, no fertilizer K is necessary.
Nitrogen
Depending on soil fertility apply 70 – 100 kg/ha N as a base dressing. Top dress with up to
100 kg/ha after pulling, to a maximum total N application of 200 kg/ha N.
Spinach
Available N, P and K recommendations for spinach crops are shown in table 20-23.
Table 20-23: Available N, P and K advice for spinach crops (kg/ha)
Soil Index N P K
1 140 65 250
2 125 45 200
3 105 35 170
4 90 201 1252
Top Dress 100
1. If soil P is greater than 15 mg/l, no fertilizer P is necessary.
2. If soil K is greater than 250 mg/l, no fertilizer K is necessary.
Nitrogen
Depending on soil fertility, apply 90 – 140 kg/ha as a base dressing. Up to 100 kg/ha may be
used as a top dressing.
Boron
Spinach requires B which can be supplied in a boronated compound fertilizer.
146"
149,20 Vegetables,"Swedes
Available N, P and K recommendations for swede crops are shown in table 20-24.
Table20-24-: Available N, P and K advice for swede crops (kg/ha)
Soil Index N P K
1 70 70 250
2 45 60 200
3 25 45 170
4 20 351 1252
Top Dress 30
1. If soil P is greater than 15 mg/l, no fertilizer P is necessary.
2. If soil K is greater than 250 mg/l, no fertilizer K is necessary.
Nitrogen
Swedes are not a high nitrogen demanding crop. Depending on soil fertility, apply from 0 - 70
kg/ha N as a base dressing. Top-dressings of N are not usually required but where crops are
backward, top dress with up to 30 kg/ha N.
Available N, P and K recommendations for early swede crops are shown in table 20-25.
Table 20-25: Available N, P and K advice for early swede crops (kg/ha)
Soil Index N P K
1 90 70 250
2 60 60 200
3 30 45 170
4 0 351 1252
1. If soil P is greater than 15 mg/l, no fertilizer P is necessary.
2. If soil K is greater than 250 mg/l, no fertilizer K is necessary.
Nitrogen
Early swedes require more N than main crop. Depending on soil fertility, apply from 0 - 90
kg/ha N as a base dressing.
Boron
Boron is an issue with both early and main crop swedes. Boron deficiency can cause ‘Brown
Heart’, a serious problem particularly on soils of high pH. Use of boronated compound
fertilizer is advised or alternatively 11 – 22 kg/ha Solubor DF (17.5% B) can be applied.
Monitor crops and apply foliar B during the growing season if required.
147"
150,21 Fruit Crops,"20.4 Micronutrients for Vegetables
Effect of soil pH
The pH of the soil affects the uptake of most mineral elements. There is a range of pH values
within which the element is readily available and outside of which it becomes increasingly
unavailable. The reactions are complex but to simplify: under very acid conditions, i.e. below
pH 5.0, Mn and AI are released and taken up by the plant to produce toxicities of both
elements. Aluminium toxicity reduces the uptake of P, and under these conditions both Ca
and Mo are less available and are likely to be deficient. Under high pH conditions, i.e. above
7.5, Mn, Cu, Fe, Zn and B are all more likely to be deficient.
Boron
Swedes are very prone to boron deficiency and can also show up in other brassicas, celery,
carrots and beet crops.
Solubility of B is pH dependent and B deficiency problems are more frequent on alkaline
soils, with greatest severity at pH 7.0 and above. Boron deficiency is also common on light
free-draining soils.
In mineral soils, a soil content of 1 mg/l B is satisfactory and less than 0.5 mg/l is potentially
deficient. In peat soils, a content of 1-3 mg/l B is satisfactory and one with less than 1 mg /l B
is potentially deficient.
Boron levels in soil can be maintained by applying 2-4 kg/ha of B as Solubor DF (17.5%) at
11-22 kg/ha. Boronated compounds containing 0.33% B applied at 625 kg/ha supplies the
equivalent of 2.0 kg/ha of B.
Likely crop responses to boron are shown in Table 20-26.
Table 20-26: Vegetable crops and the likelihood of response to B on deficient soils
Response Vegetable crop
High Asparagus, beet, brassicas, carrot, celery
Medium Lettuce, onion
Low to none Beans, peas, potato
148"
151,21 Fruit Crops,"Copper
Copper deficiency in vegetables is usually only a problem in peat soils, especially in the early
stages of reclamation of peat soils. On such soils all crops should receive 20-60 kg/ha Cu as a
base dressing of copper sulphate (25% Cu). Maintenance dressings of copper sulphate should
be applied during the rotation of crops susceptible to copper deficiency.
Crops response to copper on peat soils are shown on Table 20-27.
Table 20-27: Vegetable crops and the likelihood of response to Cu on peat soils
Response Vegetable Crop
High Beet, carrot, lettuce, onion, spinach
Medium Cabbage, cauliflower, celery, pea, turnip
Low to None Beans, potato
Manganese
Deficiency of Mn occurs where soil pH and soil organic matter are high and where soils are
excessively drained. Manganese deficiency can be expected in peaty soils where pH is greater
than 6.0. On mineral soils it is most severe in sensitive crops at pH above 7.5. Manganese
deficiency is controlled by foliar spray applications of 2 kg/ha manganese sulphate (24.6%
Mn) in 1,000 litres of water.
Crop responses to Mn are shown in Table 20-28 for peat soils.
Table 20-28: Vegetable crops and the likelihood of response to Mn on peat soils
Response Vegetable crop
High Bean, lettuce, onion, pea, potato, spinach
Medium Beet, brassicas, carrot, celery
Low to none Asparagus, parsnip
Molybdenum
Molybdenum in acid soils tends to be unavailable to plants. Of the brassica crops cauliflower
is the most sensitive to molybdenum deficiency (‘whiptail’) especially on low pH ground.
Lettuce is also susceptible to molybdenum deficiency. Other types of brassica are not
normally affected. It can be prevented by normal liming practices. If required apply sodium
molybdate (39% molybdenum) as a soil application at 0.3 kg/ha or as a foliar spray at 3g in
10 litres of water applied as a high volume spray – 1000 l/ha. Do not tank mix with other
products.
149"
152,21 Fruit Crops,"Zinc
With the exception of sweetcorn zinc deficiency in vegetable crops is rare. Deficiency of Zn
can occur on alkaline soils, especially if heavy dressings of P fertilizer have been used. Peat
soils are deficient in most micronutrients and peat-grown plants often develop Zn deficiency.
Zinc deficiency can be controlled by 10-20 kg/ha of zinc sulphate (23% Zn) broadcast prior to
sowing. Foliar application of 4 kg zinc sulphate per ha in 1,000 litres of water can be used,
but for onions, soil applications are usually more effective.
Likely crop responses to zinc on deficient soils are shown in Table 20-29.
Table 20-29: Vegetable crops and the likelihood of response to Zn on deficient soils
Response Vegetable crop
High Beans, Sweetcorn
Medium Onion, potato
Low to none Asparagus, carrot, pea
An indication of the nutrients that are likely to affect the growth of different vegetable crops
is presented in Table 20-30.
Table 20-30: Susceptibility of the major vegetable crops to deficiency of Ca, Mg and the main
micronutrients
Susceptibility key
+++ = very susceptible, ++ moderately susceptible, + = least susceptible
Crop Ca Mg B Cu Mn Mo Zn
Asparagus - + +++ + + + +
Beans - ++ + + +++ ++ +++
Beetroot - ++ +++ +++ ++ ++ ++
B. sprouts +++ + +++ ++ ++ +++ -
Cabbage - ++ +++ ++ ++ +++ -
Calabrese - ++ +++ ++ ++ +++ -
Cauliflower - +++ +++ ++ ++ +++ -
Carrots - + +++ +++ ++ + +
Celery +++ + +++ ++ ++ +
Courgettes - - + - - - -
Leeks - + ++ - + - -
Lettuce +++ +++ ++ +++ +++ ++ -
Onions ++ ++ +++ +++ ++ +++
Parsnips + +
Peas ++ + ++ +++ ++ +
Potato (early) ++ +++ + +++ + ++
Spinach ++ ++ +++ +++ +++
Swedes + +++ ++ ++ ++
Sweetcorn + + ++ ++ + +++
150"
154,21 Fruit Crops,"Table 21-1: Available nitrogen applications for fruit crops (kg/ha)
Nature of Cultivated Area
CROP Grassed* Cultivated
Apples (dessert) 125 40
Apples (culinary) 125 70
Pears 140 100
Cherries 140 100
Plums 140 100
Blackcurrants - 110
Gooseberries - 80
Raspberries - 80
Strawberries - 50
Redcurrants - 80
Loganberries - 80
Blackberries - 80
* A hyphen in this column indicates that these crops should not be cultivated in grassed areas
Table 21-2: Available phosphorus applications for fruit crops (kg/ha)
P Index
CROP 1 2 3 4
Apples (dessert) 25 16 12 8
Apples (culinary) 20 12 10 8
Pears 16 8 4 0
Cherries 16 8 4 0
Plums 16 8 4 0
Blackcurrants 20 16 12 8
Gooseberries 20 16 12 8
Raspberries 20 16 12 8
Strawberries 16 8 4 0
Redcurrants 20 16 12 8
Loganberries 20 16 12 8
Blackberries 20 16 12 8
152"
155,21 Fruit Crops,"Table 21-3: Available potassium applications for fruit crops (kg/ha)
K Index
CROP 1 2 3 4
Apples (dessert) 110 70 50 30
Apples (culinary) 90 60 40 30
Pears 80 50 40 20
Cherries 80 50 40 20
Plums 80 50 40 20
Blackcurrants 90 60 45 30
Gooseberries 120 90 70 50
Raspberries 100 90 70 50
Strawberries 90 60 45 30
Redcurrants 120 70 60 50
Loganberries 90 60 45 30
Blackberries 90 60 45 30
153"
157,21 Fruit Crops,"Substrate strawberry production
When strawberries are grown in an inert substrate, a complete nutrient solution is required.
Normally a conductivity of 1.6-1.8 mS/cm (mili-siemens per cm) is maintained at full crop
growth and production for main crop ‘June bearers’ and the value should generally not
exceed 2.0 mS/cm.
Deficiency of iron and manganese can occur at high (alkaline) pH levels in the substrate.
Therefore nutrients will need to be adjusted depending on whether peat or coir substrates are
used.
Coir is usually supplied unfertilised and therefore needs wetting up before planting with a
feed solution for 2 – 3 days. It needs more calcium, magnesium and sulphur, but less boron
and potassium when used fresh. Owing to its inherently high pH, coir needs a lower solution
pH (5.3 – 5.8) than for peat pH (5.6 – 6.0). Furthermore, feed recipes also depend on the
chemical composition of the irrigation water which must be taken account of in the
fertigation programme.
Table 21-4: Guidelines for nutrient solution for strawberry production using substrates
Nutrient Nutrient solution optimum mg/l in dilute feed
Nitrogen (NO ) 110-140
3
Nitrogen (NH ) 7-14
4
Phosphorus (P) 46
Potassium (K) 140-250
Magnesium (Mg) 30-40
Calcium (Ca) 140-180
Sulphate (SO ) 50-100
4
Iron (Fe) 1.1-1.7
Zinc (Zn) 0.46-0.65
Boron (B) 0.11-0.17
Manganese (Mn) 0.55-1.11
Copper (Cu) 0.03
Molybdenum (Mo) 0.05
155"
162,22 Energy Crops,"Nutrient off-takes are confined to the amount of nutrients in the harvested crop as the
nutrients in leaves are returned to the soil. Final miscanthus harvest yields and consequent
nutrient offtake depends on crop productivity which depends largely on rainfall and
temperature in the case of miscanthus. Research from experiments conducted in Ireland (and
throughout Europe) show that typical nutrient offtake from productive crops (10-15t DM/ha)
are in the following ranges as shown in table 22-1.
Table 22-1:- Typical nutrient offtakes for miscanthus crops
yielding between 10 to 15 t/ha dry matter
Nutrient (kg ha)
N 65-100
P 10-15
K 85-130
Mg 8-12
Source Himken et al. 1997. Plant and Soil 189:117-126.
The offtake of potassium and nitrogen are broadly similar. A large number of N fertilizer
response trials have been conducted for miscanthus, and many trials to date show no response
to added N fertilizer. However, it must be pointed out that the trials conducted have been
almost exclusively conducted during the establishment phase of the crop (years 1-5) with
limited information being available on N responses of mature crops. No comprehensive
fertilizer trials with phosphorus and potassium have yet been conducted and additional
research is needed on the response of miscanthus to these elements.
Crop nutrient requirements ultimately depend on soil type, cropping history and nutrient
offtake. Growers are advised to carry out regular soil tests to determine the levels of
nutrients in the soil. The following preliminary nutrient advice has been developed for
miscanthus. This advice may change as additional information on the crop becomes available.
The philosophy is based on replacing nutrient removal by the crop.
It is not recommended to apply nitrogen fertilizer in the first two years of establishment as off
takes are low and generally there are sufficient nutrients in the soil. Typically, fertilizer
application during these years will only promote weed growth which will compete with the
growth of the young miscanthus plants and incur additional expenditure on herbicides.
Fertilizer requirements for subsequent years are summarised in the table 22-2.
Table 22-2:- Nitrogen guidance for miscanthus1 based on crop removal of 13 t/ha dry matter
Soils N index N P K2
1 100 33 120
2 80 23 75
3 50 13 40
4 30 0 0
1. Advice for miscanthus crops from 3 years post establishment onwards.
2. The use of Potassium (Potassium Chloride) should be avoided as the resultant high levels of
chloride can lead to corrosion in heating boilers.
160"
164,23-25 Appendices,"flora, lost to the atmosphere or bound up in the roots and leaves of the coppice although the
latter will eventually be recycled in the leaf litter and the root turnover.
Research data shows that the N removal by a standard willow crop (12 ton DM/ha/year)
under Irish conditions is approximately 100 kg/ha. However, as mentioned above this must
be adjusted to take account of the soil N supply, which is on average 140 kg/ha for Irish
grassland soils (Humphreys, 2007). Based on this information the recommended rates of N
for SRC willow are shown in Table 22-3.
Table 22-3:- Guidance for willow1 based on crop removal of 12 t/hadry matter
Soils N index N P K2
1 130 44 155
2 100 34 135
3 75 24 120
4 40 0 0
1. Adjust recommended rates of P by 2 kg/t or K by 10 kg/t based on crop yield potential.
2. The use of Potassium (Potassium Chloride) should be avoided as the resultant high levels of
chloride can lead to corrosion in heating boilers.
It is important to note that these figures need to be adjusted to reflect crop yield. For example
no N is required in the year following establishment.
Phosphorus (P)
Dawson (2007) indicated that one tonne of willow DM harvested removes approximately 2
kg of P. Therefore, the guidance P advice is 24 kg/ha where a standard annual DM removal is
12t/ha. This figure must be adjusted to take account of the soil P index. The P guidance
figures for willow based on soil P Index are summarised in Table 22-3.
Test soils once every 5 years to determine soil P levels. With the relatively low levels of
phosphorous removal in the harvested SRC the P status of the soil may well be the limiting
factor in recycling organic waste in most circumstances. As with N, the P advice will require
adjustments to crop yields in the establishment year and thereafter as crop yield potential will
vary.
Potassium (K)
Potassium will vary greatly depending on the soil type. There is the potential to balance most
of the potassium exported from the site at harvest by returning the ash to the site, after
conversion of the woodchip to energy. Consult a recent soil analysis to determine the K
application required.
Dawson (2007) indicates that one tonne of willow DM harvested removes approximately 10
kg of K. Therefore, the guidance K advice is 120 kg/ha where standard annual DM removal is
12 t/ha. This advice requires adjustment to take account of the soil K Index. The K guidance
figures for willow based on soil K Index is summarised in Table 22-3.
162"
165,23-25 Appendices,"22.3 Hemp
Cannabis saliva is an annual crop which has been grown widely across the world for
millennia. The crop can be grown for both fibre and seed and varieties have been developed
for both purposes. Hemp produces high yields of fibre which can be processed into a range
of products including twine, rope rigging and nets. Use of the crop was largely discontinued
during the 1930s. Renewed interest in hemp developed in the 1990s with the introduction of
new varieties. Current uses for hemp for hemp fibre, include insulation, animal bedding,
clothing and automotive parts, oil from hemp seed is valued because of its high nutritional
value. Teagasc research in the late 1990s established that high biomass yields of hemp could
be obtained at relatively low levels of inputs. These findings led to interest in hemp as a
bioenergy feedstock.
Soils
Hemp can be grown on a wide range of soil types. However, well drained soils with good
moisture and nutrient retention are preferred, as hemp is sensitive to water-logging as well as
compaction. Soil pH greater than 6 is recommended.
Nutrient requirement
Teagasc research during the 1990s on a good soil in Co. Laois showed that respectable yields
(>12 tonnes/ha) could be obtained with 120 kg N/ha. Nitrogen is generally applied to the
seedbed before or during sowing. More recently Teagasc research showed that yield increases
with nitrogen application rate up to 120 kg N/ha but that the application of N at times later
than sowing or in splits had no effect on biomass yield compared to the practise of applying
N at the time of sowing. Teagasc research on the effects of K fertilization on hemp yields
showed that there was no significant relationship between hemp yield and either K
fertilization rate or the level of soil K. No yield response can be expected on sites with
moderate or high levels of soil K (>101 mg/L; Morgan’s Test) and the optimum K
fertilization strategy for hemp crops grown on these soils is to replace offtakes after harvest.
Hemp crops grown on soils with lower levels of soil K (Index 1 or 2) may show a response to
K and may require fertilization before sowing.
Table 22-4 Shows preliminary advice based on crop yield for crops grown for fibre and seed
below.
Table 22-4: Nutrient guidelines for hemp1 crops grown for fibre
Soils N index N P K2
1 120 50 75
2 105 40 60
3 90 30 45
4 75 0 0
1. Nutrient guidelines based on a hemp crop yielding 12 t/ha dry matter.
2. The use of Potassium (Potassium Chloride) should be avoided as the resultant high levels of
chloride can lead to corrosion in heating boilers.
163"
167,23-25 Appendices,"Table 23-1: Nutrient concentrations in plants
Nutrient Concentration in recently mature leaves
Deficient Low Sufficient Toxic
Major Elements Units: g/kg in dry matter
Nitrogen < 20 20 – 30 30 – 40 -
Phosphorus < 1 1 – 3 3 – 4 -
Potassium < 20 20 - 30 30 - 60
Magnesium < 1 1 - 3 3 - 6 -
Micronutrients Units: mg/kg in dry matter
Boron < 15 15 - 30 30 -60 >200
Copper < 4 5 - 10 10 - 20 >20
Manganese < 20 20 - 30 30 - 100 >500
Molybdenum < 0.1 0.5 -
Zinc < 20 20 - 30 30 - 60 >400
165"
174,23-25 Appendices,"Appendix 1. Dimensions and Units
Table A1.1: Calculation of organic stocking rates based on annual nutrient excretion
rates for livestock, as specified in the NAP regulations.
Livestock Type Total Nitrogen (kg/year)
Dairy cow 85
Suckler cow 65
Cattle (0-1 year old) 24
Cattle (1-2 year old) 57
Cattle > 2 years 65
Mountain ewe & lambs 7
Lowland ewe & lambs 13
Mountain Hogget 4
Lowland Hogget 6
Goat 9
Horse (>3 years old) 50
Horse (2-3 years old) 44
Horse (1-2 years old) 36
Horse foal (< 1 year old) 25
Donkey / small pony 30
Deer (red) 6 months – 2 years 13
Deer (red) > 2 years 25
Deer (fallow) 6 months – 2 years 7
Deer (fallow) > 2 years 13
Deer (sika) 6 months – 2 years 6
Deer (sika) > 2 years 10
Breeding unit (per sow place) 35
Integrated unit (per sow place) 87
Finishing unit (per pig place) 9.2
Laying hen per bird place 0.56
Broiler per bird place 0.24
Turkey per bird place 1
172"
175,23-25 Appendices,"Table A1.2: Conversion of metric to traditional/imperial units.
Usage Metric Imperial / Traditional
173
setaR
1 tonne/ha 0.398 tons/acre
100 kg/ha 80.9 units/acre
1 kg/tonne 2.03 units/ton
1 m3/ha or 1000 l/ha 89.0 gallons/acre
1 kg/m3 9.09 units/1000 gallons
kg/tonne (w/w basis) to kg/m3 (w/v Multiply by specific gravity
basis)
htgneL
1 kilometre 0.621 mile
1 metre 1.09 yards
1 metre 3.28 feet
1 centimetre 0.394 inch
aerA
1 square kilometre 0.386 square miles
1 square kilometre 247 acres
1 hectare 2.47 acres
1 square metre 1.20 square yards
1 square metre 10.8 square feet
1 square centimetre 0.155 square inches
emuloV
1 cubic metre 1.31 cubic yards
1 cubic metre 220 gallons
1 litre 0.220 gallons
1 litre 0.880 quarts
1 litre 1.76 pints
thgieW
1 tonne 0.984 tons
1 tonne 19.7 hundredweights
1 kilogram 0.157 stones
1 kilogram 2.20 pounds
1 kilogram 32.3 ounces
1 kilogram 2.00 units"
176,23-25 Appendices,"Table A1.3: Conversion of traditional/imperial units to metric units
Usage Imperial / Traditional Metric
174
setaR
1 ton/acre 2.51 tonnes/ha
100 units/acre 124 kg/ha
1 unit/ton 0.492 kg/tonne
1000 gallons/acre 11.2 m3/ha or 11,200 l/ha
1 unit/1000 gallons 0.110 kg/m3
Kg/m3 (w/v basis) to Divide by specific gravity
kg/tonne (w/w basis)
htgneL
1 mile 1.61 kilometres
1 yard 0.914 metres
1 foot 0.305 metres
1 inch 2.54 centimetres
aerA
1 square mile 2.59 square kilometres
1 acre 0.00405 square kilometres
1 acre 0.405 hectares
1 square yard 0.836 square metres
1 square foot 0.0929 square metres
1 square inch 6.45 square centimetres
emuloV
1 cubic yard 0.765 cubic metres
1 gallon 0.00455 cubic metres
1 gallon 4.55 litres
1 quart 1.18 litres
1 pint 0.568 litres
thgieW
1 ton 1.02 tonnes
1 hundredweight 0.0580 tonnes
1 stone 6.35 kilograms
1 pound 0.454 kilograms
1 ounce 0.0283 kilograms
1 unit 0.500 kilograms"
177,23-25 Appendices,"Table A1.4: Element to oxide
P to P O Multiply by 2.291
2 5
K to K O Multiply by 1.205
2
Mg to MgO Multiply by 1.658
S to SO Multiply by 2.500
3
Na to Na O Multiply by 1.348
2
Na to salt Multiply by 2.542
Table A1.5: Oxide to element
P O to P Multiply by 0.436
2 5
K O to K Multiply by 0.830
2
MgO to Mg Multiply by 0.603
SO to S Multiply by 0.400
3
Na O to Na Multiply by 0.742
2
Salt to Na Multiply by 0.393
175"
178,23-25 Appendices,"Appendix 2. Quick Guide to Texture Classes
Table A2 - 1 Assessing the texture of soils (Diamond, 2001)
Criteria Texture
Sand/gravel Loamy Clayey Peat
General Predominantly Crumbly, Smooth and Dark brown to
rough and gritty, neither smooth silky or black colour.
porous nor rough buttery Obviously of
exclusively
organic origin.
Very low bulk
density when dry.
Ease of moulding Difficult to roll Moulds into a Moulds like
wet soil into a ball ball which plasticine,
does not polish polishes, and
or feel sticky feels sticky
Mineral soil Large, individual Medium-sized Small, Absent
particles particles visible individual
particles
invisible
Water absorption Low (prone to Medium High Very high
capacity moisture deficit
in dry
conditions)
Workability Good in all Good in all Poor in wet
weather weather conditions
conditions conditions
176"
